java.util.concurrent.ForkJoinWorkerThread.run;java.util.concurrent.ForkJoinPool.runWorker;java.util.concurrent.ForkJoinPool$WorkQueue.topLevelExec;java.util.concurrent.ForkJoinTask.doExec;java.util.concurrent.CompletableFuture$AsyncSupply.exec;java.util.concurrent.CompletableFuture$AsyncSupply.run;org.codehaus.groovy.vmplugin.v9.Java9$$Lambda/0x000001f9e61e0458.get;org.codehaus.groovy.vmplugin.v9.Java9.lambda$getDefaultImportClasses$1;org.codehaus.groovy.vmplugin.v9.Java9.doFindClasses;java.lang.invoke.MethodHandleNatives.linkCallSite;java.lang.invoke.MethodHandleNatives.linkCallSiteImpl;java.lang.invoke.CallSite.makeSite;java.lang.invoke.BootstrapMethodInvoker.invoke;java.lang.invoke.Invokers$Holder.invokeExact_MT;java.lang.invoke.LambdaForm$DMH/0x000001f9e603c400.invokeStatic;java.lang.invoke.LambdaMetafactory.metafactory;java.lang.invoke.InnerClassLambdaMetafactory.buildCallSite;java.lang.invoke.InnerClassLambdaMetafactory.spinInnerClass;java.lang.invoke.InnerClassLambdaMetafactory.generateInnerClass;java.util.Set.of;java.util.ImmutableCollections$Set12.<init>,0.0000
java.util.concurrent.ForkJoinWorkerThread.run;java.util.concurrent.ForkJoinPool.runWorker;java.util.concurrent.ForkJoinPool$WorkQueue.topLevelExec;java.util.concurrent.ForkJoinTask.doExec;java.util.concurrent.CompletableFuture$AsyncSupply.exec;java.util.concurrent.CompletableFuture$AsyncSupply.run;org.codehaus.groovy.vmplugin.v9.Java9$$Lambda/0x000001f9e61e0458.get;org.codehaus.groovy.vmplugin.v9.Java9.lambda$getDefaultImportClasses$1;org.codehaus.groovy.vmplugin.v9.Java9.doFindClasses;org.codehaus.groovy.vmplugin.v9.ClassFinder.find;org.codehaus.groovy.vmplugin.v9.ClassFinder.find;java.nio.file.Files.walkFileTree;java.nio.file.Files.walkFileTree;java.nio.file.FileTreeWalker.next;java.nio.file.FileTreeWalker.visit;java.nio.file.FileTreeWalker.getAttributes;java.nio.file.Files.readAttributes;jdk.nio.zipfs.ZipFileSystemProvider.readAttributes;jdk.nio.zipfs.ZipPath.readAttributes;jdk.nio.zipfs.ZipPath.readAttributes;jdk.nio.zipfs.ZipFileSystem.getFileAttributes;jdk.nio.zipfs.ZipFileSystem$Entry.<init>;jdk.nio.zipfs.ZipFileSystem$Entry.readCEN;jdk.nio.zipfs.ZipUtils.dosToJavaTime;java.time.zone.ZoneRules.getOffset;java.time.zone.ZoneRules.getOffsetInfo;java.util.Arrays.binarySearch;java.util.Arrays.binarySearch0;java.time.LocalDateTime.compareTo;java.time.LocalDateTime.compareTo;java.time.LocalDateTime.compareTo0;java.time.LocalDateTime.toLocalDate,0.0000
java.util.concurrent.ForkJoinWorkerThread.run;java.util.concurrent.ForkJoinPool.runWorker;java.util.concurrent.ForkJoinPool$WorkQueue.topLevelExec;java.util.concurrent.ForkJoinTask.doExec;java.util.concurrent.CompletableFuture$AsyncSupply.exec;java.util.concurrent.CompletableFuture$AsyncSupply.run;org.codehaus.groovy.vmplugin.v9.Java9$$Lambda/0x000001f9e61e0458.get;org.codehaus.groovy.vmplugin.v9.Java9.lambda$getDefaultImportClasses$1;org.codehaus.groovy.vmplugin.v9.Java9.doFindClasses;org.codehaus.groovy.vmplugin.v9.ClassFinder.find;org.codehaus.groovy.vmplugin.v9.ClassFinder.find;org.codehaus.groovy.vmplugin.v9.ClassFinder.maybeNewFileSystem;java.nio.file.FileSystems.newFileSystem;java.nio.file.FileSystems.newFileSystem;jdk.nio.zipfs.ZipFileSystemProvider.newFileSystem;jdk.nio.zipfs.ZipFileSystemProvider.getZipFileSystem;jdk.nio.zipfs.ZipFileSystem.<init>;java.security.AccessController.doPrivileged;java.security.AccessController.executePrivileged;jdk.nio.zipfs.ZipFileSystem$$Lambda/0x000001f9e61e6740.run;jdk.nio.zipfs.ZipFileSystem.lambda$new$1;java.nio.file.Files.isWritable;sun.nio.fs.AbstractFileSystemProvider.isWritable;sun.nio.fs.WindowsFileSystemProvider.checkAccess;sun.nio.fs.WindowsFileSystemProvider.hasDesiredAccess,0.0000
java.util.concurrent.ForkJoinWorkerThread.run;java.util.concurrent.ForkJoinPool.runWorker;java.util.concurrent.ForkJoinPool$WorkQueue.topLevelExec;java.util.concurrent.ForkJoinTask.doExec;java.util.concurrent.CompletableFuture$AsyncSupply.exec;java.util.concurrent.CompletableFuture$AsyncSupply.run;org.codehaus.groovy.vmplugin.v9.Java9$$Lambda/0x000001f9e61e0458.get;org.codehaus.groovy.vmplugin.v9.Java9.lambda$getDefaultImportClasses$1;org.codehaus.groovy.vmplugin.v9.Java9.doFindClasses;org.codehaus.groovy.vmplugin.v9.ClassFinder.find;org.codehaus.groovy.vmplugin.v9.ClassFinder.find;org.codehaus.groovy.vmplugin.v9.ClassFinder.maybeNewFileSystem;java.nio.file.FileSystems.newFileSystem;java.nio.file.FileSystems.newFileSystem;jdk.nio.zipfs.ZipFileSystemProvider.newFileSystem;jdk.nio.zipfs.ZipFileSystemProvider.getZipFileSystem;jdk.nio.zipfs.ZipFileSystem.<init>;jdk.nio.zipfs.ZipFileSystem.initCEN;jdk.nio.zipfs.ZipFileSystem$IndexNode.pathHasDotOrDotDot,0.0000
java.util.concurrent.ForkJoinWorkerThread.run;java.util.concurrent.ForkJoinPool.runWorker;java.util.concurrent.ForkJoinPool$WorkQueue.topLevelExec;java.util.concurrent.ForkJoinTask.doExec;java.util.concurrent.CompletableFuture$AsyncSupply.exec;java.util.concurrent.CompletableFuture$AsyncSupply.run;org.codehaus.groovy.vmplugin.v9.Java9$$Lambda/0x000001f9e61e0458.get;org.codehaus.groovy.vmplugin.v9.Java9.lambda$getDefaultImportClasses$1;org.codehaus.groovy.vmplugin.v9.Java9.doFindClasses;org.codehaus.groovy.vmplugin.v9.ClassFinder.find;org.codehaus.groovy.vmplugin.v9.ClassFinder.find;java.nio.file.Files.walkFileTree;java.nio.file.Files.walkFileTree;java.nio.file.FileTreeWalker.walk;java.nio.file.FileTreeWalker.visit;java.nio.file.FileTreeWalker.getAttributes;java.nio.file.Files.readAttributes;jdk.nio.zipfs.ZipFileSystemProvider.readAttributes;jdk.nio.zipfs.ZipPath.readAttributes;jdk.nio.zipfs.ZipPath.readAttributes;jdk.nio.zipfs.ZipFileSystem.getFileAttributes;jdk.nio.zipfs.ZipFileSystem$Entry.<init>;jdk.nio.zipfs.ZipFileSystem$Entry.readCEN;java.lang.ClassLoader.loadClass;jdk.internal.loader.BuiltinClassLoader.loadClass;jdk.internal.loader.BuiltinClassLoader.loadClassOrNull;jdk.internal.loader.BuiltinClassLoader.findClassInModuleOrNull;jdk.internal.loader.BuiltinClassLoader.defineClass;java.security.SecureClassLoader.defineClass;java.lang.ClassLoader.defineClass;java.lang.ClassLoader.defineClass2,0.0000
java.lang.Thread.run;java.lang.Thread.runWith;org.apache.maven.surefire.booter.CommandReader$CommandRunnable.run;org.apache.maven.surefire.booter.spi.CommandChannelDecoder.decode;org.apache.maven.surefire.booter.stream.CommandDecoder.decode;org.apache.maven.surefire.api.stream.AbstractStreamDecoder.readMessageType;org.apache.maven.surefire.api.stream.AbstractStreamDecoder.read;org.apache.maven.surefire.api.stream.AbstractStreamDecoder.read;org.apache.maven.surefire.api.util.internal.AbstractNoninterruptibleReadableChannel.read;org.apache.maven.surefire.api.util.internal.Channels$3.readImpl;java.io.BufferedInputStream.read;java.io.BufferedInputStream.implRead;java.io.BufferedInputStream.read1;java.io.BufferedInputStream.fill;java.io.BufferedInputStream.read;java.io.BufferedInputStream.implRead;java.io.BufferedInputStream.read1;java.lang.System$In.read;java.io.FileInputStream.read;java.io.FileInputStream.readBytes,0.0000
java.util.concurrent.ForkJoinWorkerThread.run;java.util.concurrent.ForkJoinPool.runWorker;java.util.concurrent.ForkJoinPool$WorkQueue.topLevelExec;java.util.concurrent.ForkJoinTask.doExec;java.util.concurrent.CompletableFuture$AsyncSupply.exec;java.util.concurrent.CompletableFuture$AsyncSupply.run;org.codehaus.groovy.vmplugin.v9.Java9$$Lambda/0x000001f9e61e0230.get;org.codehaus.groovy.vmplugin.v9.Java9.lambda$getDefaultImportClasses$0;org.codehaus.groovy.vmplugin.v9.Java9.doFindClasses;org.codehaus.groovy.vmplugin.v9.ClassFinder.find;org.codehaus.groovy.vmplugin.v9.ClassFinder.find;java.nio.file.Files.walkFileTree;java.nio.file.Files.walkFileTree;org.codehaus.groovy.vmplugin.v9.ClassFinder$1.visitFile;org.codehaus.groovy.vmplugin.v9.ClassFinder$1.visitFile,0.0000
java.util.concurrent.ForkJoinWorkerThread.run;java.util.concurrent.ForkJoinPool.runWorker;java.util.concurrent.ForkJoinPool$WorkQueue.topLevelExec;java.util.concurrent.ForkJoinTask.doExec;java.util.concurrent.CompletableFuture$AsyncSupply.exec;java.util.concurrent.CompletableFuture$AsyncSupply.run;org.codehaus.groovy.vmplugin.v9.Java9$$Lambda/0x000001f9e61e0230.get;org.codehaus.groovy.vmplugin.v9.Java9.lambda$getDefaultImportClasses$0;org.codehaus.groovy.vmplugin.v9.Java9.doFindClasses;org.codehaus.groovy.vmplugin.v9.ClassFinder.find;org.codehaus.groovy.vmplugin.v9.ClassFinder.find;java.nio.file.Files.walkFileTree;java.nio.file.Files.walkFileTree;org.codehaus.groovy.vmplugin.v9.ClassFinder$1.visitFile;org.codehaus.groovy.vmplugin.v9.ClassFinder$1.visitFile;java.lang.String.split;java.lang.String.split;java.util.regex.Pattern.compile;java.util.regex.Pattern.<init>;java.util.regex.Pattern.compile;java.util.regex.Pattern.expr;java.util.regex.Pattern.sequence;java.util.regex.Pattern.atom;java.util.regex.Pattern.newCharProperty;java.util.regex.Pattern$BmpCharProperty.<init>,0.0000
java.util.concurrent.ForkJoinWorkerThread.run;java.util.concurrent.ForkJoinPool.runWorker;java.util.concurrent.ForkJoinPool$WorkQueue.topLevelExec;java.util.concurrent.ForkJoinTask.doExec;java.util.concurrent.CompletableFuture$AsyncSupply.exec;java.util.concurrent.CompletableFuture$AsyncSupply.run;org.codehaus.groovy.vmplugin.v9.Java9$$Lambda/0x000001f9e61e0230.get;org.codehaus.groovy.vmplugin.v9.Java9.lambda$getDefaultImportClasses$0;org.codehaus.groovy.vmplugin.v9.Java9.doFindClasses;org.codehaus.groovy.vmplugin.v9.ClassFinder.find;org.codehaus.groovy.vmplugin.v9.ClassFinder.find;java.nio.file.Files.walkFileTree;java.nio.file.Files.walkFileTree;java.nio.file.FileTreeWalker.next;java.nio.file.FileTreeWalker.visit;java.nio.file.FileTreeWalker.getAttributes;java.nio.file.Files.readAttributes;jdk.internal.jrtfs.JrtFileSystemProvider.readAttributes;jdk.internal.jrtfs.JrtPath.getAttributes;jdk.internal.jrtfs.JrtFileSystem.getFileAttributes;jdk.internal.jrtfs.JrtFileSystem.checkNode;jdk.internal.jrtfs.JrtFileSystem.lookup;jdk.internal.jrtfs.SystemImage$1.findNode;jdk.internal.jimage.ImageReader.findNode;jdk.internal.jimage.ImageReader$SharedImageReader.findNode;jdk.internal.jimage.ImageReader$SharedImageReader.buildNode;jdk.internal.jimage.ImageReader$SharedImageReader.handleModulesSubTree;jdk.internal.jimage.ImageReader$SharedImageReader.visitLocation;jdk.internal.jimage.ImageReader$SharedImageReader$$Lambda/0x000001f9e61f4da0.visit;jdk.internal.jimage.ImageReader$SharedImageReader.lambda$handleModulesSubTree$1;jdk.internal.jimage.ImageReader$SharedImageReader.newResource;jdk.internal.jimage.ImageReader$Resource.create;jdk.internal.jimage.ImageReader$Resource.<init>;jdk.internal.jimage.ImageLocation.getFullName;jdk.internal.jimage.ImageLocation.getParent,0.0000
java.util.concurrent.ForkJoinWorkerThread.run;java.util.concurrent.ForkJoinPool.runWorker;java.util.concurrent.ForkJoinPool$WorkQueue.topLevelExec;java.util.concurrent.ForkJoinTask.doExec;java.util.concurrent.CompletableFuture$AsyncSupply.exec;java.util.concurrent.CompletableFuture$AsyncSupply.run;org.codehaus.groovy.vmplugin.v9.Java9$$Lambda/0x000001f9e61e0230.get;org.codehaus.groovy.vmplugin.v9.Java9.lambda$getDefaultImportClasses$0;org.codehaus.groovy.vmplugin.v9.Java9.doFindClasses;java.lang.invoke.MethodHandleNatives.linkCallSite;java.lang.invoke.MethodHandleNatives.linkCallSiteImpl;java.lang.invoke.CallSite.makeSite;java.lang.invoke.BootstrapMethodInvoker.invoke;java.lang.invoke.Invokers$Holder.invokeExact_MT;java.lang.invoke.LambdaForm$DMH/0x000001f9e603c400.invokeStatic;java.lang.invoke.LambdaMetafactory.metafactory;java.lang.invoke.InnerClassLambdaMetafactory.buildCallSite;java.lang.invoke.InnerClassLambdaMetafactory.spinInnerClass;java.lang.invoke.InnerClassLambdaMetafactory.generateInnerClass;java.lang.invoke.MethodHandles$Lookup$ClassDefiner.defineClass;java.lang.System$2.defineClass;java.lang.ClassLoader.defineClass0,0.0000
java.util.concurrent.ForkJoinWorkerThread.run;java.util.concurrent.ForkJoinPool.runWorker;java.util.concurrent.ForkJoinPool$WorkQueue.topLevelExec;java.util.concurrent.ForkJoinTask.doExec;java.util.concurrent.CompletableFuture$AsyncSupply.exec;java.util.concurrent.CompletableFuture$AsyncSupply.run;org.codehaus.groovy.vmplugin.v9.Java9$$Lambda/0x000001f9e61e0230.get;org.codehaus.groovy.vmplugin.v9.Java9.lambda$getDefaultImportClasses$0;org.codehaus.groovy.vmplugin.v9.Java9.doFindClasses;org.codehaus.groovy.vmplugin.v9.ClassFinder.find;org.codehaus.groovy.vmplugin.v9.ClassFinder.find;java.nio.file.Files.walkFileTree;java.nio.file.Files.walkFileTree;java.nio.file.FileTreeWalker.next;java.nio.file.FileTreeWalker.visit;java.nio.file.FileTreeWalker.getAttributes;java.nio.file.Files.readAttributes;jdk.internal.jrtfs.JrtFileSystemProvider.readAttributes;jdk.internal.jrtfs.JrtPath.getAttributes;jdk.internal.jrtfs.JrtFileSystem.getFileAttributes;jdk.internal.jrtfs.JrtFileSystem.checkNode;jdk.internal.jrtfs.JrtFileSystem.lookup;jdk.internal.jrtfs.SystemImage$1.findNode;jdk.internal.jimage.ImageReader.findNode;jdk.internal.jimage.ImageReader$SharedImageReader.findNode;jdk.internal.jimage.ImageReader$SharedImageReader.buildNode;jdk.internal.jimage.ImageReader$SharedImageReader.handleModulesSubTree;jdk.internal.jimage.ImageReader$SharedImageReader.visitLocation;java.nio.ByteBufferAsIntBufferL.get;jdk.internal.misc.ScopedMemoryAccess.getIntUnaligned;jdk.internal.misc.ScopedMemoryAccess.getIntUnalignedInternal,0.0000
java.lang.ref.Reference$ReferenceHandler.run;java.lang.ref.Reference.processPendingReferences;java.lang.ref.Reference.waitForReferencePendingList,0.0000
java.lang.ref.Reference$ReferenceHandler.run;java.lang.ref.Reference.processPendingReferences;java.lang.ref.Reference.enqueueFromPending;java.lang.ref.ReferenceQueue.enqueue;java.lang.ref.ReferenceQueue.enqueue0;java.lang.ref.ReferenceQueue.signal;java.util.concurrent.locks.AbstractQueuedSynchronizer$ConditionObject.signalAll,0.0000
org.apache.maven.surefire.booter.ForkedBooter.main;org.apache.maven.surefire.booter.ForkedBooter.run;org.apache.maven.surefire.booter.ForkedBooter.execute;org.apache.maven.surefire.booter.ForkedBooter.runSuitesInProcess;org.apache.maven.surefire.junitplatform.JUnitPlatformProvider.invoke;org.apache.maven.surefire.junitplatform.JUnitPlatformProvider.invokeAllTests;org.apache.maven.surefire.junitplatform.JUnitPlatformProvider.execute;org.apache.maven.surefire.junitplatform.LazyLauncher.execute;org.junit.platform.launcher.core.DelegatingLauncher.execute;org.junit.platform.launcher.core.DefaultLauncher.execute;org.junit.platform.launcher.core.DefaultLauncher.execute;org.junit.platform.launcher.core.EngineExecutionOrchestrator.execute;org.junit.platform.launcher.core.EngineExecutionOrchestrator.withInterceptedStreams;org.junit.platform.launcher.core.EngineExecutionOrchestrator$$Lambda/0x000001f9e60a6e28.accept;org.junit.platform.launcher.core.EngineExecutionOrchestrator.lambda$execute$0;org.junit.platform.launcher.core.EngineExecutionOrchestrator.execute;org.junit.platform.launcher.core.EngineExecutionOrchestrator.execute;org.junit.platform.launcher.core.EngineExecutionOrchestrator.execute;org.junit.platform.engine.support.hierarchical.HierarchicalTestEngine.execute;org.junit.platform.engine.support.hierarchical.HierarchicalTestExecutor.execute;org.junit.platform.engine.support.hierarchical.SameThreadHierarchicalTestExecutorService.submit;org.junit.platform.engine.support.hierarchical.NodeTestTask.execute;org.junit.platform.engine.support.hierarchical.NodeTestTask.executeRecursively;org.junit.platform.engine.support.hierarchical.ThrowableCollector.execute;org.junit.platform.engine.support.hierarchical.NodeTestTask$$Lambda/0x000001f9e60b6e68.execute;org.junit.platform.engine.support.hierarchical.NodeTestTask.lambda$executeRecursively$9;org.junit.platform.engine.support.hierarchical.Node.around;org.junit.platform.engine.support.hierarchical.NodeTestTask$$Lambda/0x000001f9e60b7290.invoke;org.junit.platform.engine.support.hierarchical.NodeTestTask.lambda$executeRecursively$8;org.junit.platform.engine.support.hierarchical.ThrowableCollector.execute;org.junit.platform.engine.support.hierarchical.NodeTestTask$$Lambda/0x000001f9e60b74b8.execute;org.junit.platform.engine.support.hierarchical.NodeTestTask.lambda$executeRecursively$6;org.junit.platform.engine.support.hierarchical.SameThreadHierarchicalTestExecutorService.invokeAll;java.util.ArrayList.forEach;org.junit.platform.engine.support.hierarchical.SameThreadHierarchicalTestExecutorService$$Lambda/0x000001f9e60bc000.accept;org.junit.platform.engine.support.hierarchical.NodeTestTask.execute;org.junit.platform.engine.support.hierarchical.NodeTestTask.executeRecursively;org.junit.platform.engine.support.hierarchical.ThrowableCollector.execute;org.junit.platform.engine.support.hierarchical.NodeTestTask$$Lambda/0x000001f9e60b6e68.execute;org.junit.platform.engine.support.hierarchical.NodeTestTask.lambda$executeRecursively$9;org.junit.platform.engine.support.hierarchical.Node.around;org.junit.platform.engine.support.hierarchical.NodeTestTask$$Lambda/0x000001f9e60b7290.invoke;org.junit.platform.engine.support.hierarchical.NodeTestTask.lambda$executeRecursively$8;org.junit.platform.engine.support.hierarchical.ThrowableCollector.execute;org.junit.platform.engine.support.hierarchical.NodeTestTask$$Lambda/0x000001f9e60b74b8.execute;org.junit.platform.engine.support.hierarchical.NodeTestTask.lambda$executeRecursively$6;org.junit.platform.engine.support.hierarchical.SameThreadHierarchicalTestExecutorService.invokeAll;java.util.ArrayList.forEach;org.junit.platform.engine.support.hierarchical.SameThreadHierarchicalTestExecutorService$$Lambda/0x000001f9e60bc000.accept;org.junit.platform.engine.support.hierarchical.NodeTestTask.execute;org.junit.platform.engine.support.hierarchical.NodeTestTask.executeRecursively;org.junit.platform.engine.support.hierarchical.ThrowableCollector.execute;org.junit.platform.engine.support.hierarchical.NodeTestTask$$Lambda/0x000001f9e60b6e68.execute;org.junit.platform.engine.support.hierarchical.NodeTestTask.lambda$executeRecursively$9;org.junit.platform.engine.support.hierarchical.Node.around;org.junit.platform.engine.support.hierarchical.NodeTestTask$$Lambda/0x000001f9e60b7290.invoke;org.junit.platform.engine.support.hierarchical.NodeTestTask.lambda$executeRecursively$8;org.junit.platform.engine.support.hierarchical.ThrowableCollector.execute;org.junit.platform.engine.support.hierarchical.NodeTestTask$$Lambda/0x000001f9e60b74b8.execute;org.junit.platform.engine.support.hierarchical.NodeTestTask.lambda$executeRecursively$6;org.junit.jupiter.engine.descriptor.TestMethodTestDescriptor.execute;org.junit.jupiter.engine.descriptor.TestMethodTestDescriptor.execute;org.junit.jupiter.engine.descriptor.TestMethodTestDescriptor.invokeTestMethod;org.junit.platform.engine.support.hierarchical.ThrowableCollector.execute;org.junit.jupiter.engine.descriptor.TestMethodTestDescriptor$$Lambda/0x000001f9e6176848.execute;org.junit.jupiter.engine.descriptor.TestMethodTestDescriptor.lambda$invokeTestMethod$7;org.junit.jupiter.engine.execution.InterceptingExecutableInvoker.invoke;org.junit.jupiter.engine.execution.InterceptingExecutableInvoker.invoke;org.junit.jupiter.engine.execution.InvocationInterceptorChain.invoke;org.junit.jupiter.engine.execution.InvocationInterceptorChain.chainAndInvoke;org.junit.jupiter.engine.execution.InvocationInterceptorChain.proceed;org.junit.jupiter.engine.execution.InvocationInterceptorChain$InterceptedInvocation.proceed;org.junit.jupiter.engine.execution.InterceptingExecutableInvoker$$Lambda/0x000001f9e6104a00.apply;org.junit.jupiter.engine.execution.InterceptingExecutableInvoker.lambda$invoke$0;org.junit.jupiter.engine.execution.InterceptingExecutableInvoker$ReflectiveInterceptorCall$$Lambda/0x000001f9e60930f0.apply;org.junit.jupiter.engine.execution.InterceptingExecutableInvoker$ReflectiveInterceptorCall.lambda$ofVoidMethod$0;org.junit.jupiter.engine.descriptor.TestMethodTestDescriptor$$Lambda/0x000001f9e6092cd0.apply;org.junit.jupiter.engine.extension.TimeoutExtension.interceptTestMethod;org.junit.jupiter.engine.extension.TimeoutExtension.interceptTestableMethod;org.junit.jupiter.engine.extension.TimeoutExtension.intercept;org.junit.jupiter.engine.execution.InvocationInterceptorChain$ValidatingInvocation.proceed;org.junit.jupiter.engine.execution.MethodInvocation.proceed;org.junit.platform.commons.util.ReflectionUtils.invokeMethod;java.lang.reflect.Method.invoke;jdk.internal.reflect.DirectMethodHandleAccessor.invoke;jdk.internal.reflect.DirectMethodHandleAccessor.invokeImpl;java.lang.invoke.Invokers$Holder.invokeExact_MT;java.lang.invoke.LambdaForm$MH/0x000001f9e6171000.invoke;java.lang.invoke.LambdaForm$DMH/0x000001f9e6170800.invokeVirtual;com.collaboration.petclinic.api.tests.PetAPITests.testAddPetSuccessfully;io.restassured.internal.RequestSpecificationImpl.post;io.restassured.internal.RequestSpecificationImpl.post;org.codehaus.groovy.runtime.callsite.AbstractCallSite.callCurrent;org.codehaus.groovy.runtime.callsite.AbstractCallSite.callCurrent;org.codehaus.groovy.runtime.callsite.CallSiteArray.defaultCallCurrent;org.codehaus.groovy.runtime.callsite.PogoInterceptableSite.callCurrent;org.codehaus.groovy.runtime.callsite.PogoInterceptableSite.call;io.restassured.internal.RequestSpecificationImpl.invokeMethod;groovy.lang.MetaClassImpl.invokeMethod;groovy.lang.MetaClassImpl.invokeMethod;groovy.lang.MetaClassImpl.invokeMethod;groovy.lang.MetaClassImpl.doInvokeMethod;groovy.lang.MetaMethod.doMethodInvoke;org.codehaus.groovy.reflection.CachedMethod.invoke;java.lang.reflect.Method.invoke;jdk.internal.reflect.DirectMethodHandleAccessor.invoke;jdk.internal.reflect.DirectMethodHandleAccessor.invokeImpl;java.lang.invoke.Invokers$Holder.invokeExact_MT;java.lang.invoke.LambdaForm$MH/0x000001f9e61a3400.invoke;java.lang.invoke.LambdaForm$DMH/0x000001f9e61a2400.invokeVirtual;io.restassured.internal.RequestSpecificationImpl.this$2$applyPathParamsAndSendRequest;io.restassured.internal.RequestSpecificationImpl.applyPathParamsAndSendRequest;org.codehaus.groovy.runtime.callsite.AbstractCallSite.callCurrent;org.codehaus.groovy.runtime.callsite.AbstractCallSite.callCurrent;org.codehaus.groovy.runtime.callsite.CallSiteArray.defaultCallCurrent;org.codehaus.groovy.runtime.callsite.PogoInterceptableSite.callCurrent;org.codehaus.groovy.runtime.callsite.PogoInterceptableSite.call;io.restassured.internal.RequestSpecificationImpl.invokeMethod;groovy.lang.MetaClassImpl.invokeMethod;groovy.lang.MetaClassImpl.invokeMethod;groovy.lang.MetaClassImpl.invokeMethod;groovy.lang.MetaClassImpl.doInvokeMethod;groovy.lang.MetaMethod.doMethodInvoke;org.codehaus.groovy.reflection.CachedMethod.invoke;java.lang.reflect.Method.invoke;jdk.internal.reflect.DirectMethodHandleAccessor.invoke;jdk.internal.reflect.DirectMethodHandleAccessor.invokeImpl;java.lang.invoke.Invokers$Holder.invokeExact_MT;java.lang.invoke.LambdaForm$MH/0x000001f9e61a4400.invoke;java.lang.invoke.LambdaForm$DMH/0x000001f9e61a2400.invokeVirtual;io.restassured.internal.RequestSpecificationImpl.this$2$applyPathParamsAndSendRequest;io.restassured.internal.RequestSpecificationImpl.applyPathParamsAndSendRequest;org.codehaus.groovy.runtime.callsite.AbstractCallSite.call;org.codehaus.groovy.runtime.callsite.AbstractCallSite.call;org.codehaus.groovy.runtime.callsite.CallSiteArray.defaultCall;io.restassured.filter.FilterContext$next.call;io.restassured.internal.filter.FilterContextImpl.next;org.codehaus.groovy.runtime.callsite.AbstractCallSite.call;org.codehaus.groovy.runtime.callsite.AbstractCallSite.call;org.codehaus.groovy.runtime.callsite.CallSiteArray.defaultCall;io.restassured.filter.Filter$filter.call;io.restassured.internal.filter.CsrfFilter.filter;org.codehaus.groovy.runtime.callsite.AbstractCallSite.call;org.codehaus.groovy.runtime.callsite.AbstractCallSite.call;org.codehaus.groovy.runtime.callsite.CallSiteArray.defaultCall;io.restassured.filter.FilterContext$next.call;io.restassured.internal.filter.FilterContextImpl.next;io.restassured.filter.Filter$filter.call;org.codehaus.groovy.runtime.callsite.CallSiteArray.defaultCall;io.restassured.filter.Filter$filter$0.call;io.restassured.filter.time.TimingFilter.filter;io.restassured.internal.filter.FilterContextImpl.next;io.restassured.filter.Filter$filter$0.call;org.codehaus.groovy.runtime.callsite.CallSiteArray.defaultCall;io.restassured.filter.Filter$filter.call;io.restassured.internal.filter.SendRequestFilter.filter;org.codehaus.groovy.runtime.callsite.AbstractCallSite.call;org.codehaus.groovy.runtime.callsite.AbstractCallSite.call;org.codehaus.groovy.runtime.callsite.CallSiteArray.defaultCall;org.codehaus.groovy.runtime.callsite.PogoInterceptableSite.call;io.restassured.internal.RequestSpecificationImpl.invokeMethod;groovy.lang.MetaClassImpl.invokeMethod;groovy.lang.MetaClassImpl.invokeMethod;groovy.lang.MetaClassImpl.invokeMethod;groovy.lang.MetaClassImpl.doInvokeMethod;groovy.lang.MetaMethod.doMethodInvoke;org.codehaus.groovy.reflection.CachedMethod.invoke;java.lang.reflect.Method.invoke;jdk.internal.reflect.DirectMethodHandleAccessor.invoke;jdk.internal.reflect.DirectMethodHandleAccessor.invokeImpl;java.lang.invoke.Invokers$Holder.invokeExact_MT;java.lang.invoke.LambdaForm$MH/0x000001f9e6211000.invoke;java.lang.invoke.LambdaForm$DMH/0x000001f9e6210000.invokeVirtual;io.restassured.internal.RequestSpecificationImpl.this$2$sendRequest;io.restassured.internal.RequestSpecificationImpl.sendRequest;org.codehaus.groovy.runtime.callsite.AbstractCallSite.callCurrent;org.codehaus.groovy.runtime.callsite.AbstractCallSite.callCurrent;org.codehaus.groovy.runtime.callsite.CallSiteArray.defaultCallCurrent;org.codehaus.groovy.runtime.callsite.PogoInterceptableSite.callCurrent;org.codehaus.groovy.runtime.callsite.PogoInterceptableSite.call;io.restassured.internal.RequestSpecificationImpl.invokeMethod;groovy.lang.MetaClassImpl.invokeMethod;groovy.lang.MetaClassImpl.invokeMethod;groovy.lang.MetaClassImpl.invokeMethod;groovy.lang.MetaClassImpl.doInvokeMethod;groovy.lang.MetaMethod.doMethodInvoke;org.codehaus.groovy.reflection.CachedMethod.invoke;java.lang.reflect.Method.invoke;jdk.internal.reflect.DirectMethodHandleAccessor.invoke;jdk.internal.reflect.DirectMethodHandleAccessor.invokeImpl;java.lang.invoke.Invokers$Holder.invokeExact_MT;java.lang.invoke.LambdaForm$MH/0x000001f9e618e400.invoke;java.lang.invoke.LambdaForm$DMH/0x000001f9e602c000.invokeVirtual;io.restassured.internal.RequestSpecificationImpl.this$2$applyProxySettings;io.restassured.internal.RequestSpecificationImpl.applyProxySettings;org.codehaus.groovy.runtime.callsite.AbstractCallSite.callGetProperty;org.codehaus.groovy.runtime.callsite.GetEffectivePojoPropertySite.getProperty;org.codehaus.groovy.runtime.metaclass.MethodMetaProperty$GetBeanMethodMetaProperty.getProperty;groovy.lang.MetaMethod.doMethodInvoke;org.codehaus.groovy.reflection.CachedMethod.invoke;java.lang.reflect.Method.invoke;jdk.internal.reflect.DirectMethodHandleAccessor.invoke;jdk.internal.reflect.DirectMethodHandleAccessor.invokeImpl;java.lang.invoke.Invokers$Holder.invokeExact_MT;java.lang.invoke.LambdaForm$MH/0x000001f9e6020000.invoke;java.lang.invoke.LambdaForm$DMH/0x000001f9e6034000.invokeInterface;org.apache.http.impl.client.AbstractHttpClient.getConnectionManager;org.apache.http.impl.client.AbstractHttpClient.createClientConnectionManager;org.apache.http.impl.conn.SchemeRegistryFactory.createDefault;org.apache.http.conn.ssl.SSLSocketFactory.getSocketFactory;org.apache.http.conn.ssl.SSLContexts.createDefault;javax.net.ssl.SSLContext.getInstance;sun.security.jca.GetInstance.getInstance;sun.security.jca.ProviderList.getService;sun.security.jca.ProviderList.getProvider;sun.security.jca.ProviderConfig.getProvider;sun.security.provider.Sun.<init>;sun.security.provider.SunEntries.<init>;sun.security.provider.SunEntries.addWithAlias;sun.security.util.SecurityProviderConstants.<clinit>;sun.security.util.SecurityProviderConstants.store,0.0000
org.apache.maven.surefire.booter.ForkedBooter.main;org.apache.maven.surefire.booter.ForkedBooter.run;org.apache.maven.surefire.booter.ForkedBooter.execute;org.apache.maven.surefire.booter.ForkedBooter.runSuitesInProcess;org.apache.maven.surefire.junitplatform.JUnitPlatformProvider.invoke;org.apache.maven.surefire.junitplatform.JUnitPlatformProvider.invokeAllTests;org.apache.maven.surefire.junitplatform.JUnitPlatformProvider.execute;org.apache.maven.surefire.junitplatform.LazyLauncher.execute;org.junit.platform.launcher.core.DelegatingLauncher.execute;org.junit.platform.launcher.core.DefaultLauncher.execute;org.junit.platform.launcher.core.DefaultLauncher.execute;org.junit.platform.launcher.core.EngineExecutionOrchestrator.execute;org.junit.platform.launcher.core.EngineExecutionOrchestrator.withInterceptedStreams;org.junit.platform.launcher.core.EngineExecutionOrchestrator$$Lambda/0x000001f9e60a6e28.accept;org.junit.platform.launcher.core.EngineExecutionOrchestrator.lambda$execute$0;org.junit.platform.launcher.core.EngineExecutionOrchestrator.execute;org.junit.platform.launcher.core.EngineExecutionOrchestrator.execute;org.junit.platform.launcher.core.EngineExecutionOrchestrator.execute;org.junit.platform.engine.support.hierarchical.HierarchicalTestEngine.execute;org.junit.platform.engine.support.hierarchical.HierarchicalTestExecutor.execute;org.junit.platform.engine.support.hierarchical.SameThreadHierarchicalTestExecutorService.submit;org.junit.platform.engine.support.hierarchical.NodeTestTask.execute;org.junit.platform.engine.support.hierarchical.NodeTestTask.executeRecursively;org.junit.platform.engine.support.hierarchical.ThrowableCollector.execute;org.junit.platform.engine.support.hierarchical.NodeTestTask$$Lambda/0x000001f9e60b6e68.execute;org.junit.platform.engine.support.hierarchical.NodeTestTask.lambda$executeRecursively$9;org.junit.platform.engine.support.hierarchical.Node.around;org.junit.platform.engine.support.hierarchical.NodeTestTask$$Lambda/0x000001f9e60b7290.invoke;org.junit.platform.engine.support.hierarchical.NodeTestTask.lambda$executeRecursively$8;org.junit.platform.engine.support.hierarchical.ThrowableCollector.execute;org.junit.platform.engine.support.hierarchical.NodeTestTask$$Lambda/0x000001f9e60b74b8.execute;org.junit.platform.engine.support.hierarchical.NodeTestTask.lambda$executeRecursively$6;org.junit.platform.engine.support.hierarchical.SameThreadHierarchicalTestExecutorService.invokeAll;java.util.ArrayList.forEach;org.junit.platform.engine.support.hierarchical.SameThreadHierarchicalTestExecutorService$$Lambda/0x000001f9e60bc000.accept;org.junit.platform.engine.support.hierarchical.NodeTestTask.execute;org.junit.platform.engine.support.hierarchical.NodeTestTask.executeRecursively;org.junit.platform.engine.support.hierarchical.ThrowableCollector.execute;org.junit.platform.engine.support.hierarchical.NodeTestTask$$Lambda/0x000001f9e60b6e68.execute;org.junit.platform.engine.support.hierarchical.NodeTestTask.lambda$executeRecursively$9;org.junit.platform.engine.support.hierarchical.Node.around;org.junit.platform.engine.support.hierarchical.NodeTestTask$$Lambda/0x000001f9e60b7290.invoke;org.junit.platform.engine.support.hierarchical.NodeTestTask.lambda$executeRecursively$8;org.junit.platform.engine.support.hierarchical.ThrowableCollector.execute;org.junit.platform.engine.support.hierarchical.NodeTestTask$$Lambda/0x000001f9e60b74b8.execute;org.junit.platform.engine.support.hierarchical.NodeTestTask.lambda$executeRecursively$6;org.junit.platform.engine.support.hierarchical.SameThreadHierarchicalTestExecutorService.invokeAll;java.util.ArrayList.forEach;org.junit.platform.engine.support.hierarchical.SameThreadHierarchicalTestExecutorService$$Lambda/0x000001f9e60bc000.accept;org.junit.platform.engine.support.hierarchical.NodeTestTask.execute;org.junit.platform.engine.support.hierarchical.NodeTestTask.executeRecursively;org.junit.platform.engine.support.hierarchical.ThrowableCollector.execute;org.junit.platform.engine.support.hierarchical.NodeTestTask$$Lambda/0x000001f9e60b6e68.execute;org.junit.platform.engine.support.hierarchical.NodeTestTask.lambda$executeRecursively$9;org.junit.platform.engine.support.hierarchical.Node.around;org.junit.platform.engine.support.hierarchical.NodeTestTask$$Lambda/0x000001f9e60b7290.invoke;org.junit.platform.engine.support.hierarchical.NodeTestTask.lambda$executeRecursively$8;org.junit.platform.engine.support.hierarchical.ThrowableCollector.execute;org.junit.platform.engine.support.hierarchical.NodeTestTask$$Lambda/0x000001f9e60b74b8.execute;org.junit.platform.engine.support.hierarchical.NodeTestTask.lambda$executeRecursively$6;org.junit.jupiter.engine.descriptor.TestMethodTestDescriptor.execute;org.junit.jupiter.engine.descriptor.TestMethodTestDescriptor.execute;org.junit.jupiter.engine.descriptor.TestMethodTestDescriptor.invokeTestMethod;org.junit.platform.engine.support.hierarchical.ThrowableCollector.execute;org.junit.jupiter.engine.descriptor.TestMethodTestDescriptor$$Lambda/0x000001f9e6176848.execute;org.junit.jupiter.engine.descriptor.TestMethodTestDescriptor.lambda$invokeTestMethod$7;org.junit.jupiter.engine.execution.InterceptingExecutableInvoker.invoke;org.junit.jupiter.engine.execution.InterceptingExecutableInvoker.invoke;org.junit.jupiter.engine.execution.InvocationInterceptorChain.invoke;org.junit.jupiter.engine.execution.InvocationInterceptorChain.chainAndInvoke;org.junit.jupiter.engine.execution.InvocationInterceptorChain.proceed;org.junit.jupiter.engine.execution.InvocationInterceptorChain$InterceptedInvocation.proceed;org.junit.jupiter.engine.execution.InterceptingExecutableInvoker$$Lambda/0x000001f9e6104a00.apply;org.junit.jupiter.engine.execution.InterceptingExecutableInvoker.lambda$invoke$0;org.junit.jupiter.engine.execution.InterceptingExecutableInvoker$ReflectiveInterceptorCall$$Lambda/0x000001f9e60930f0.apply;org.junit.jupiter.engine.execution.InterceptingExecutableInvoker$ReflectiveInterceptorCall.lambda$ofVoidMethod$0;org.junit.jupiter.engine.descriptor.TestMethodTestDescriptor$$Lambda/0x000001f9e6092cd0.apply;org.junit.jupiter.engine.extension.TimeoutExtension.interceptTestMethod;org.junit.jupiter.engine.extension.TimeoutExtension.interceptTestableMethod;org.junit.jupiter.engine.extension.TimeoutExtension.intercept;org.junit.jupiter.engine.execution.InvocationInterceptorChain$ValidatingInvocation.proceed;org.junit.jupiter.engine.execution.MethodInvocation.proceed;org.junit.platform.commons.util.ReflectionUtils.invokeMethod;java.lang.reflect.Method.invoke;jdk.internal.reflect.DirectMethodHandleAccessor.invoke;jdk.internal.reflect.DirectMethodHandleAccessor.invokeImpl;java.lang.invoke.Invokers$Holder.invokeExact_MT;java.lang.invoke.LambdaForm$MH/0x000001f9e6171000.invoke;java.lang.invoke.LambdaForm$DMH/0x000001f9e6170800.invokeVirtual;com.collaboration.petclinic.api.tests.PetAPITests.testAddPetSuccessfully;io.restassured.internal.RequestSpecificationImpl.post;io.restassured.internal.RequestSpecificationImpl.post;org.codehaus.groovy.runtime.callsite.AbstractCallSite.callCurrent;org.codehaus.groovy.runtime.callsite.AbstractCallSite.callCurrent;org.codehaus.groovy.runtime.callsite.CallSiteArray.defaultCallCurrent;org.codehaus.groovy.runtime.callsite.PogoInterceptableSite.callCurrent;org.codehaus.groovy.runtime.callsite.PogoInterceptableSite.call;io.restassured.internal.RequestSpecificationImpl.invokeMethod;groovy.lang.MetaClassImpl.invokeMethod;groovy.lang.MetaClassImpl.invokeMethod;groovy.lang.MetaClassImpl.invokeMethod;groovy.lang.MetaClassImpl.doInvokeMethod;groovy.lang.MetaMethod.doMethodInvoke;org.codehaus.groovy.reflection.CachedMethod.invoke;java.lang.reflect.Method.invoke;jdk.internal.reflect.DirectMethodHandleAccessor.invoke;jdk.internal.reflect.DirectMethodHandleAccessor.invokeImpl;java.lang.invoke.Invokers$Holder.invokeExact_MT;java.lang.invoke.LambdaForm$MH/0x000001f9e61a3400.invoke;java.lang.invoke.LambdaForm$DMH/0x000001f9e61a2400.invokeVirtual;io.restassured.internal.RequestSpecificationImpl.this$2$applyPathParamsAndSendRequest;io.restassured.internal.RequestSpecificationImpl.applyPathParamsAndSendRequest;org.codehaus.groovy.runtime.callsite.AbstractCallSite.callCurrent;org.codehaus.groovy.runtime.callsite.AbstractCallSite.callCurrent;org.codehaus.groovy.runtime.callsite.CallSiteArray.defaultCallCurrent;org.codehaus.groovy.runtime.callsite.PogoInterceptableSite.callCurrent;org.codehaus.groovy.runtime.callsite.PogoInterceptableSite.call;io.restassured.internal.RequestSpecificationImpl.invokeMethod;groovy.lang.MetaClassImpl.invokeMethod;groovy.lang.MetaClassImpl.invokeMethod;groovy.lang.MetaClassImpl.invokeMethod;groovy.lang.MetaClassImpl.doInvokeMethod;groovy.lang.MetaMethod.doMethodInvoke;org.codehaus.groovy.reflection.CachedMethod.invoke;java.lang.reflect.Method.invoke;jdk.internal.reflect.DirectMethodHandleAccessor.invoke;jdk.internal.reflect.DirectMethodHandleAccessor.invokeImpl;java.lang.invoke.Invokers$Holder.invokeExact_MT;java.lang.invoke.LambdaForm$MH/0x000001f9e61a4400.invoke;java.lang.invoke.LambdaForm$DMH/0x000001f9e61a2400.invokeVirtual;io.restassured.internal.RequestSpecificationImpl.this$2$applyPathParamsAndSendRequest;io.restassured.internal.RequestSpecificationImpl.applyPathParamsAndSendRequest;org.codehaus.groovy.runtime.callsite.AbstractCallSite.callCurrent;org.codehaus.groovy.runtime.callsite.AbstractCallSite.callCurrent;org.codehaus.groovy.runtime.callsite.CallSiteArray.defaultCallCurrent;org.codehaus.groovy.runtime.callsite.PogoInterceptableSite.callCurrent;org.codehaus.groovy.runtime.callsite.PogoInterceptableSite.call;io.restassured.internal.RequestSpecificationImpl.invokeMethod;groovy.lang.MetaClassImpl.invokeMethod;groovy.lang.MetaClassImpl.invokeMethod;groovy.lang.MetaClassImpl.invokeMethod;groovy.lang.MetaClassImpl.doInvokeMethod;groovy.lang.MetaMethod.doMethodInvoke;org.codehaus.groovy.reflection.CachedMethod.invoke;java.lang.reflect.Method.invoke;jdk.internal.reflect.DirectMethodHandleAccessor.invoke;jdk.internal.reflect.DirectMethodHandleAccessor.invokeImpl;java.lang.invoke.Invokers$Holder.invokeExact_MT;java.lang.invoke.LambdaForm$MH/0x000001f9e61a2800.invoke;java.lang.invoke.LambdaForm$DMH/0x000001f9e61a2400.invokeVirtual;io.restassured.internal.RequestSpecificationImpl.newFilterContext;org.codehaus.groovy.runtime.callsite.AbstractCallSite.callCurrent;org.codehaus.groovy.runtime.callsite.AbstractCallSite.callCurrent;org.codehaus.groovy.runtime.callsite.CallSiteArray.defaultCallCurrent;org.codehaus.groovy.runtime.callsite.PogoInterceptableSite.callCurrent;org.codehaus.groovy.runtime.callsite.PogoInterceptableSite.call;io.restassured.internal.RequestSpecificationImpl.invokeMethod;groovy.lang.MetaClassImpl.invokeMethod;groovy.lang.MetaClassImpl.invokeMethod;groovy.lang.MetaClassImpl.invokeMethod;groovy.lang.MetaClassImpl.doInvokeMethod;groovy.lang.MetaMethod.doMethodInvoke;org.codehaus.groovy.reflection.CachedMethod.invoke;java.lang.reflect.Method.invoke;jdk.internal.reflect.DirectMethodHandleAccessor.invoke;jdk.internal.reflect.DirectMethodHandleAccessor.invokeImpl;java.lang.invoke.Invokers$Holder.invokeExact_MT;java.lang.invoke.LambdaForm$MH/0x000001f9e61b6000.invoke;java.lang.invoke.LambdaForm$DMH/0x000001f9e61b0400.invokeVirtual;io.restassured.internal.RequestSpecificationImpl.partiallyApplyPathParams;org.codehaus.groovy.runtime.callsite.AbstractCallSite.call;org.codehaus.groovy.runtime.callsite.AbstractCallSite.call;org.codehaus.groovy.runtime.callsite.CallSiteArray.defaultCall;org.codehaus.groovy.runtime.callsite.PojoMetaMethodSite.call;org.codehaus.groovy.runtime.callsite.PojoMetaMethodSite$PojoMetaMethodSiteNoUnwrapNoCoerce.invoke;org.codehaus.groovy.runtime.dgm$438.invoke;org.codehaus.groovy.runtime.DefaultGroovyMethods.inject;groovy.lang.Closure.call;groovy.lang.MetaClassImpl.invokeMethod;groovy.lang.MetaClassImpl.invokeMethod;groovy.lang.MetaClassImpl.doInvokeMethod;groovy.lang.MetaClassImpl.invokeMethod;org.codehaus.groovy.runtime.metaclass.ClosureMetaClass.invokeMethod;groovy.lang.MetaMethod.doMethodInvoke;org.codehaus.groovy.reflection.CachedMethod.invoke;java.lang.reflect.Method.invoke;jdk.internal.reflect.DirectMethodHandleAccessor.invoke;jdk.internal.reflect.DirectMethodHandleAccessor.invokeImpl;java.lang.invoke.Invokers$Holder.invokeExact_MT;java.lang.invoke.LambdaForm$MH/0x000001f9e61cb800.invoke;java.lang.invoke.LambdaForm$DMH/0x000001f9e61ca000.invokeVirtual;io.restassured.internal.RequestSpecificationImpl$_partiallyApplyPathParams_closure36.doCall;org.codehaus.groovy.runtime.GStringImpl.<init>;org.codehaus.groovy.runtime.GStringImpl.checkValuesStringConstant;java.lang.ClassLoader.loadClass;jdk.internal.loader.ClassLoaders$AppClassLoader.loadClass;jdk.internal.loader.BuiltinClassLoader.loadClass;jdk.internal.loader.BuiltinClassLoader.loadClassOrNull;jdk.internal.loader.BuiltinClassLoader.findClassOnClassPathOrNull;jdk.internal.loader.BuiltinClassLoader.defineClass;java.security.SecureClassLoader.defineClass;java.lang.ClassLoader.defineClass;java.lang.ClassLoader.defineClass1,0.0000
org.apache.maven.surefire.booter.ForkedBooter.main;org.apache.maven.surefire.booter.ForkedBooter.run;org.apache.maven.surefire.booter.ForkedBooter.execute;org.apache.maven.surefire.booter.ForkedBooter.runSuitesInProcess;org.apache.maven.surefire.junitplatform.JUnitPlatformProvider.invoke;org.apache.maven.surefire.junitplatform.JUnitPlatformProvider.invokeAllTests;org.apache.maven.surefire.junitplatform.JUnitPlatformProvider.execute;org.apache.maven.surefire.junitplatform.LazyLauncher.execute;org.junit.platform.launcher.core.DelegatingLauncher.execute;org.junit.platform.launcher.core.DefaultLauncher.execute;org.junit.platform.launcher.core.DefaultLauncher.execute;org.junit.platform.launcher.core.EngineExecutionOrchestrator.execute;org.junit.platform.launcher.core.EngineExecutionOrchestrator.withInterceptedStreams;org.junit.platform.launcher.core.EngineExecutionOrchestrator$$Lambda/0x000001f9e60a6e28.accept;org.junit.platform.launcher.core.EngineExecutionOrchestrator.lambda$execute$0;org.junit.platform.launcher.core.EngineExecutionOrchestrator.execute;org.junit.platform.launcher.core.EngineExecutionOrchestrator.execute;org.junit.platform.launcher.core.EngineExecutionOrchestrator.execute;org.junit.platform.engine.support.hierarchical.HierarchicalTestEngine.execute;org.junit.platform.engine.support.hierarchical.HierarchicalTestExecutor.execute;org.junit.platform.engine.support.hierarchical.SameThreadHierarchicalTestExecutorService.submit;org.junit.platform.engine.support.hierarchical.NodeTestTask.execute;org.junit.platform.engine.support.hierarchical.NodeTestTask.executeRecursively;org.junit.platform.engine.support.hierarchical.ThrowableCollector.execute;org.junit.platform.engine.support.hierarchical.NodeTestTask$$Lambda/0x000001f9e60b6e68.execute;org.junit.platform.engine.support.hierarchical.NodeTestTask.lambda$executeRecursively$9;org.junit.platform.engine.support.hierarchical.Node.around;org.junit.platform.engine.support.hierarchical.NodeTestTask$$Lambda/0x000001f9e60b7290.invoke;org.junit.platform.engine.support.hierarchical.NodeTestTask.lambda$executeRecursively$8;org.junit.platform.engine.support.hierarchical.ThrowableCollector.execute;org.junit.platform.engine.support.hierarchical.NodeTestTask$$Lambda/0x000001f9e60b74b8.execute;org.junit.platform.engine.support.hierarchical.NodeTestTask.lambda$executeRecursively$6;org.junit.platform.engine.support.hierarchical.SameThreadHierarchicalTestExecutorService.invokeAll;java.util.ArrayList.forEach;org.junit.platform.engine.support.hierarchical.SameThreadHierarchicalTestExecutorService$$Lambda/0x000001f9e60bc000.accept;org.junit.platform.engine.support.hierarchical.NodeTestTask.execute;org.junit.platform.engine.support.hierarchical.NodeTestTask.executeRecursively;org.junit.platform.engine.support.hierarchical.ThrowableCollector.execute;org.junit.platform.engine.support.hierarchical.NodeTestTask$$Lambda/0x000001f9e60b6e68.execute;org.junit.platform.engine.support.hierarchical.NodeTestTask.lambda$executeRecursively$9;org.junit.platform.engine.support.hierarchical.Node.around;org.junit.platform.engine.support.hierarchical.NodeTestTask$$Lambda/0x000001f9e60b7290.invoke;org.junit.platform.engine.support.hierarchical.NodeTestTask.lambda$executeRecursively$8;org.junit.platform.engine.support.hierarchical.ThrowableCollector.execute;org.junit.platform.engine.support.hierarchical.NodeTestTask$$Lambda/0x000001f9e60b74b8.execute;org.junit.platform.engine.support.hierarchical.NodeTestTask.lambda$executeRecursively$6;org.junit.platform.engine.support.hierarchical.SameThreadHierarchicalTestExecutorService.invokeAll;java.util.ArrayList.forEach;org.junit.platform.engine.support.hierarchical.SameThreadHierarchicalTestExecutorService$$Lambda/0x000001f9e60bc000.accept;org.junit.platform.engine.support.hierarchical.NodeTestTask.execute;org.junit.platform.engine.support.hierarchical.NodeTestTask.executeRecursively;org.junit.platform.engine.support.hierarchical.ThrowableCollector.execute;org.junit.platform.engine.support.hierarchical.NodeTestTask$$Lambda/0x000001f9e60b6e68.execute;org.junit.platform.engine.support.hierarchical.NodeTestTask.lambda$executeRecursively$9;org.junit.platform.engine.support.hierarchical.Node.around;org.junit.platform.engine.support.hierarchical.NodeTestTask$$Lambda/0x000001f9e60b7290.invoke;org.junit.platform.engine.support.hierarchical.NodeTestTask.lambda$executeRecursively$8;org.junit.platform.engine.support.hierarchical.ThrowableCollector.execute;org.junit.platform.engine.support.hierarchical.NodeTestTask$$Lambda/0x000001f9e60b74b8.execute;org.junit.platform.engine.support.hierarchical.NodeTestTask.lambda$executeRecursively$6;org.junit.jupiter.engine.descriptor.TestMethodTestDescriptor.execute;org.junit.jupiter.engine.descriptor.TestMethodTestDescriptor.execute;org.junit.jupiter.engine.descriptor.TestMethodTestDescriptor.invokeTestMethod;org.junit.platform.engine.support.hierarchical.ThrowableCollector.execute;org.junit.jupiter.engine.descriptor.TestMethodTestDescriptor$$Lambda/0x000001f9e6176848.execute;org.junit.jupiter.engine.descriptor.TestMethodTestDescriptor.lambda$invokeTestMethod$7;org.junit.jupiter.engine.execution.InterceptingExecutableInvoker.invoke;org.junit.jupiter.engine.execution.InterceptingExecutableInvoker.invoke;org.junit.jupiter.engine.execution.InvocationInterceptorChain.invoke;org.junit.jupiter.engine.execution.InvocationInterceptorChain.chainAndInvoke;org.junit.jupiter.engine.execution.InvocationInterceptorChain.proceed;org.junit.jupiter.engine.execution.InvocationInterceptorChain$InterceptedInvocation.proceed;org.junit.jupiter.engine.execution.InterceptingExecutableInvoker$$Lambda/0x000001f9e6104a00.apply;org.junit.jupiter.engine.execution.InterceptingExecutableInvoker.lambda$invoke$0;org.junit.jupiter.engine.execution.InterceptingExecutableInvoker$ReflectiveInterceptorCall$$Lambda/0x000001f9e60930f0.apply;org.junit.jupiter.engine.execution.InterceptingExecutableInvoker$ReflectiveInterceptorCall.lambda$ofVoidMethod$0;org.junit.jupiter.engine.descriptor.TestMethodTestDescriptor$$Lambda/0x000001f9e6092cd0.apply;org.junit.jupiter.engine.extension.TimeoutExtension.interceptTestMethod;org.junit.jupiter.engine.extension.TimeoutExtension.interceptTestableMethod;org.junit.jupiter.engine.extension.TimeoutExtension.intercept;org.junit.jupiter.engine.execution.InvocationInterceptorChain$ValidatingInvocation.proceed;org.junit.jupiter.engine.execution.MethodInvocation.proceed;org.junit.platform.commons.util.ReflectionUtils.invokeMethod;java.lang.reflect.Method.invoke;jdk.internal.reflect.DirectMethodHandleAccessor.invoke;jdk.internal.reflect.DirectMethodHandleAccessor.invokeImpl;java.lang.invoke.Invokers$Holder.invokeExact_MT;java.lang.invoke.LambdaForm$MH/0x000001f9e6171000.invoke;java.lang.invoke.LambdaForm$DMH/0x000001f9e6170800.invokeVirtual;com.collaboration.petclinic.api.tests.PetAPITests.testAddPetSuccessfully;io.restassured.internal.RequestSpecificationImpl.post;io.restassured.internal.RequestSpecificationImpl.post;org.codehaus.groovy.runtime.callsite.AbstractCallSite.callCurrent;org.codehaus.groovy.runtime.callsite.AbstractCallSite.callCurrent;org.codehaus.groovy.runtime.callsite.CallSiteArray.defaultCallCurrent;org.codehaus.groovy.runtime.callsite.PogoInterceptableSite.callCurrent;org.codehaus.groovy.runtime.callsite.PogoInterceptableSite.call;io.restassured.internal.RequestSpecificationImpl.invokeMethod;groovy.lang.MetaClassImpl.invokeMethod;groovy.lang.MetaClassImpl.invokeMethod;groovy.lang.MetaClassImpl.invokeMethod;groovy.lang.MetaClassImpl.doInvokeMethod;groovy.lang.MetaMethod.doMethodInvoke;org.codehaus.groovy.reflection.CachedMethod.invoke;java.lang.reflect.Method.invoke;jdk.internal.reflect.DirectMethodHandleAccessor.invoke;jdk.internal.reflect.DirectMethodHandleAccessor.invokeImpl;java.lang.invoke.Invokers$Holder.invokeExact_MT;java.lang.invoke.LambdaForm$MH/0x000001f9e61a3400.invoke;java.lang.invoke.LambdaForm$DMH/0x000001f9e61a2400.invokeVirtual;io.restassured.internal.RequestSpecificationImpl.this$2$applyPathParamsAndSendRequest;io.restassured.internal.RequestSpecificationImpl.applyPathParamsAndSendRequest;org.codehaus.groovy.runtime.callsite.AbstractCallSite.callCurrent;org.codehaus.groovy.runtime.callsite.AbstractCallSite.callCurrent;org.codehaus.groovy.runtime.callsite.CallSiteArray.defaultCallCurrent;org.codehaus.groovy.runtime.callsite.PogoInterceptableSite.callCurrent;org.codehaus.groovy.runtime.callsite.PogoInterceptableSite.call;io.restassured.internal.RequestSpecificationImpl.invokeMethod;groovy.lang.MetaClassImpl.invokeMethod;groovy.lang.MetaClassImpl.invokeMethod;groovy.lang.MetaClassImpl.invokeMethod;groovy.lang.MetaClassImpl.doInvokeMethod;groovy.lang.MetaMethod.doMethodInvoke;org.codehaus.groovy.reflection.CachedMethod.invoke;java.lang.reflect.Method.invoke;jdk.internal.reflect.DirectMethodHandleAccessor.invoke;jdk.internal.reflect.DirectMethodHandleAccessor.invokeImpl;java.lang.invoke.Invokers$Holder.invokeExact_MT;java.lang.invoke.LambdaForm$MH/0x000001f9e61a4400.invoke;java.lang.invoke.LambdaForm$DMH/0x000001f9e61a2400.invokeVirtual;io.restassured.internal.RequestSpecificationImpl.this$2$applyPathParamsAndSendRequest;io.restassured.internal.RequestSpecificationImpl.applyPathParamsAndSendRequest;org.codehaus.groovy.runtime.callsite.AbstractCallSite.call;org.codehaus.groovy.runtime.callsite.AbstractCallSite.call;org.codehaus.groovy.runtime.callsite.CallSiteArray.defaultCall;io.restassured.filter.FilterContext$next.call;io.restassured.internal.filter.FilterContextImpl.next;org.codehaus.groovy.runtime.callsite.AbstractCallSite.call;org.codehaus.groovy.runtime.callsite.AbstractCallSite.call;org.codehaus.groovy.runtime.callsite.CallSiteArray.defaultCall;io.restassured.filter.Filter$filter.call;io.restassured.internal.filter.CsrfFilter.filter;org.codehaus.groovy.runtime.callsite.AbstractCallSite.call;org.codehaus.groovy.runtime.callsite.AbstractCallSite.call;org.codehaus.groovy.runtime.callsite.CallSiteArray.defaultCall;io.restassured.filter.FilterContext$next.call;io.restassured.internal.filter.FilterContextImpl.next;io.restassured.filter.Filter$filter.call;org.codehaus.groovy.runtime.callsite.CallSiteArray.defaultCall;io.restassured.filter.Filter$filter$0.call;io.restassured.filter.time.TimingFilter.filter;io.restassured.internal.filter.FilterContextImpl.next;io.restassured.filter.Filter$filter$0.call;org.codehaus.groovy.runtime.callsite.CallSiteArray.defaultCall;io.restassured.filter.Filter$filter.call;io.restassured.internal.filter.SendRequestFilter.filter;org.codehaus.groovy.runtime.callsite.AbstractCallSite.call;org.codehaus.groovy.runtime.callsite.AbstractCallSite.call;org.codehaus.groovy.runtime.callsite.CallSiteArray.defaultCall;org.codehaus.groovy.runtime.callsite.PogoInterceptableSite.call;io.restassured.internal.RequestSpecificationImpl.invokeMethod;groovy.lang.MetaClassImpl.invokeMethod;groovy.lang.MetaClassImpl.invokeMethod;groovy.lang.MetaClassImpl.invokeMethod;groovy.lang.MetaClassImpl.doInvokeMethod;groovy.lang.MetaMethod.doMethodInvoke;org.codehaus.groovy.reflection.CachedMethod.invoke;java.lang.reflect.Method.invoke;jdk.internal.reflect.DirectMethodHandleAccessor.invoke;jdk.internal.reflect.DirectMethodHandleAccessor.invokeImpl;java.lang.invoke.Invokers$Holder.invokeExact_MT;java.lang.invoke.LambdaForm$MH/0x000001f9e6211000.invoke;java.lang.invoke.LambdaForm$DMH/0x000001f9e6210000.invokeVirtual;io.restassured.internal.RequestSpecificationImpl.this$2$sendRequest;io.restassured.internal.RequestSpecificationImpl.sendRequest;org.codehaus.groovy.runtime.callsite.AbstractCallSite.callCurrent;org.codehaus.groovy.runtime.callsite.AbstractCallSite.callCurrent;org.codehaus.groovy.runtime.callsite.CallSiteArray.defaultCallCurrent;org.codehaus.groovy.runtime.callsite.PogoInterceptableSite.callCurrent;org.codehaus.groovy.runtime.callsite.PogoInterceptableSite.call;io.restassured.internal.RequestSpecificationImpl.invokeMethod;groovy.lang.MetaClassImpl.invokeMethod;groovy.lang.MetaClassImpl.invokeMethod;groovy.lang.MetaClassImpl.invokeMethod;groovy.lang.MetaClassImpl.doInvokeMethod;groovy.lang.MetaMethod.doMethodInvoke;org.codehaus.groovy.reflection.CachedMethod.invoke;java.lang.reflect.Method.invoke;jdk.internal.reflect.DirectMethodHandleAccessor.invoke;jdk.internal.reflect.DirectMethodHandleAccessor.invokeImpl;java.lang.invoke.Invokers$Holder.invokeExact_MT;java.lang.invoke.LambdaForm$MH/0x000001f9e618e400.invoke;java.lang.invoke.LambdaForm$DMH/0x000001f9e602c000.invokeVirtual;io.restassured.internal.RequestSpecificationImpl.applyRestAssuredConfig;org.codehaus.groovy.runtime.typehandling.DefaultTypeTransformation.booleanUnbox;org.codehaus.groovy.runtime.typehandling.DefaultTypeTransformation.castToBoolean;org.codehaus.groovy.runtime.InvokerHelper.invokeMethod;org.codehaus.groovy.runtime.InvokerHelper.invokePojoMethod;org.codehaus.groovy.runtime.InvokerHelper.getMetaClass;org.codehaus.groovy.runtime.metaclass.MetaClassRegistryImpl.getMetaClass;org.codehaus.groovy.reflection.ClassInfo.getMetaClass;org.codehaus.groovy.reflection.ClassInfo.getMetaClass;org.codehaus.groovy.reflection.ClassInfo.getMetaClassUnderLock;groovy.lang.MetaClassImpl.initialize;groovy.lang.MetaClassImpl.reinitialize;groovy.lang.MetaClassImpl.fillMethodIndex;groovy.lang.MetaClassImpl.populateMethods;groovy.lang.MetaClassImpl.addMetaMethodToIndex;org.codehaus.groovy.runtime.metaclass.MetaMethodIndex.addMethodToList;org.codehaus.groovy.runtime.metaclass.MetaMethodIndex.isMatchingMethod;org.codehaus.groovy.reflection.ParameterTypes.getParameterTypes;org.codehaus.groovy.reflection.ParameterTypes.getParametersTypes0;org.codehaus.groovy.reflection.ReflectionCache.getCachedClass;org.codehaus.groovy.reflection.ClassInfo.getCachedClass;org.codehaus.groovy.util.LazyReference.get;org.codehaus.groovy.util.LazyReference.getLocked;org.codehaus.groovy.reflection.ClassInfo$LazyCachedClassRef.initValue;org.codehaus.groovy.reflection.ClassInfo$LazyCachedClassRef.initValue;org.codehaus.groovy.reflection.ClassInfo.access$300;org.codehaus.groovy.reflection.ClassInfo.createCachedClass;org.codehaus.groovy.reflection.stdclasses.ArrayCachedClass.<init>;org.codehaus.groovy.reflection.CachedClass.<init>;org.codehaus.groovy.reflection.CachedClass.getInterfaces;org.codehaus.groovy.util.LazyReference.get;org.codehaus.groovy.util.LazyReference.getLocked;org.codehaus.groovy.reflection.CachedClass$8.initValue;org.codehaus.groovy.reflection.CachedClass$8.initValue,0.0000
org.apache.maven.surefire.booter.ForkedBooter.main;org.apache.maven.surefire.booter.ForkedBooter.run;org.apache.maven.surefire.booter.ForkedBooter.execute;org.apache.maven.surefire.booter.ForkedBooter.runSuitesInProcess;org.apache.maven.surefire.booter.ForkedBooter.createProviderInCurrentClassloader;org.apache.maven.surefire.api.util.ReflectionUtils.instantiateOneArg;java.lang.reflect.Constructor.newInstance;java.lang.reflect.Constructor.newInstanceWithCaller;jdk.internal.reflect.DirectConstructorHandleAccessor.newInstance;jdk.internal.reflect.DirectConstructorHandleAccessor.invokeImpl;java.lang.invoke.Invokers$Holder.invokeExact_MT;java.lang.invoke.LambdaForm$MH/0x000001f9e6020000.invoke;java.lang.invoke.DirectMethodHandle$Holder.newInvokeSpecial;org.apache.maven.surefire.junitplatform.JUnitPlatformProvider.<init>;org.apache.maven.surefire.junitplatform.JUnitPlatformProvider.<init>;org.apache.maven.surefire.junitplatform.JUnitPlatformProvider.newFilters;java.lang.invoke.MethodHandleNatives.linkCallSite;java.lang.invoke.MethodHandleNatives.linkCallSiteImpl;java.lang.invoke.CallSite.makeSite;java.lang.invoke.BootstrapMethodInvoker.invoke;java.lang.invoke.Invokers$Holder.invokeExact_MT;java.lang.invoke.DirectMethodHandle$Holder.invokeStatic;java.lang.invoke.LambdaMetafactory.metafactory;java.lang.invoke.InnerClassLambdaMetafactory.<init>;java.lang.invoke.AbstractValidatingLambdaMetafactory.<init>;java.lang.invoke.MethodHandles$Lookup.revealDirect;java.lang.invoke.MethodHandles$Lookup.checkAccess;sun.invoke.util.VerifyAccess.isMemberAccessible;sun.invoke.util.VerifyAccess.isClassAccessible;sun.invoke.util.VerifyAccess.isModuleAccessible;java.lang.Module.canRead;java.lang.Module.isNamed,0.0000
org.apache.maven.surefire.booter.ForkedBooter.main;org.apache.maven.surefire.booter.ForkedBooter.run;org.apache.maven.surefire.booter.ForkedBooter.execute;org.apache.maven.surefire.booter.ForkedBooter.runSuitesInProcess;org.apache.maven.surefire.junitplatform.JUnitPlatformProvider.invoke;org.apache.maven.surefire.junitplatform.JUnitPlatformProvider.invokeAllTests;org.apache.maven.surefire.junitplatform.JUnitPlatformProvider.execute;org.apache.maven.surefire.junitplatform.LazyLauncher.execute;org.junit.platform.launcher.core.DelegatingLauncher.execute;org.junit.platform.launcher.core.DefaultLauncher.execute;org.junit.platform.launcher.core.DefaultLauncher.execute;org.junit.platform.launcher.core.EngineExecutionOrchestrator.execute;org.junit.platform.launcher.core.EngineExecutionOrchestrator.withInterceptedStreams;org.junit.platform.launcher.core.EngineExecutionOrchestrator$$Lambda/0x000001f9e60a6e28.accept;org.junit.platform.launcher.core.EngineExecutionOrchestrator.lambda$execute$0;org.junit.platform.launcher.core.EngineExecutionOrchestrator.execute;org.junit.platform.launcher.core.EngineExecutionOrchestrator.execute;org.junit.platform.launcher.core.EngineExecutionOrchestrator.execute;org.junit.platform.engine.support.hierarchical.HierarchicalTestEngine.execute;org.junit.platform.engine.support.hierarchical.HierarchicalTestExecutor.execute;org.junit.platform.engine.support.hierarchical.SameThreadHierarchicalTestExecutorService.submit;org.junit.platform.engine.support.hierarchical.NodeTestTask.execute;org.junit.platform.engine.support.hierarchical.NodeTestTask.executeRecursively;org.junit.platform.engine.support.hierarchical.ThrowableCollector.execute;org.junit.platform.engine.support.hierarchical.NodeTestTask$$Lambda/0x000001f9e60b6e68.execute;org.junit.platform.engine.support.hierarchical.NodeTestTask.lambda$executeRecursively$9;org.junit.platform.engine.support.hierarchical.Node.around;org.junit.platform.engine.support.hierarchical.NodeTestTask$$Lambda/0x000001f9e60b7290.invoke;org.junit.platform.engine.support.hierarchical.NodeTestTask.lambda$executeRecursively$8;org.junit.platform.engine.support.hierarchical.ThrowableCollector.execute;org.junit.platform.engine.support.hierarchical.NodeTestTask$$Lambda/0x000001f9e60b74b8.execute;org.junit.platform.engine.support.hierarchical.NodeTestTask.lambda$executeRecursively$6;org.junit.platform.engine.support.hierarchical.SameThreadHierarchicalTestExecutorService.invokeAll;java.util.ArrayList.forEach;org.junit.platform.engine.support.hierarchical.SameThreadHierarchicalTestExecutorService$$Lambda/0x000001f9e60bc000.accept;org.junit.platform.engine.support.hierarchical.NodeTestTask.execute;org.junit.platform.engine.support.hierarchical.NodeTestTask.executeRecursively;org.junit.platform.engine.support.hierarchical.ThrowableCollector.execute;org.junit.platform.engine.support.hierarchical.NodeTestTask$$Lambda/0x000001f9e60b6e68.execute;org.junit.platform.engine.support.hierarchical.NodeTestTask.lambda$executeRecursively$9;org.junit.platform.engine.support.hierarchical.Node.around;org.junit.platform.engine.support.hierarchical.NodeTestTask$$Lambda/0x000001f9e60b7290.invoke;org.junit.platform.engine.support.hierarchical.NodeTestTask.lambda$executeRecursively$8;org.junit.platform.engine.support.hierarchical.ThrowableCollector.execute;org.junit.platform.engine.support.hierarchical.NodeTestTask$$Lambda/0x000001f9e60b74b8.execute;org.junit.platform.engine.support.hierarchical.NodeTestTask.lambda$executeRecursively$6;org.junit.platform.engine.support.hierarchical.SameThreadHierarchicalTestExecutorService.invokeAll;java.util.ArrayList.forEach;org.junit.platform.engine.support.hierarchical.SameThreadHierarchicalTestExecutorService$$Lambda/0x000001f9e60bc000.accept;org.junit.platform.engine.support.hierarchical.NodeTestTask.execute;org.junit.platform.engine.support.hierarchical.NodeTestTask.executeRecursively;org.junit.platform.engine.support.hierarchical.ThrowableCollector.execute;org.junit.platform.engine.support.hierarchical.NodeTestTask$$Lambda/0x000001f9e60b6e68.execute;org.junit.platform.engine.support.hierarchical.NodeTestTask.lambda$executeRecursively$9;org.junit.platform.engine.support.hierarchical.Node.around;org.junit.platform.engine.support.hierarchical.NodeTestTask$$Lambda/0x000001f9e60b7290.invoke;org.junit.platform.engine.support.hierarchical.NodeTestTask.lambda$executeRecursively$8;org.junit.platform.engine.support.hierarchical.ThrowableCollector.execute;org.junit.platform.engine.support.hierarchical.NodeTestTask$$Lambda/0x000001f9e60b74b8.execute;org.junit.platform.engine.support.hierarchical.NodeTestTask.lambda$executeRecursively$6;org.junit.jupiter.engine.descriptor.TestMethodTestDescriptor.execute;org.junit.jupiter.engine.descriptor.TestMethodTestDescriptor.execute;org.junit.jupiter.engine.descriptor.TestMethodTestDescriptor.invokeTestMethod;org.junit.platform.engine.support.hierarchical.ThrowableCollector.execute;org.junit.jupiter.engine.descriptor.TestMethodTestDescriptor$$Lambda/0x000001f9e6176848.execute;org.junit.jupiter.engine.descriptor.TestMethodTestDescriptor.lambda$invokeTestMethod$7;org.junit.jupiter.engine.execution.InterceptingExecutableInvoker.invoke;org.junit.jupiter.engine.execution.InterceptingExecutableInvoker.invoke;org.junit.jupiter.engine.execution.InvocationInterceptorChain.invoke;org.junit.jupiter.engine.execution.InvocationInterceptorChain.chainAndInvoke;org.junit.jupiter.engine.execution.InvocationInterceptorChain.proceed;org.junit.jupiter.engine.execution.InvocationInterceptorChain$InterceptedInvocation.proceed;org.junit.jupiter.engine.execution.InterceptingExecutableInvoker$$Lambda/0x000001f9e6104a00.apply;org.junit.jupiter.engine.execution.InterceptingExecutableInvoker.lambda$invoke$0;org.junit.jupiter.engine.execution.InterceptingExecutableInvoker$ReflectiveInterceptorCall$$Lambda/0x000001f9e60930f0.apply;org.junit.jupiter.engine.execution.InterceptingExecutableInvoker$ReflectiveInterceptorCall.lambda$ofVoidMethod$0;org.junit.jupiter.engine.descriptor.TestMethodTestDescriptor$$Lambda/0x000001f9e6092cd0.apply;org.junit.jupiter.engine.extension.TimeoutExtension.interceptTestMethod;org.junit.jupiter.engine.extension.TimeoutExtension.interceptTestableMethod;org.junit.jupiter.engine.extension.TimeoutExtension.intercept;org.junit.jupiter.engine.execution.InvocationInterceptorChain$ValidatingInvocation.proceed;org.junit.jupiter.engine.execution.MethodInvocation.proceed;org.junit.platform.commons.util.ReflectionUtils.invokeMethod;java.lang.reflect.Method.invoke;jdk.internal.reflect.DirectMethodHandleAccessor.invoke;jdk.internal.reflect.DirectMethodHandleAccessor.invokeImpl;java.lang.invoke.Invokers$Holder.invokeExact_MT;java.lang.invoke.LambdaForm$MH/0x000001f9e6171000.invoke;java.lang.invoke.LambdaForm$DMH/0x000001f9e6170800.invokeVirtual;com.collaboration.petclinic.api.tests.PetAPITests.testAddPetSuccessfully;io.restassured.internal.RequestSpecificationImpl.post;io.restassured.internal.RequestSpecificationImpl.post;org.codehaus.groovy.runtime.callsite.AbstractCallSite.callCurrent;org.codehaus.groovy.runtime.callsite.AbstractCallSite.callCurrent;org.codehaus.groovy.runtime.callsite.CallSiteArray.defaultCallCurrent;org.codehaus.groovy.runtime.callsite.PogoInterceptableSite.callCurrent;org.codehaus.groovy.runtime.callsite.PogoInterceptableSite.call;io.restassured.internal.RequestSpecificationImpl.invokeMethod;groovy.lang.MetaClassImpl.invokeMethod;groovy.lang.MetaClassImpl.invokeMethod;groovy.lang.MetaClassImpl.invokeMethod;groovy.lang.MetaClassImpl.doInvokeMethod;groovy.lang.MetaMethod.doMethodInvoke;org.codehaus.groovy.reflection.CachedMethod.invoke;java.lang.reflect.Method.invoke;jdk.internal.reflect.DirectMethodHandleAccessor.invoke;jdk.internal.reflect.DirectMethodHandleAccessor.invokeImpl;java.lang.invoke.Invokers$Holder.invokeExact_MT;java.lang.invoke.LambdaForm$MH/0x000001f9e61a3400.invoke;java.lang.invoke.LambdaForm$DMH/0x000001f9e61a2400.invokeVirtual;io.restassured.internal.RequestSpecificationImpl.this$2$applyPathParamsAndSendRequest;io.restassured.internal.RequestSpecificationImpl.applyPathParamsAndSendRequest;org.codehaus.groovy.runtime.callsite.AbstractCallSite.callCurrent;org.codehaus.groovy.runtime.callsite.AbstractCallSite.callCurrent;org.codehaus.groovy.runtime.callsite.CallSiteArray.defaultCallCurrent;org.codehaus.groovy.runtime.callsite.PogoInterceptableSite.callCurrent;org.codehaus.groovy.runtime.callsite.PogoInterceptableSite.call;io.restassured.internal.RequestSpecificationImpl.invokeMethod;groovy.lang.MetaClassImpl.invokeMethod;groovy.lang.MetaClassImpl.invokeMethod;groovy.lang.MetaClassImpl.invokeMethod;groovy.lang.MetaClassImpl.doInvokeMethod;groovy.lang.MetaMethod.doMethodInvoke;org.codehaus.groovy.reflection.CachedMethod.invoke;java.lang.reflect.Method.invoke;jdk.internal.reflect.DirectMethodHandleAccessor.invoke;jdk.internal.reflect.DirectMethodHandleAccessor.invokeImpl;java.lang.invoke.Invokers$Holder.invokeExact_MT;java.lang.invoke.LambdaForm$MH/0x000001f9e61a4400.invoke;java.lang.invoke.LambdaForm$DMH/0x000001f9e61a2400.invokeVirtual;io.restassured.internal.RequestSpecificationImpl.this$2$applyPathParamsAndSendRequest;io.restassured.internal.RequestSpecificationImpl.applyPathParamsAndSendRequest;org.codehaus.groovy.runtime.callsite.AbstractCallSite.call;org.codehaus.groovy.runtime.callsite.AbstractCallSite.call;org.codehaus.groovy.runtime.callsite.CallSiteArray.defaultCall;io.restassured.filter.FilterContext$next.call;io.restassured.internal.filter.FilterContextImpl.next;org.codehaus.groovy.runtime.callsite.AbstractCallSite.call;org.codehaus.groovy.runtime.callsite.AbstractCallSite.call;org.codehaus.groovy.runtime.callsite.CallSiteArray.defaultCall;io.restassured.filter.Filter$filter.call;io.restassured.internal.filter.CsrfFilter.filter;org.codehaus.groovy.runtime.callsite.AbstractCallSite.call;org.codehaus.groovy.runtime.callsite.AbstractCallSite.call;org.codehaus.groovy.runtime.callsite.CallSiteArray.defaultCall;io.restassured.filter.FilterContext$next.call;io.restassured.internal.filter.FilterContextImpl.next;io.restassured.filter.Filter$filter.call;org.codehaus.groovy.runtime.callsite.CallSiteArray.defaultCall;io.restassured.filter.Filter$filter$0.call;io.restassured.filter.time.TimingFilter.filter;io.restassured.internal.filter.FilterContextImpl.next;io.restassured.filter.Filter$filter$0.call;org.codehaus.groovy.runtime.callsite.CallSiteArray.defaultCall;io.restassured.filter.Filter$filter.call;io.restassured.internal.filter.SendRequestFilter.filter;org.codehaus.groovy.runtime.callsite.AbstractCallSite.call;org.codehaus.groovy.runtime.callsite.AbstractCallSite.call;org.codehaus.groovy.runtime.callsite.CallSiteArray.defaultCall;org.codehaus.groovy.runtime.callsite.PogoInterceptableSite.call;io.restassured.internal.RequestSpecificationImpl.invokeMethod;groovy.lang.MetaClassImpl.invokeMethod;groovy.lang.MetaClassImpl.invokeMethod;groovy.lang.MetaClassImpl.invokeMethod;groovy.lang.MetaClassImpl.doInvokeMethod;groovy.lang.MetaMethod.doMethodInvoke;org.codehaus.groovy.reflection.CachedMethod.invoke;java.lang.reflect.Method.invoke;jdk.internal.reflect.DirectMethodHandleAccessor.invoke;jdk.internal.reflect.DirectMethodHandleAccessor.invokeImpl;java.lang.invoke.Invokers$Holder.invokeExact_MT;java.lang.invoke.LambdaForm$MH/0x000001f9e6211000.invoke;java.lang.invoke.LambdaForm$DMH/0x000001f9e6210000.invokeVirtual;io.restassured.internal.RequestSpecificationImpl.this$2$sendRequest;io.restassured.internal.RequestSpecificationImpl.sendRequest;org.codehaus.groovy.runtime.typehandling.DefaultTypeTransformation.booleanUnbox;org.codehaus.groovy.runtime.typehandling.DefaultTypeTransformation.castToBoolean;org.codehaus.groovy.runtime.InvokerHelper.invokeMethod;org.codehaus.groovy.runtime.InvokerHelper.invokePojoMethod;org.codehaus.groovy.runtime.InvokerHelper.getMetaClass;org.codehaus.groovy.runtime.metaclass.MetaClassRegistryImpl.getMetaClass;org.codehaus.groovy.reflection.ClassInfo.getMetaClass;org.codehaus.groovy.reflection.ClassInfo.getMetaClass;org.codehaus.groovy.reflection.ClassInfo.getMetaClassUnderLock;groovy.lang.MetaClassImpl.initialize;groovy.lang.MetaClassImpl.reinitialize;groovy.lang.MetaClassImpl.addProperties;groovy.lang.MetaClassImpl.setupProperties;groovy.lang.MetaClassImpl.applyStrayPropertyMethods;groovy.lang.MetaClassImpl.getPropName;java.util.concurrent.ConcurrentHashMap.computeIfAbsent;groovy.lang.MetaClassImpl$$Lambda/0x000001f9e6144ad0.apply;groovy.lang.MetaClassImpl.lambda$getPropName$21;org.apache.groovy.util.BeanUtils.decapitalize,0.0000
org.apache.maven.surefire.booter.ForkedBooter.main;org.apache.maven.surefire.booter.ForkedBooter.run;org.apache.maven.surefire.booter.ForkedBooter.execute;org.apache.maven.surefire.booter.ForkedBooter.runSuitesInProcess;org.apache.maven.surefire.junitplatform.JUnitPlatformProvider.invoke;org.apache.maven.surefire.junitplatform.JUnitPlatformProvider.invokeAllTests;org.apache.maven.surefire.junitplatform.JUnitPlatformProvider.execute;org.apache.maven.surefire.junitplatform.LazyLauncher.execute;org.junit.platform.launcher.core.DelegatingLauncher.execute;org.junit.platform.launcher.core.DefaultLauncher.execute;org.junit.platform.launcher.core.DefaultLauncher.execute;org.junit.platform.launcher.core.EngineExecutionOrchestrator.execute;org.junit.platform.launcher.core.EngineExecutionOrchestrator.withInterceptedStreams;org.junit.platform.launcher.core.EngineExecutionOrchestrator$$Lambda/0x000001f9e60a6e28.accept;org.junit.platform.launcher.core.EngineExecutionOrchestrator.lambda$execute$0;org.junit.platform.launcher.core.EngineExecutionOrchestrator.execute;org.junit.platform.launcher.core.EngineExecutionOrchestrator.execute;org.junit.platform.launcher.core.EngineExecutionOrchestrator.execute;org.junit.platform.engine.support.hierarchical.HierarchicalTestEngine.execute;org.junit.platform.engine.support.hierarchical.HierarchicalTestExecutor.execute;org.junit.platform.engine.support.hierarchical.SameThreadHierarchicalTestExecutorService.submit;org.junit.platform.engine.support.hierarchical.NodeTestTask.execute;org.junit.platform.engine.support.hierarchical.NodeTestTask.executeRecursively;org.junit.platform.engine.support.hierarchical.ThrowableCollector.execute;org.junit.platform.engine.support.hierarchical.NodeTestTask$$Lambda/0x000001f9e60b6e68.execute;org.junit.platform.engine.support.hierarchical.NodeTestTask.lambda$executeRecursively$9;org.junit.platform.engine.support.hierarchical.Node.around;org.junit.platform.engine.support.hierarchical.NodeTestTask$$Lambda/0x000001f9e60b7290.invoke;org.junit.platform.engine.support.hierarchical.NodeTestTask.lambda$executeRecursively$8;org.junit.platform.engine.support.hierarchical.ThrowableCollector.execute;org.junit.platform.engine.support.hierarchical.NodeTestTask$$Lambda/0x000001f9e60b74b8.execute;org.junit.platform.engine.support.hierarchical.NodeTestTask.lambda$executeRecursively$6;org.junit.platform.engine.support.hierarchical.SameThreadHierarchicalTestExecutorService.invokeAll;java.util.ArrayList.forEach;org.junit.platform.engine.support.hierarchical.SameThreadHierarchicalTestExecutorService$$Lambda/0x000001f9e60bc000.accept;org.junit.platform.engine.support.hierarchical.NodeTestTask.execute;org.junit.platform.engine.support.hierarchical.NodeTestTask.executeRecursively;org.junit.platform.engine.support.hierarchical.ThrowableCollector.execute;org.junit.platform.engine.support.hierarchical.NodeTestTask$$Lambda/0x000001f9e60b6e68.execute;org.junit.platform.engine.support.hierarchical.NodeTestTask.lambda$executeRecursively$9;org.junit.platform.engine.support.hierarchical.Node.around;org.junit.platform.engine.support.hierarchical.NodeTestTask$$Lambda/0x000001f9e60b7290.invoke;org.junit.platform.engine.support.hierarchical.NodeTestTask.lambda$executeRecursively$8;org.junit.platform.engine.support.hierarchical.ThrowableCollector.execute;org.junit.platform.engine.support.hierarchical.NodeTestTask$$Lambda/0x000001f9e60b74b8.execute;org.junit.platform.engine.support.hierarchical.NodeTestTask.lambda$executeRecursively$6;org.junit.platform.engine.support.hierarchical.SameThreadHierarchicalTestExecutorService.invokeAll;java.util.ArrayList.forEach;org.junit.platform.engine.support.hierarchical.SameThreadHierarchicalTestExecutorService$$Lambda/0x000001f9e60bc000.accept;org.junit.platform.engine.support.hierarchical.NodeTestTask.execute;org.junit.platform.engine.support.hierarchical.NodeTestTask.executeRecursively;org.junit.platform.engine.support.hierarchical.ThrowableCollector.execute;org.junit.platform.engine.support.hierarchical.NodeTestTask$$Lambda/0x000001f9e60b6e68.execute;org.junit.platform.engine.support.hierarchical.NodeTestTask.lambda$executeRecursively$9;org.junit.platform.engine.support.hierarchical.Node.around;org.junit.platform.engine.support.hierarchical.NodeTestTask$$Lambda/0x000001f9e60b7290.invoke;org.junit.platform.engine.support.hierarchical.NodeTestTask.lambda$executeRecursively$8;org.junit.platform.engine.support.hierarchical.ThrowableCollector.execute;org.junit.platform.engine.support.hierarchical.NodeTestTask$$Lambda/0x000001f9e60b74b8.execute;org.junit.platform.engine.support.hierarchical.NodeTestTask.lambda$executeRecursively$6;org.junit.jupiter.engine.descriptor.TestMethodTestDescriptor.execute;org.junit.jupiter.engine.descriptor.TestMethodTestDescriptor.execute;org.junit.jupiter.engine.descriptor.TestMethodTestDescriptor.invokeTestMethod;org.junit.platform.engine.support.hierarchical.ThrowableCollector.execute;org.junit.jupiter.engine.descriptor.TestMethodTestDescriptor$$Lambda/0x000001f9e6176848.execute;org.junit.jupiter.engine.descriptor.TestMethodTestDescriptor.lambda$invokeTestMethod$7;org.junit.jupiter.engine.execution.InterceptingExecutableInvoker.invoke;org.junit.jupiter.engine.execution.InterceptingExecutableInvoker.invoke;org.junit.jupiter.engine.execution.InvocationInterceptorChain.invoke;org.junit.jupiter.engine.execution.InvocationInterceptorChain.chainAndInvoke;org.junit.jupiter.engine.execution.InvocationInterceptorChain.proceed;org.junit.jupiter.engine.execution.InvocationInterceptorChain$InterceptedInvocation.proceed;org.junit.jupiter.engine.execution.InterceptingExecutableInvoker$$Lambda/0x000001f9e6104a00.apply;org.junit.jupiter.engine.execution.InterceptingExecutableInvoker.lambda$invoke$0;org.junit.jupiter.engine.execution.InterceptingExecutableInvoker$ReflectiveInterceptorCall$$Lambda/0x000001f9e60930f0.apply;org.junit.jupiter.engine.execution.InterceptingExecutableInvoker$ReflectiveInterceptorCall.lambda$ofVoidMethod$0;org.junit.jupiter.engine.descriptor.TestMethodTestDescriptor$$Lambda/0x000001f9e6092cd0.apply;org.junit.jupiter.engine.extension.TimeoutExtension.interceptTestMethod;org.junit.jupiter.engine.extension.TimeoutExtension.interceptTestableMethod;org.junit.jupiter.engine.extension.TimeoutExtension.intercept;org.junit.jupiter.engine.execution.InvocationInterceptorChain$ValidatingInvocation.proceed;org.junit.jupiter.engine.execution.MethodInvocation.proceed;org.junit.platform.commons.util.ReflectionUtils.invokeMethod;java.lang.reflect.Method.invoke;jdk.internal.reflect.DirectMethodHandleAccessor.invoke;jdk.internal.reflect.DirectMethodHandleAccessor.invokeImpl;java.lang.invoke.Invokers$Holder.invokeExact_MT;java.lang.invoke.LambdaForm$MH/0x000001f9e6171000.invoke;java.lang.invoke.LambdaForm$DMH/0x000001f9e6170800.invokeVirtual;com.collaboration.petclinic.api.tests.PetAPITests.testAddPetSuccessfully;io.restassured.RestAssured.given;io.restassured.RestAssured.createTestSpecification;io.restassured.internal.RequestSpecificationImpl.<clinit>;org.codehaus.groovy.runtime.callsite.AbstractCallSite.call;org.codehaus.groovy.runtime.callsite.AbstractCallSite.call;org.codehaus.groovy.runtime.callsite.CallSiteArray.defaultCall;org.codehaus.groovy.runtime.callsite.CallSiteArray.createCallSite;org.codehaus.groovy.runtime.callsite.CallSiteArray.createPojoSite;groovy.lang.MetaClassImpl.createPojoCallSite;groovy.lang.MetaClassImpl.getMethodWithCachingInternal;groovy.lang.MetaClassImpl.chooseMethod;groovy.lang.MetaClassImpl.chooseMethodInternal;groovy.lang.MetaClassImpl.chooseMostSpecificParams;groovy.lang.MetaClassImpl.doChooseMostSpecificParams;org.codehaus.groovy.runtime.MetaClassHelper.calculateParameterDistance;org.codehaus.groovy.runtime.MetaClassHelper.calculateParameterDistance;org.codehaus.groovy.reflection.ReflectionCache.autoboxType;org.codehaus.groovy.classgen.asm.util.TypeUtil.<clinit>;org.codehaus.groovy.ast.ClassHelper.<clinit>;org.codehaus.groovy.ast.ClassHelper.makeCached;org.codehaus.groovy.ast.ClassHelper$ClassHelperCache.<clinit>;org.apache.groovy.util.concurrent.ManagedIdentityConcurrentMap.<init>;org.apache.groovy.util.concurrent.ManagedIdentityConcurrentMap.<init>;java.util.EnumSet.of;java.util.EnumSet.noneOf;java.util.EnumSet.getUniverse;java.lang.System$2.getEnumConstantsShared;java.lang.Class.getEnumConstantsShared;java.lang.Class.getMethod;java.lang.Class.getMethod0;java.lang.Class.getMethodsRecursive;java.lang.Class.privateGetDeclaredMethods;java.lang.Class.reflectionData;java.lang.Class.newReflectionData;java.lang.Class$Atomic.casReflectionData;jdk.internal.misc.Unsafe.compareAndSetReference,0.0000
org.apache.maven.surefire.booter.ForkedBooter.main;org.apache.maven.surefire.booter.ForkedBooter.run;org.apache.maven.surefire.booter.ForkedBooter.execute;org.apache.maven.surefire.booter.ForkedBooter.runSuitesInProcess;org.apache.maven.surefire.junitplatform.JUnitPlatformProvider.invoke;org.apache.maven.surefire.junitplatform.JUnitPlatformProvider.invokeAllTests;org.apache.maven.surefire.junitplatform.JUnitPlatformProvider.execute;org.apache.maven.surefire.junitplatform.LazyLauncher.execute;org.junit.platform.launcher.core.DelegatingLauncher.execute;org.junit.platform.launcher.core.DefaultLauncher.execute;org.junit.platform.launcher.core.DefaultLauncher.execute;org.junit.platform.launcher.core.EngineExecutionOrchestrator.execute;org.junit.platform.launcher.core.EngineExecutionOrchestrator.withInterceptedStreams;org.junit.platform.launcher.core.EngineExecutionOrchestrator$$Lambda/0x000001f9e60a6e28.accept;org.junit.platform.launcher.core.EngineExecutionOrchestrator.lambda$execute$0;org.junit.platform.launcher.core.EngineExecutionOrchestrator.execute;org.junit.platform.launcher.core.EngineExecutionOrchestrator.execute;org.junit.platform.launcher.core.EngineExecutionOrchestrator.execute;org.junit.platform.engine.support.hierarchical.HierarchicalTestEngine.execute;org.junit.platform.engine.support.hierarchical.HierarchicalTestExecutor.execute;org.junit.platform.engine.support.hierarchical.SameThreadHierarchicalTestExecutorService.submit;org.junit.platform.engine.support.hierarchical.NodeTestTask.execute;org.junit.platform.engine.support.hierarchical.NodeTestTask.executeRecursively;org.junit.platform.engine.support.hierarchical.ThrowableCollector.execute;org.junit.platform.engine.support.hierarchical.NodeTestTask$$Lambda/0x000001f9e60b6e68.execute;org.junit.platform.engine.support.hierarchical.NodeTestTask.lambda$executeRecursively$9;org.junit.platform.engine.support.hierarchical.Node.around;org.junit.platform.engine.support.hierarchical.NodeTestTask$$Lambda/0x000001f9e60b7290.invoke;org.junit.platform.engine.support.hierarchical.NodeTestTask.lambda$executeRecursively$8;org.junit.platform.engine.support.hierarchical.ThrowableCollector.execute;org.junit.platform.engine.support.hierarchical.NodeTestTask$$Lambda/0x000001f9e60b74b8.execute;org.junit.platform.engine.support.hierarchical.NodeTestTask.lambda$executeRecursively$6;org.junit.platform.engine.support.hierarchical.SameThreadHierarchicalTestExecutorService.invokeAll;java.util.ArrayList.forEach;org.junit.platform.engine.support.hierarchical.SameThreadHierarchicalTestExecutorService$$Lambda/0x000001f9e60bc000.accept;org.junit.platform.engine.support.hierarchical.NodeTestTask.execute;org.junit.platform.engine.support.hierarchical.NodeTestTask.executeRecursively;org.junit.platform.engine.support.hierarchical.ThrowableCollector.execute;org.junit.platform.engine.support.hierarchical.NodeTestTask$$Lambda/0x000001f9e60b6e68.execute;org.junit.platform.engine.support.hierarchical.NodeTestTask.lambda$executeRecursively$9;org.junit.platform.engine.support.hierarchical.Node.around;org.junit.platform.engine.support.hierarchical.NodeTestTask$$Lambda/0x000001f9e60b7290.invoke;org.junit.platform.engine.support.hierarchical.NodeTestTask.lambda$executeRecursively$8;org.junit.platform.engine.support.hierarchical.ThrowableCollector.execute;org.junit.platform.engine.support.hierarchical.NodeTestTask$$Lambda/0x000001f9e60b74b8.execute;org.junit.platform.engine.support.hierarchical.NodeTestTask.lambda$executeRecursively$6;org.junit.jupiter.engine.descriptor.ClassBasedTestDescriptor.before;org.junit.jupiter.engine.descriptor.ClassBasedTestDescriptor.before;org.junit.jupiter.engine.descriptor.ClassBasedTestDescriptor.invokeBeforeAllMethods;org.junit.platform.engine.support.hierarchical.ThrowableCollector.execute;org.junit.jupiter.engine.descriptor.ClassBasedTestDescriptor$$Lambda/0x000001f9e6105478.execute;org.junit.jupiter.engine.descriptor.ClassBasedTestDescriptor.lambda$invokeBeforeAllMethods$13;org.junit.jupiter.engine.execution.InterceptingExecutableInvoker.invoke;org.junit.jupiter.engine.execution.InterceptingExecutableInvoker.invoke;org.junit.jupiter.engine.execution.InvocationInterceptorChain.invoke;org.junit.jupiter.engine.execution.InvocationInterceptorChain.chainAndInvoke;org.junit.jupiter.engine.execution.InvocationInterceptorChain.proceed;org.junit.jupiter.engine.execution.InvocationInterceptorChain$InterceptedInvocation.proceed;org.junit.jupiter.engine.execution.InterceptingExecutableInvoker$$Lambda/0x000001f9e6104a00.apply;org.junit.jupiter.engine.execution.InterceptingExecutableInvoker.lambda$invoke$0;org.junit.jupiter.engine.execution.InterceptingExecutableInvoker$ReflectiveInterceptorCall$$Lambda/0x000001f9e60930f0.apply;org.junit.jupiter.engine.execution.InterceptingExecutableInvoker$ReflectiveInterceptorCall.lambda$ofVoidMethod$0;org.junit.jupiter.engine.descriptor.ClassBasedTestDescriptor$$Lambda/0x000001f9e61056a0.apply;org.junit.jupiter.engine.extension.TimeoutExtension.interceptBeforeAllMethod;org.junit.jupiter.engine.extension.TimeoutExtension.interceptLifecycleMethod;org.junit.jupiter.engine.extension.TimeoutExtension.intercept;org.junit.jupiter.engine.execution.InvocationInterceptorChain$ValidatingInvocation.proceed;org.junit.jupiter.engine.execution.MethodInvocation.proceed;org.junit.platform.commons.util.ReflectionUtils.invokeMethod;java.lang.reflect.Method.invoke;jdk.internal.reflect.DirectMethodHandleAccessor.invoke;jdk.internal.reflect.DirectMethodHandleAccessor.invokeImpl;java.lang.invoke.Invokers$Holder.invokeExact_MT;java.lang.invoke.LambdaForm$MH/0x000001f9e610c400.invoke;java.lang.invoke.DirectMethodHandle$Holder.invokeStatic;com.collaboration.petclinic.api.tests.PetAPITests.setup;io.restassured.RestAssured.<clinit>;io.restassured.authentication.NoAuthScheme.<init>;io.restassured.authentication.NoAuthScheme.$getStaticMetaClass;org.codehaus.groovy.reflection.ClassInfo.getClassInfo;java.lang.ClassValue.get;java.lang.ClassValue.getFromBackup;java.lang.ClassValue.getFromHashMap;org.codehaus.groovy.reflection.v7.GroovyClassValueJava7.computeValue;org.codehaus.groovy.reflection.ClassInfo$1.computeValue;org.codehaus.groovy.reflection.ClassInfo$1.computeValue;org.codehaus.groovy.reflection.ClassInfo.<init>;java.lang.ClassLoader.loadClass;jdk.internal.loader.ClassLoaders$AppClassLoader.loadClass;jdk.internal.loader.BuiltinClassLoader.loadClass;jdk.internal.loader.BuiltinClassLoader.loadClassOrNull;java.lang.ClassLoader.getClassLoadingLock;java.util.concurrent.ConcurrentHashMap.putIfAbsent;java.util.concurrent.ConcurrentHashMap.putVal;java.util.concurrent.ConcurrentHashMap.addCount;java.util.concurrent.ConcurrentHashMap.transfer,0.0000
org.apache.maven.surefire.booter.ForkedBooter.main;org.apache.maven.surefire.booter.ForkedBooter.run;org.apache.maven.surefire.booter.ForkedBooter.execute;org.apache.maven.surefire.booter.ForkedBooter.runSuitesInProcess;org.apache.maven.surefire.junitplatform.JUnitPlatformProvider.invoke;org.apache.maven.surefire.junitplatform.JUnitPlatformProvider.invokeAllTests;org.apache.maven.surefire.junitplatform.JUnitPlatformProvider.execute;org.apache.maven.surefire.junitplatform.LazyLauncher.execute;org.junit.platform.launcher.core.DelegatingLauncher.execute;org.junit.platform.launcher.core.DefaultLauncher.execute;org.junit.platform.launcher.core.DefaultLauncher.execute;org.junit.platform.launcher.core.EngineExecutionOrchestrator.execute;org.junit.platform.launcher.core.EngineExecutionOrchestrator.withInterceptedStreams;org.junit.platform.launcher.core.EngineExecutionOrchestrator$$Lambda/0x000001f9e60a6e28.accept;org.junit.platform.launcher.core.EngineExecutionOrchestrator.lambda$execute$0;org.junit.platform.launcher.core.EngineExecutionOrchestrator.execute;org.junit.platform.launcher.core.EngineExecutionOrchestrator.execute;org.junit.platform.launcher.core.EngineExecutionOrchestrator.execute;org.junit.platform.engine.support.hierarchical.HierarchicalTestEngine.execute;org.junit.platform.engine.support.hierarchical.HierarchicalTestExecutor.execute;org.junit.platform.engine.support.hierarchical.SameThreadHierarchicalTestExecutorService.submit;org.junit.platform.engine.support.hierarchical.NodeTestTask.execute;org.junit.platform.engine.support.hierarchical.NodeTestTask.executeRecursively;org.junit.platform.engine.support.hierarchical.ThrowableCollector.execute;org.junit.platform.engine.support.hierarchical.NodeTestTask$$Lambda/0x000001f9e60b6e68.execute;org.junit.platform.engine.support.hierarchical.NodeTestTask.lambda$executeRecursively$9;org.junit.platform.engine.support.hierarchical.Node.around;org.junit.platform.engine.support.hierarchical.NodeTestTask$$Lambda/0x000001f9e60b7290.invoke;org.junit.platform.engine.support.hierarchical.NodeTestTask.lambda$executeRecursively$8;org.junit.platform.engine.support.hierarchical.ThrowableCollector.execute;org.junit.platform.engine.support.hierarchical.NodeTestTask$$Lambda/0x000001f9e60b74b8.execute;org.junit.platform.engine.support.hierarchical.NodeTestTask.lambda$executeRecursively$6;org.junit.platform.engine.support.hierarchical.SameThreadHierarchicalTestExecutorService.invokeAll;java.util.ArrayList.forEach;org.junit.platform.engine.support.hierarchical.SameThreadHierarchicalTestExecutorService$$Lambda/0x000001f9e60bc000.accept;org.junit.platform.engine.support.hierarchical.NodeTestTask.execute;org.junit.platform.engine.support.hierarchical.NodeTestTask.executeRecursively;org.junit.platform.engine.support.hierarchical.ThrowableCollector.execute;org.junit.platform.engine.support.hierarchical.NodeTestTask$$Lambda/0x000001f9e60b6e68.execute;org.junit.platform.engine.support.hierarchical.NodeTestTask.lambda$executeRecursively$9;org.junit.platform.engine.support.hierarchical.Node.around;org.junit.platform.engine.support.hierarchical.NodeTestTask$$Lambda/0x000001f9e60b7290.invoke;org.junit.platform.engine.support.hierarchical.NodeTestTask.lambda$executeRecursively$8;org.junit.platform.engine.support.hierarchical.ThrowableCollector.execute;org.junit.platform.engine.support.hierarchical.NodeTestTask$$Lambda/0x000001f9e60b74b8.execute;org.junit.platform.engine.support.hierarchical.NodeTestTask.lambda$executeRecursively$6;org.junit.platform.engine.support.hierarchical.SameThreadHierarchicalTestExecutorService.invokeAll;java.util.ArrayList.forEach;org.junit.platform.engine.support.hierarchical.SameThreadHierarchicalTestExecutorService$$Lambda/0x000001f9e60bc000.accept;org.junit.platform.engine.support.hierarchical.NodeTestTask.execute;org.junit.platform.engine.support.hierarchical.NodeTestTask.executeRecursively;org.junit.platform.engine.support.hierarchical.ThrowableCollector.execute;org.junit.platform.engine.support.hierarchical.NodeTestTask$$Lambda/0x000001f9e60b6e68.execute;org.junit.platform.engine.support.hierarchical.NodeTestTask.lambda$executeRecursively$9;org.junit.platform.engine.support.hierarchical.Node.around;org.junit.platform.engine.support.hierarchical.NodeTestTask$$Lambda/0x000001f9e60b7290.invoke;org.junit.platform.engine.support.hierarchical.NodeTestTask.lambda$executeRecursively$8;org.junit.platform.engine.support.hierarchical.ThrowableCollector.execute;org.junit.platform.engine.support.hierarchical.NodeTestTask$$Lambda/0x000001f9e60b74b8.execute;org.junit.platform.engine.support.hierarchical.NodeTestTask.lambda$executeRecursively$6;org.junit.jupiter.engine.descriptor.TestMethodTestDescriptor.execute;org.junit.jupiter.engine.descriptor.TestMethodTestDescriptor.execute;org.junit.jupiter.engine.descriptor.TestMethodTestDescriptor.invokeTestMethod;org.junit.platform.engine.support.hierarchical.ThrowableCollector.execute;org.junit.jupiter.engine.descriptor.TestMethodTestDescriptor$$Lambda/0x000001f9e6176848.execute;org.junit.jupiter.engine.descriptor.TestMethodTestDescriptor.lambda$invokeTestMethod$7;org.junit.jupiter.engine.execution.InterceptingExecutableInvoker.invoke;org.junit.jupiter.engine.execution.InterceptingExecutableInvoker.invoke;org.junit.jupiter.engine.execution.InvocationInterceptorChain.invoke;org.junit.jupiter.engine.execution.InvocationInterceptorChain.chainAndInvoke;org.junit.jupiter.engine.execution.InvocationInterceptorChain.proceed;org.junit.jupiter.engine.execution.InvocationInterceptorChain$InterceptedInvocation.proceed;org.junit.jupiter.engine.execution.InterceptingExecutableInvoker$$Lambda/0x000001f9e6104a00.apply;org.junit.jupiter.engine.execution.InterceptingExecutableInvoker.lambda$invoke$0;org.junit.jupiter.engine.execution.InterceptingExecutableInvoker$ReflectiveInterceptorCall$$Lambda/0x000001f9e60930f0.apply;org.junit.jupiter.engine.execution.InterceptingExecutableInvoker$ReflectiveInterceptorCall.lambda$ofVoidMethod$0;org.junit.jupiter.engine.descriptor.TestMethodTestDescriptor$$Lambda/0x000001f9e6092cd0.apply;org.junit.jupiter.engine.extension.TimeoutExtension.interceptTestMethod;org.junit.jupiter.engine.extension.TimeoutExtension.interceptTestableMethod;org.junit.jupiter.engine.extension.TimeoutExtension.intercept;org.junit.jupiter.engine.execution.InvocationInterceptorChain$ValidatingInvocation.proceed;org.junit.jupiter.engine.execution.MethodInvocation.proceed;org.junit.platform.commons.util.ReflectionUtils.invokeMethod;java.lang.reflect.Method.invoke;jdk.internal.reflect.DirectMethodHandleAccessor.invoke;jdk.internal.reflect.DirectMethodHandleAccessor.invokeImpl;java.lang.invoke.Invokers$Holder.invokeExact_MT;java.lang.invoke.LambdaForm$MH/0x000001f9e6171000.invoke;java.lang.invoke.LambdaForm$DMH/0x000001f9e6170800.invokeVirtual;com.collaboration.petclinic.api.tests.PetAPITests.testAddPetSuccessfully;io.restassured.internal.RequestSpecificationImpl.post;io.restassured.internal.RequestSpecificationImpl.post;org.codehaus.groovy.runtime.callsite.AbstractCallSite.callCurrent;org.codehaus.groovy.runtime.callsite.AbstractCallSite.callCurrent;org.codehaus.groovy.runtime.callsite.CallSiteArray.defaultCallCurrent;org.codehaus.groovy.runtime.callsite.PogoInterceptableSite.callCurrent;org.codehaus.groovy.runtime.callsite.PogoInterceptableSite.call;io.restassured.internal.RequestSpecificationImpl.invokeMethod;groovy.lang.MetaClassImpl.invokeMethod;groovy.lang.MetaClassImpl.invokeMethod;groovy.lang.MetaClassImpl.invokeMethod;groovy.lang.MetaClassImpl.doInvokeMethod;groovy.lang.MetaMethod.doMethodInvoke;org.codehaus.groovy.reflection.CachedMethod.invoke;java.lang.reflect.Method.invoke;jdk.internal.reflect.DirectMethodHandleAccessor.invoke;jdk.internal.reflect.DirectMethodHandleAccessor.invokeImpl;java.lang.invoke.Invokers$Holder.invokeExact_MT;java.lang.invoke.LambdaForm$MH/0x000001f9e61a3400.invoke;java.lang.invoke.LambdaForm$DMH/0x000001f9e61a2400.invokeVirtual;io.restassured.internal.RequestSpecificationImpl.this$2$applyPathParamsAndSendRequest;io.restassured.internal.RequestSpecificationImpl.applyPathParamsAndSendRequest;org.codehaus.groovy.runtime.callsite.AbstractCallSite.callCurrent;org.codehaus.groovy.runtime.callsite.AbstractCallSite.callCurrent;org.codehaus.groovy.runtime.callsite.CallSiteArray.defaultCallCurrent;org.codehaus.groovy.runtime.callsite.PogoInterceptableSite.callCurrent;org.codehaus.groovy.runtime.callsite.PogoInterceptableSite.call;io.restassured.internal.RequestSpecificationImpl.invokeMethod;groovy.lang.MetaClassImpl.invokeMethod;groovy.lang.MetaClassImpl.invokeMethod;groovy.lang.MetaClassImpl.invokeMethod;groovy.lang.MetaClassImpl.doInvokeMethod;groovy.lang.MetaMethod.doMethodInvoke;org.codehaus.groovy.reflection.CachedMethod.invoke;java.lang.reflect.Method.invoke;jdk.internal.reflect.DirectMethodHandleAccessor.invoke;jdk.internal.reflect.DirectMethodHandleAccessor.invokeImpl;java.lang.invoke.Invokers$Holder.invokeExact_MT;java.lang.invoke.LambdaForm$MH/0x000001f9e61a4400.invoke;java.lang.invoke.LambdaForm$DMH/0x000001f9e61a2400.invokeVirtual;io.restassured.internal.RequestSpecificationImpl.this$2$applyPathParamsAndSendRequest;io.restassured.internal.RequestSpecificationImpl.applyPathParamsAndSendRequest;org.codehaus.groovy.runtime.callsite.AbstractCallSite.call;org.codehaus.groovy.runtime.callsite.AbstractCallSite.call;org.codehaus.groovy.runtime.callsite.CallSiteArray.defaultCall;io.restassured.filter.FilterContext$next.call;io.restassured.internal.filter.FilterContextImpl.next;org.codehaus.groovy.runtime.callsite.AbstractCallSite.call;org.codehaus.groovy.runtime.callsite.AbstractCallSite.call;org.codehaus.groovy.runtime.callsite.CallSiteArray.defaultCall;io.restassured.filter.Filter$filter.call;io.restassured.internal.filter.CsrfFilter.filter;org.codehaus.groovy.runtime.callsite.AbstractCallSite.call;org.codehaus.groovy.runtime.callsite.AbstractCallSite.call;org.codehaus.groovy.runtime.callsite.CallSiteArray.defaultCall;io.restassured.filter.FilterContext$next.call;io.restassured.internal.filter.FilterContextImpl.next;io.restassured.filter.Filter$filter.call;org.codehaus.groovy.runtime.callsite.CallSiteArray.defaultCall;io.restassured.filter.Filter$filter$0.call;io.restassured.filter.time.TimingFilter.filter;io.restassured.internal.filter.FilterContextImpl.next;io.restassured.filter.Filter$filter$0.call;org.codehaus.groovy.runtime.callsite.CallSiteArray.defaultCall;io.restassured.filter.Filter$filter.call;io.restassured.internal.filter.SendRequestFilter.filter;org.codehaus.groovy.runtime.callsite.AbstractCallSite.call;org.codehaus.groovy.runtime.callsite.AbstractCallSite.call;org.codehaus.groovy.runtime.callsite.CallSiteArray.defaultCall;org.codehaus.groovy.runtime.callsite.PogoInterceptableSite.call;io.restassured.internal.RequestSpecificationImpl.invokeMethod;groovy.lang.MetaClassImpl.invokeMethod;groovy.lang.MetaClassImpl.invokeMethod;groovy.lang.MetaClassImpl.invokeMethod;groovy.lang.MetaClassImpl.doInvokeMethod;groovy.lang.MetaMethod.doMethodInvoke;org.codehaus.groovy.reflection.CachedMethod.invoke;java.lang.reflect.Method.invoke;jdk.internal.reflect.DirectMethodHandleAccessor.invoke;jdk.internal.reflect.DirectMethodHandleAccessor.invokeImpl;java.lang.invoke.Invokers$Holder.invokeExact_MT;java.lang.invoke.LambdaForm$MH/0x000001f9e6211000.invoke;java.lang.invoke.LambdaForm$DMH/0x000001f9e6210000.invokeVirtual;io.restassured.internal.RequestSpecificationImpl.this$2$sendRequest;io.restassured.internal.RequestSpecificationImpl.sendRequest;org.codehaus.groovy.runtime.callsite.AbstractCallSite.callCurrent;org.codehaus.groovy.runtime.callsite.AbstractCallSite.callCurrent;org.codehaus.groovy.runtime.callsite.CallSiteArray.defaultCallCurrent;org.codehaus.groovy.runtime.callsite.PogoInterceptableSite.callCurrent;org.codehaus.groovy.runtime.callsite.PogoInterceptableSite.call;io.restassured.internal.RequestSpecificationImpl.invokeMethod;groovy.lang.MetaClassImpl.invokeMethod;groovy.lang.MetaClassImpl.invokeMethod;groovy.lang.MetaClassImpl.invokeMethod;groovy.lang.MetaClassImpl.doInvokeMethod;groovy.lang.MetaMethod.doMethodInvoke;org.codehaus.groovy.reflection.CachedMethod.invoke;java.lang.reflect.Method.invoke;jdk.internal.reflect.DirectMethodHandleAccessor.invoke;jdk.internal.reflect.DirectMethodHandleAccessor.invokeImpl;java.lang.invoke.Invokers$Holder.invokeExact_MT;java.lang.invoke.LambdaForm$MH/0x000001f9e618e400.invoke;java.lang.invoke.LambdaForm$DMH/0x000001f9e602c000.invokeVirtual;io.restassured.internal.RequestSpecificationImpl.this$2$applyProxySettings;io.restassured.internal.RequestSpecificationImpl.applyProxySettings;org.codehaus.groovy.runtime.callsite.AbstractCallSite.callGetProperty;org.codehaus.groovy.runtime.callsite.GetEffectivePojoPropertySite.getProperty;org.codehaus.groovy.runtime.metaclass.MethodMetaProperty$GetBeanMethodMetaProperty.getProperty;groovy.lang.MetaMethod.doMethodInvoke;org.codehaus.groovy.reflection.CachedMethod.invoke;java.lang.reflect.Method.invoke;jdk.internal.reflect.DirectMethodHandleAccessor.invoke;jdk.internal.reflect.DirectMethodHandleAccessor.invokeImpl;java.lang.invoke.Invokers$Holder.invokeExact_MT;java.lang.invoke.LambdaForm$MH/0x000001f9e6020000.invoke;java.lang.invoke.LambdaForm$DMH/0x000001f9e6034000.invokeInterface;org.apache.http.impl.client.AbstractHttpClient.getConnectionManager;org.apache.http.impl.client.AbstractHttpClient.createClientConnectionManager;org.apache.http.impl.conn.SchemeRegistryFactory.createDefault;org.apache.http.conn.ssl.SSLSocketFactory.getSocketFactory;org.apache.http.conn.ssl.SSLContexts.createDefault;javax.net.ssl.SSLContext.init;sun.security.ssl.SSLContextImpl.engineInit;java.util.Random.nextInt;java.security.SecureRandom.next;java.security.SecureRandom.nextBytes;sun.security.provider.DRBG.engineNextBytes;sun.security.provider.AbstractDrbg.engineNextBytes;sun.security.provider.AbstractDrbg.engineNextBytes;sun.security.provider.AbstractDrbg.instantiateIfNecessary;sun.security.provider.AbstractDrbg.getEntropyInput;sun.security.provider.AbstractDrbg.getEntropyInput;sun.security.provider.AbstractDrbg$SeederHolder.<clinit>;sun.security.provider.SeedGenerator.getSystemEntropy;java.security.AccessController.doPrivileged;java.security.AccessController.executePrivileged;sun.security.provider.SeedGenerator$1.run;sun.security.provider.SeedGenerator$1.run;java.util.Properties.stringPropertyNames;java.util.Properties.enumerateStringProperties;java.util.concurrent.ConcurrentHashMap$EntryIterator.next;java.util.concurrent.ConcurrentHashMap$EntryIterator.next,0.0000
org.apache.maven.surefire.booter.ForkedBooter.main;org.apache.maven.surefire.booter.ForkedBooter.run;org.apache.maven.surefire.booter.ForkedBooter.execute;org.apache.maven.surefire.booter.ForkedBooter.runSuitesInProcess;org.apache.maven.surefire.junitplatform.JUnitPlatformProvider.invoke;org.apache.maven.surefire.junitplatform.JUnitPlatformProvider.invokeAllTests;org.apache.maven.surefire.junitplatform.JUnitPlatformProvider.execute;org.apache.maven.surefire.junitplatform.LazyLauncher.execute;org.junit.platform.launcher.core.DelegatingLauncher.execute;org.junit.platform.launcher.core.DefaultLauncher.execute;org.junit.platform.launcher.core.DefaultLauncher.execute;org.junit.platform.launcher.core.EngineExecutionOrchestrator.execute;org.junit.platform.launcher.core.EngineExecutionOrchestrator.withInterceptedStreams;org.junit.platform.launcher.core.EngineExecutionOrchestrator$$Lambda/0x000001f9e60a6e28.accept;org.junit.platform.launcher.core.EngineExecutionOrchestrator.lambda$execute$0;org.junit.platform.launcher.core.EngineExecutionOrchestrator.execute;org.junit.platform.launcher.core.EngineExecutionOrchestrator.execute;org.junit.platform.launcher.core.EngineExecutionOrchestrator.execute;org.junit.platform.engine.support.hierarchical.HierarchicalTestEngine.execute;org.junit.platform.engine.support.hierarchical.HierarchicalTestExecutor.execute;org.junit.platform.engine.support.hierarchical.SameThreadHierarchicalTestExecutorService.submit;org.junit.platform.engine.support.hierarchical.NodeTestTask.execute;org.junit.platform.engine.support.hierarchical.NodeTestTask.executeRecursively;org.junit.platform.engine.support.hierarchical.ThrowableCollector.execute;org.junit.platform.engine.support.hierarchical.NodeTestTask$$Lambda/0x000001f9e60b6e68.execute;org.junit.platform.engine.support.hierarchical.NodeTestTask.lambda$executeRecursively$9;org.junit.platform.engine.support.hierarchical.Node.around;org.junit.platform.engine.support.hierarchical.NodeTestTask$$Lambda/0x000001f9e60b7290.invoke;org.junit.platform.engine.support.hierarchical.NodeTestTask.lambda$executeRecursively$8;org.junit.platform.engine.support.hierarchical.ThrowableCollector.execute;org.junit.platform.engine.support.hierarchical.NodeTestTask$$Lambda/0x000001f9e60b74b8.execute;org.junit.platform.engine.support.hierarchical.NodeTestTask.lambda$executeRecursively$6;org.junit.platform.engine.support.hierarchical.SameThreadHierarchicalTestExecutorService.invokeAll;java.util.ArrayList.forEach;org.junit.platform.engine.support.hierarchical.SameThreadHierarchicalTestExecutorService$$Lambda/0x000001f9e60bc000.accept;org.junit.platform.engine.support.hierarchical.NodeTestTask.execute;org.junit.platform.engine.support.hierarchical.NodeTestTask.executeRecursively;org.junit.platform.engine.support.hierarchical.ThrowableCollector.execute;org.junit.platform.engine.support.hierarchical.NodeTestTask$$Lambda/0x000001f9e60b6e68.execute;org.junit.platform.engine.support.hierarchical.NodeTestTask.lambda$executeRecursively$9;org.junit.platform.engine.support.hierarchical.Node.around;org.junit.platform.engine.support.hierarchical.NodeTestTask$$Lambda/0x000001f9e60b7290.invoke;org.junit.platform.engine.support.hierarchical.NodeTestTask.lambda$executeRecursively$8;org.junit.platform.engine.support.hierarchical.ThrowableCollector.execute;org.junit.platform.engine.support.hierarchical.NodeTestTask$$Lambda/0x000001f9e60b74b8.execute;org.junit.platform.engine.support.hierarchical.NodeTestTask.lambda$executeRecursively$6;org.junit.platform.engine.support.hierarchical.SameThreadHierarchicalTestExecutorService.invokeAll;java.util.ArrayList.forEach;org.junit.platform.engine.support.hierarchical.SameThreadHierarchicalTestExecutorService$$Lambda/0x000001f9e60bc000.accept;org.junit.platform.engine.support.hierarchical.NodeTestTask.execute;org.junit.platform.engine.support.hierarchical.NodeTestTask.executeRecursively;org.junit.platform.engine.support.hierarchical.ThrowableCollector.execute;org.junit.platform.engine.support.hierarchical.NodeTestTask$$Lambda/0x000001f9e60b6e68.execute;org.junit.platform.engine.support.hierarchical.NodeTestTask.lambda$executeRecursively$9;org.junit.platform.engine.support.hierarchical.Node.around;org.junit.platform.engine.support.hierarchical.NodeTestTask$$Lambda/0x000001f9e60b7290.invoke;org.junit.platform.engine.support.hierarchical.NodeTestTask.lambda$executeRecursively$8;org.junit.platform.engine.support.hierarchical.ThrowableCollector.execute;org.junit.platform.engine.support.hierarchical.NodeTestTask$$Lambda/0x000001f9e60b74b8.execute;org.junit.platform.engine.support.hierarchical.NodeTestTask.lambda$executeRecursively$6;org.junit.jupiter.engine.descriptor.TestMethodTestDescriptor.execute;org.junit.jupiter.engine.descriptor.TestMethodTestDescriptor.execute;org.junit.jupiter.engine.descriptor.TestMethodTestDescriptor.invokeTestMethod;org.junit.platform.engine.support.hierarchical.ThrowableCollector.execute;org.junit.jupiter.engine.descriptor.TestMethodTestDescriptor$$Lambda/0x000001f9e6176848.execute;org.junit.jupiter.engine.descriptor.TestMethodTestDescriptor.lambda$invokeTestMethod$7;org.junit.jupiter.engine.execution.InterceptingExecutableInvoker.invoke;org.junit.jupiter.engine.execution.InterceptingExecutableInvoker.invoke;org.junit.jupiter.engine.execution.InvocationInterceptorChain.invoke;org.junit.jupiter.engine.execution.InvocationInterceptorChain.chainAndInvoke;org.junit.jupiter.engine.execution.InvocationInterceptorChain.proceed;org.junit.jupiter.engine.execution.InvocationInterceptorChain$InterceptedInvocation.proceed;org.junit.jupiter.engine.execution.InterceptingExecutableInvoker$$Lambda/0x000001f9e6104a00.apply;org.junit.jupiter.engine.execution.InterceptingExecutableInvoker.lambda$invoke$0;org.junit.jupiter.engine.execution.InterceptingExecutableInvoker$ReflectiveInterceptorCall$$Lambda/0x000001f9e60930f0.apply;org.junit.jupiter.engine.execution.InterceptingExecutableInvoker$ReflectiveInterceptorCall.lambda$ofVoidMethod$0;org.junit.jupiter.engine.descriptor.TestMethodTestDescriptor$$Lambda/0x000001f9e6092cd0.apply;org.junit.jupiter.engine.extension.TimeoutExtension.interceptTestMethod;org.junit.jupiter.engine.extension.TimeoutExtension.interceptTestableMethod;org.junit.jupiter.engine.extension.TimeoutExtension.intercept;org.junit.jupiter.engine.execution.InvocationInterceptorChain$ValidatingInvocation.proceed;org.junit.jupiter.engine.execution.MethodInvocation.proceed;org.junit.platform.commons.util.ReflectionUtils.invokeMethod;java.lang.reflect.Method.invoke;jdk.internal.reflect.DirectMethodHandleAccessor.invoke;jdk.internal.reflect.DirectMethodHandleAccessor.invokeImpl;java.lang.invoke.Invokers$Holder.invokeExact_MT;java.lang.invoke.LambdaForm$MH/0x000001f9e6171000.invoke;java.lang.invoke.LambdaForm$DMH/0x000001f9e6170800.invokeVirtual;com.collaboration.petclinic.api.tests.PetAPITests.testAddPetSuccessfully;io.restassured.internal.RequestSpecificationImpl.contentType;org.codehaus.groovy.runtime.callsite.AbstractCallSite.callCurrent;org.codehaus.groovy.runtime.callsite.AbstractCallSite.callCurrent;org.codehaus.groovy.runtime.callsite.CallSiteArray.defaultCallCurrent;org.codehaus.groovy.runtime.callsite.PogoInterceptableSite.callCurrent;org.codehaus.groovy.runtime.callsite.PogoInterceptableSite.call;io.restassured.internal.RequestSpecificationImpl.invokeMethod;groovy.lang.MetaClassImpl.invokeMethod;groovy.lang.MetaClassImpl.invokeMethod;groovy.lang.MetaClassImpl.invokeMethod;groovy.lang.MetaClassImpl.doInvokeMethod;groovy.lang.MetaMethod.doMethodInvoke;org.codehaus.groovy.reflection.CachedMethod.invoke;java.lang.reflect.Method.invoke;jdk.internal.reflect.DirectMethodHandleAccessor.invoke;jdk.internal.reflect.DirectMethodHandleAccessor.invokeImpl;java.lang.invoke.Invokers$Holder.invokeExact_MT;java.lang.invoke.LambdaForm$MH/0x000001f9e6193c00.invoke;java.lang.invoke.LambdaForm$DMH/0x000001f9e6170400.invokeInterface;io.restassured.internal.RequestSpecificationImpl.header;org.codehaus.groovy.runtime.callsite.AbstractCallSite.callConstructor;org.codehaus.groovy.runtime.callsite.AbstractCallSite.callConstructor;org.codehaus.groovy.runtime.callsite.CallSiteArray.defaultCallConstructor;org.codehaus.groovy.runtime.callsite.CallSiteArray.createCallConstructorSite;org.codehaus.groovy.runtime.InvokerHelper.getMetaClass;org.codehaus.groovy.runtime.metaclass.MetaClassRegistryImpl.getMetaClass;org.codehaus.groovy.reflection.ClassInfo.getMetaClass;org.codehaus.groovy.reflection.ClassInfo.getMetaClassUnderLock;groovy.lang.MetaClassImpl.initialize;groovy.lang.MetaClassImpl.reinitialize;groovy.lang.MetaClassImpl.addProperties;groovy.lang.MetaClassImpl.doPrivileged;java.security.AccessController.doPrivileged;java.security.AccessController.executePrivileged;groovy.lang.MetaClassImpl$$Lambda/0x000001f9e61424f0.run;groovy.lang.MetaClassImpl.lambda$addProperties$25;java.beans.Introspector.getBeanInfo;java.beans.Introspector.getBeanInfo;java.beans.Introspector.getTargetBeanDescriptor;java.beans.Introspector.findCustomizerClass;com.sun.beans.finder.ClassFinder.findClass;java.lang.Class.forName;java.lang.Class.forName;java.lang.Class.forName0;java.lang.ClassLoader.loadClass;jdk.internal.loader.ClassLoaders$AppClassLoader.loadClass;jdk.internal.loader.BuiltinClassLoader.loadClass;java.lang.ClassNotFoundException.<init>;java.lang.ReflectiveOperationException.<init>;java.lang.Exception.<init>;java.lang.Throwable.<init>;java.lang.Throwable.fillInStackTrace;java.lang.Throwable.fillInStackTrace,0.0000
org.apache.maven.surefire.booter.ForkedBooter.main;org.apache.maven.surefire.booter.ForkedBooter.run;org.apache.maven.surefire.booter.ForkedBooter.execute;org.apache.maven.surefire.booter.ForkedBooter.runSuitesInProcess;org.apache.maven.surefire.junitplatform.JUnitPlatformProvider.invoke;org.apache.maven.surefire.junitplatform.JUnitPlatformProvider.invokeAllTests;org.apache.maven.surefire.junitplatform.JUnitPlatformProvider.execute;org.apache.maven.surefire.junitplatform.LazyLauncher.execute;org.junit.platform.launcher.core.DelegatingLauncher.execute;org.junit.platform.launcher.core.DefaultLauncher.execute;org.junit.platform.launcher.core.DefaultLauncher.execute;org.junit.platform.launcher.core.EngineExecutionOrchestrator.execute;org.junit.platform.launcher.core.EngineExecutionOrchestrator.withInterceptedStreams;org.junit.platform.launcher.core.EngineExecutionOrchestrator$$Lambda/0x000001f9e60a6e28.accept;org.junit.platform.launcher.core.EngineExecutionOrchestrator.lambda$execute$0;org.junit.platform.launcher.core.EngineExecutionOrchestrator.execute;org.junit.platform.launcher.core.EngineExecutionOrchestrator.execute;org.junit.platform.launcher.core.EngineExecutionOrchestrator.execute;org.junit.platform.engine.support.hierarchical.HierarchicalTestEngine.execute;org.junit.platform.engine.support.hierarchical.HierarchicalTestExecutor.execute;org.junit.platform.engine.support.hierarchical.SameThreadHierarchicalTestExecutorService.submit;org.junit.platform.engine.support.hierarchical.NodeTestTask.execute;org.junit.platform.engine.support.hierarchical.NodeTestTask.executeRecursively;org.junit.platform.engine.support.hierarchical.ThrowableCollector.execute;org.junit.platform.engine.support.hierarchical.NodeTestTask$$Lambda/0x000001f9e60b6e68.execute;org.junit.platform.engine.support.hierarchical.NodeTestTask.lambda$executeRecursively$9;org.junit.platform.engine.support.hierarchical.Node.around;org.junit.platform.engine.support.hierarchical.NodeTestTask$$Lambda/0x000001f9e60b7290.invoke;org.junit.platform.engine.support.hierarchical.NodeTestTask.lambda$executeRecursively$8;org.junit.platform.engine.support.hierarchical.ThrowableCollector.execute;org.junit.platform.engine.support.hierarchical.NodeTestTask$$Lambda/0x000001f9e60b74b8.execute;org.junit.platform.engine.support.hierarchical.NodeTestTask.lambda$executeRecursively$6;org.junit.platform.engine.support.hierarchical.SameThreadHierarchicalTestExecutorService.invokeAll;java.util.ArrayList.forEach;org.junit.platform.engine.support.hierarchical.SameThreadHierarchicalTestExecutorService$$Lambda/0x000001f9e60bc000.accept;org.junit.platform.engine.support.hierarchical.NodeTestTask.execute;org.junit.platform.engine.support.hierarchical.NodeTestTask.executeRecursively;org.junit.platform.engine.support.hierarchical.ThrowableCollector.execute;org.junit.platform.engine.support.hierarchical.NodeTestTask$$Lambda/0x000001f9e60b6e68.execute;org.junit.platform.engine.support.hierarchical.NodeTestTask.lambda$executeRecursively$9;org.junit.platform.engine.support.hierarchical.Node.around;org.junit.platform.engine.support.hierarchical.NodeTestTask$$Lambda/0x000001f9e60b7290.invoke;org.junit.platform.engine.support.hierarchical.NodeTestTask.lambda$executeRecursively$8;org.junit.platform.engine.support.hierarchical.ThrowableCollector.execute;org.junit.platform.engine.support.hierarchical.NodeTestTask$$Lambda/0x000001f9e60b74b8.execute;org.junit.platform.engine.support.hierarchical.NodeTestTask.lambda$executeRecursively$6;org.junit.platform.engine.support.hierarchical.SameThreadHierarchicalTestExecutorService.invokeAll;java.util.ArrayList.forEach;org.junit.platform.engine.support.hierarchical.SameThreadHierarchicalTestExecutorService$$Lambda/0x000001f9e60bc000.accept;org.junit.platform.engine.support.hierarchical.NodeTestTask.execute;org.junit.platform.engine.support.hierarchical.NodeTestTask.executeRecursively;org.junit.platform.engine.support.hierarchical.ThrowableCollector.execute;org.junit.platform.engine.support.hierarchical.NodeTestTask$$Lambda/0x000001f9e60b6e68.execute;org.junit.platform.engine.support.hierarchical.NodeTestTask.lambda$executeRecursively$9;org.junit.platform.engine.support.hierarchical.Node.around;org.junit.platform.engine.support.hierarchical.NodeTestTask$$Lambda/0x000001f9e60b7290.invoke;org.junit.platform.engine.support.hierarchical.NodeTestTask.lambda$executeRecursively$8;org.junit.platform.engine.support.hierarchical.ThrowableCollector.execute;org.junit.platform.engine.support.hierarchical.NodeTestTask$$Lambda/0x000001f9e60b74b8.execute;org.junit.platform.engine.support.hierarchical.NodeTestTask.lambda$executeRecursively$6;org.junit.jupiter.engine.descriptor.TestMethodTestDescriptor.execute;org.junit.jupiter.engine.descriptor.TestMethodTestDescriptor.execute;org.junit.jupiter.engine.descriptor.TestMethodTestDescriptor.invokeTestMethod;org.junit.platform.engine.support.hierarchical.ThrowableCollector.execute;org.junit.jupiter.engine.descriptor.TestMethodTestDescriptor$$Lambda/0x000001f9e6176848.execute;org.junit.jupiter.engine.descriptor.TestMethodTestDescriptor.lambda$invokeTestMethod$7;org.junit.jupiter.engine.execution.InterceptingExecutableInvoker.invoke;org.junit.jupiter.engine.execution.InterceptingExecutableInvoker.invoke;org.junit.jupiter.engine.execution.InvocationInterceptorChain.invoke;org.junit.jupiter.engine.execution.InvocationInterceptorChain.chainAndInvoke;org.junit.jupiter.engine.execution.InvocationInterceptorChain.proceed;org.junit.jupiter.engine.execution.InvocationInterceptorChain$InterceptedInvocation.proceed;org.junit.jupiter.engine.execution.InterceptingExecutableInvoker$$Lambda/0x000001f9e6104a00.apply;org.junit.jupiter.engine.execution.InterceptingExecutableInvoker.lambda$invoke$0;org.junit.jupiter.engine.execution.InterceptingExecutableInvoker$ReflectiveInterceptorCall$$Lambda/0x000001f9e60930f0.apply;org.junit.jupiter.engine.execution.InterceptingExecutableInvoker$ReflectiveInterceptorCall.lambda$ofVoidMethod$0;org.junit.jupiter.engine.descriptor.TestMethodTestDescriptor$$Lambda/0x000001f9e6092cd0.apply;org.junit.jupiter.engine.extension.TimeoutExtension.interceptTestMethod;org.junit.jupiter.engine.extension.TimeoutExtension.interceptTestableMethod;org.junit.jupiter.engine.extension.TimeoutExtension.intercept;org.junit.jupiter.engine.execution.InvocationInterceptorChain$ValidatingInvocation.proceed;org.junit.jupiter.engine.execution.MethodInvocation.proceed;org.junit.platform.commons.util.ReflectionUtils.invokeMethod;java.lang.reflect.Method.invoke;jdk.internal.reflect.DirectMethodHandleAccessor.invoke;jdk.internal.reflect.DirectMethodHandleAccessor.invokeImpl;java.lang.invoke.Invokers$Holder.invokeExact_MT;java.lang.invoke.LambdaForm$MH/0x000001f9e6171000.invoke;java.lang.invoke.LambdaForm$DMH/0x000001f9e6170800.invokeVirtual;com.collaboration.petclinic.api.tests.PetAPITests.testAddPetSuccessfully;io.restassured.RestAssured.given;io.restassured.RestAssured.createTestSpecification;io.restassured.internal.RequestSpecificationImpl.<init>;org.codehaus.groovy.runtime.callsite.AbstractCallSite.callConstructor;org.codehaus.groovy.runtime.callsite.AbstractCallSite.callConstructor;org.codehaus.groovy.runtime.callsite.CallSiteArray.defaultCallConstructor;org.codehaus.groovy.runtime.callsite.CallSiteArray.createCallConstructorSite;org.codehaus.groovy.runtime.InvokerHelper.getMetaClass;org.codehaus.groovy.runtime.metaclass.MetaClassRegistryImpl.getMetaClass;org.codehaus.groovy.reflection.ClassInfo.getMetaClass;org.codehaus.groovy.reflection.ClassInfo.getMetaClassUnderLock;groovy.lang.MetaClassImpl.initialize;groovy.lang.MetaClassImpl.reinitialize;groovy.lang.MetaClassImpl.addProperties;groovy.lang.MetaClassImpl.doPrivileged;java.security.AccessController.doPrivileged;java.security.AccessController.executePrivileged;groovy.lang.MetaClassImpl$$Lambda/0x000001f9e61424f0.run;groovy.lang.MetaClassImpl.lambda$addProperties$25;java.beans.Introspector.getBeanInfo;java.beans.Introspector.<init>;java.beans.Introspector.getBeanInfo;java.beans.Introspector.getBeanInfo;java.beans.Introspector.getBeanInfo;java.beans.Introspector.getTargetMethodInfo;java.beans.MethodDescriptor.<init>;java.beans.MethodDescriptor.<init>;java.beans.MethodDescriptor.setMethod;java.beans.FeatureDescriptor.getParameterTypes;com.sun.beans.TypeResolver.resolveInClass;com.sun.beans.TypeResolver.resolve;com.sun.beans.TypeResolver.resolve;com.sun.beans.TypeResolver.resolve;com.sun.beans.TypeResolver.resolve;com.sun.beans.TypeResolver.resolve;com.sun.beans.TypeResolver.resolve;java.util.HashMap.get;java.util.HashMap.getNode;java.util.HashMap.hash;sun.reflect.generics.reflectiveObjects.TypeVariableImpl.hashCode;java.lang.reflect.Method.hashCode,0.0000
org.apache.maven.surefire.booter.ForkedBooter.main;org.apache.maven.surefire.booter.ForkedBooter.run;org.apache.maven.surefire.booter.ForkedBooter.execute;org.apache.maven.surefire.booter.ForkedBooter.runSuitesInProcess;org.apache.maven.surefire.junitplatform.JUnitPlatformProvider.invoke;org.apache.maven.surefire.junitplatform.JUnitPlatformProvider.invokeAllTests;org.apache.maven.surefire.junitplatform.JUnitPlatformProvider.execute;org.apache.maven.surefire.junitplatform.LazyLauncher.execute;org.junit.platform.launcher.core.DelegatingLauncher.execute;org.junit.platform.launcher.core.DefaultLauncher.execute;org.junit.platform.launcher.core.DefaultLauncher.execute;org.junit.platform.launcher.core.EngineExecutionOrchestrator.execute;org.junit.platform.launcher.core.EngineExecutionOrchestrator.withInterceptedStreams;org.junit.platform.launcher.core.EngineExecutionOrchestrator$$Lambda/0x000001f9e60a6e28.accept;org.junit.platform.launcher.core.EngineExecutionOrchestrator.lambda$execute$0;org.junit.platform.launcher.core.EngineExecutionOrchestrator.execute;org.junit.platform.launcher.core.EngineExecutionOrchestrator.execute;org.junit.platform.launcher.core.EngineExecutionOrchestrator.execute;org.junit.platform.engine.support.hierarchical.HierarchicalTestEngine.execute;org.junit.platform.engine.support.hierarchical.HierarchicalTestExecutor.execute;org.junit.platform.engine.support.hierarchical.SameThreadHierarchicalTestExecutorService.submit;org.junit.platform.engine.support.hierarchical.NodeTestTask.execute;org.junit.platform.engine.support.hierarchical.NodeTestTask.executeRecursively;org.junit.platform.engine.support.hierarchical.ThrowableCollector.execute;org.junit.platform.engine.support.hierarchical.NodeTestTask$$Lambda/0x000001f9e60b6e68.execute;org.junit.platform.engine.support.hierarchical.NodeTestTask.lambda$executeRecursively$9;org.junit.platform.engine.support.hierarchical.Node.around;org.junit.platform.engine.support.hierarchical.NodeTestTask$$Lambda/0x000001f9e60b7290.invoke;org.junit.platform.engine.support.hierarchical.NodeTestTask.lambda$executeRecursively$8;org.junit.platform.engine.support.hierarchical.ThrowableCollector.execute;org.junit.platform.engine.support.hierarchical.NodeTestTask$$Lambda/0x000001f9e60b74b8.execute;org.junit.platform.engine.support.hierarchical.NodeTestTask.lambda$executeRecursively$6;org.junit.platform.engine.support.hierarchical.SameThreadHierarchicalTestExecutorService.invokeAll;java.util.ArrayList.forEach;org.junit.platform.engine.support.hierarchical.SameThreadHierarchicalTestExecutorService$$Lambda/0x000001f9e60bc000.accept;org.junit.platform.engine.support.hierarchical.NodeTestTask.execute;org.junit.platform.engine.support.hierarchical.NodeTestTask.executeRecursively;org.junit.platform.engine.support.hierarchical.ThrowableCollector.execute;org.junit.platform.engine.support.hierarchical.NodeTestTask$$Lambda/0x000001f9e60b6e68.execute;org.junit.platform.engine.support.hierarchical.NodeTestTask.lambda$executeRecursively$9;org.junit.platform.engine.support.hierarchical.Node.around;org.junit.platform.engine.support.hierarchical.NodeTestTask$$Lambda/0x000001f9e60b7290.invoke;org.junit.platform.engine.support.hierarchical.NodeTestTask.lambda$executeRecursively$8;org.junit.platform.engine.support.hierarchical.ThrowableCollector.execute;org.junit.platform.engine.support.hierarchical.NodeTestTask$$Lambda/0x000001f9e60b74b8.execute;org.junit.platform.engine.support.hierarchical.NodeTestTask.lambda$executeRecursively$6;org.junit.platform.engine.support.hierarchical.SameThreadHierarchicalTestExecutorService.invokeAll;java.util.ArrayList.forEach;org.junit.platform.engine.support.hierarchical.SameThreadHierarchicalTestExecutorService$$Lambda/0x000001f9e60bc000.accept;org.junit.platform.engine.support.hierarchical.NodeTestTask.execute;org.junit.platform.engine.support.hierarchical.NodeTestTask.executeRecursively;org.junit.platform.engine.support.hierarchical.ThrowableCollector.execute;org.junit.platform.engine.support.hierarchical.NodeTestTask$$Lambda/0x000001f9e60b6e68.execute;org.junit.platform.engine.support.hierarchical.NodeTestTask.lambda$executeRecursively$9;org.junit.platform.engine.support.hierarchical.Node.around;org.junit.platform.engine.support.hierarchical.NodeTestTask$$Lambda/0x000001f9e60b7290.invoke;org.junit.platform.engine.support.hierarchical.NodeTestTask.lambda$executeRecursively$8;org.junit.platform.engine.support.hierarchical.ThrowableCollector.execute;org.junit.platform.engine.support.hierarchical.NodeTestTask$$Lambda/0x000001f9e60b74b8.execute;org.junit.platform.engine.support.hierarchical.NodeTestTask.lambda$executeRecursively$6;org.junit.jupiter.engine.descriptor.TestMethodTestDescriptor.execute;org.junit.jupiter.engine.descriptor.TestMethodTestDescriptor.execute;org.junit.jupiter.engine.descriptor.TestMethodTestDescriptor.invokeTestMethod;org.junit.platform.engine.support.hierarchical.ThrowableCollector.execute;org.junit.jupiter.engine.descriptor.TestMethodTestDescriptor$$Lambda/0x000001f9e6176848.execute;org.junit.jupiter.engine.descriptor.TestMethodTestDescriptor.lambda$invokeTestMethod$7;org.junit.jupiter.engine.execution.InterceptingExecutableInvoker.invoke;org.junit.jupiter.engine.execution.InterceptingExecutableInvoker.invoke;org.junit.jupiter.engine.execution.InvocationInterceptorChain.invoke;org.junit.jupiter.engine.execution.InvocationInterceptorChain.chainAndInvoke;org.junit.jupiter.engine.execution.InvocationInterceptorChain.proceed;org.junit.jupiter.engine.execution.InvocationInterceptorChain$InterceptedInvocation.proceed;org.junit.jupiter.engine.execution.InterceptingExecutableInvoker$$Lambda/0x000001f9e6104a00.apply;org.junit.jupiter.engine.execution.InterceptingExecutableInvoker.lambda$invoke$0;org.junit.jupiter.engine.execution.InterceptingExecutableInvoker$ReflectiveInterceptorCall$$Lambda/0x000001f9e60930f0.apply;org.junit.jupiter.engine.execution.InterceptingExecutableInvoker$ReflectiveInterceptorCall.lambda$ofVoidMethod$0;org.junit.jupiter.engine.descriptor.TestMethodTestDescriptor$$Lambda/0x000001f9e6092cd0.apply;org.junit.jupiter.engine.extension.TimeoutExtension.interceptTestMethod;org.junit.jupiter.engine.extension.TimeoutExtension.interceptTestableMethod;org.junit.jupiter.engine.extension.TimeoutExtension.intercept;org.junit.jupiter.engine.execution.InvocationInterceptorChain$ValidatingInvocation.proceed;org.junit.jupiter.engine.execution.MethodInvocation.proceed;org.junit.platform.commons.util.ReflectionUtils.invokeMethod;java.lang.reflect.Method.invoke;jdk.internal.reflect.DirectMethodHandleAccessor.invoke;jdk.internal.reflect.DirectMethodHandleAccessor.invokeImpl;java.lang.invoke.Invokers$Holder.invokeExact_MT;java.lang.invoke.LambdaForm$MH/0x000001f9e6171000.invoke;java.lang.invoke.LambdaForm$DMH/0x000001f9e6170800.invokeVirtual;com.collaboration.petclinic.api.tests.PetAPITests.testAddPetSuccessfully;io.restassured.internal.RequestSpecificationImpl.post;io.restassured.internal.RequestSpecificationImpl.post;org.codehaus.groovy.runtime.callsite.AbstractCallSite.callCurrent;org.codehaus.groovy.runtime.callsite.AbstractCallSite.callCurrent;org.codehaus.groovy.runtime.callsite.CallSiteArray.defaultCallCurrent;org.codehaus.groovy.runtime.callsite.PogoInterceptableSite.callCurrent;org.codehaus.groovy.runtime.callsite.PogoInterceptableSite.call;io.restassured.internal.RequestSpecificationImpl.invokeMethod;groovy.lang.MetaClassImpl.invokeMethod;groovy.lang.MetaClassImpl.invokeMethod;groovy.lang.MetaClassImpl.invokeMethod;groovy.lang.MetaClassImpl.doInvokeMethod;groovy.lang.MetaMethod.doMethodInvoke;org.codehaus.groovy.reflection.CachedMethod.invoke;java.lang.reflect.Method.invoke;jdk.internal.reflect.DirectMethodHandleAccessor.invoke;jdk.internal.reflect.DirectMethodHandleAccessor.invokeImpl;java.lang.invoke.Invokers$Holder.invokeExact_MT;java.lang.invoke.LambdaForm$MH/0x000001f9e61a3400.invoke;java.lang.invoke.LambdaForm$DMH/0x000001f9e61a2400.invokeVirtual;io.restassured.internal.RequestSpecificationImpl.this$2$applyPathParamsAndSendRequest;io.restassured.internal.RequestSpecificationImpl.applyPathParamsAndSendRequest;org.codehaus.groovy.runtime.callsite.AbstractCallSite.callCurrent;org.codehaus.groovy.runtime.callsite.AbstractCallSite.callCurrent;org.codehaus.groovy.runtime.callsite.CallSiteArray.defaultCallCurrent;org.codehaus.groovy.runtime.callsite.PogoInterceptableSite.callCurrent;org.codehaus.groovy.runtime.callsite.PogoInterceptableSite.call;io.restassured.internal.RequestSpecificationImpl.invokeMethod;groovy.lang.MetaClassImpl.invokeMethod;groovy.lang.MetaClassImpl.invokeMethod;groovy.lang.MetaClassImpl.invokeMethod;groovy.lang.MetaClassImpl.doInvokeMethod;groovy.lang.MetaMethod.doMethodInvoke;org.codehaus.groovy.reflection.CachedMethod.invoke;java.lang.reflect.Method.invoke;jdk.internal.reflect.DirectMethodHandleAccessor.invoke;jdk.internal.reflect.DirectMethodHandleAccessor.invokeImpl;java.lang.invoke.Invokers$Holder.invokeExact_MT;java.lang.invoke.LambdaForm$MH/0x000001f9e61a4400.invoke;java.lang.invoke.LambdaForm$DMH/0x000001f9e61a2400.invokeVirtual;io.restassured.internal.RequestSpecificationImpl.this$2$applyPathParamsAndSendRequest;io.restassured.internal.RequestSpecificationImpl.applyPathParamsAndSendRequest;org.codehaus.groovy.runtime.callsite.AbstractCallSite.call;org.codehaus.groovy.runtime.callsite.AbstractCallSite.call;org.codehaus.groovy.runtime.callsite.CallSiteArray.defaultCall;io.restassured.filter.FilterContext$next.call;io.restassured.internal.filter.FilterContextImpl.next;org.codehaus.groovy.runtime.callsite.AbstractCallSite.call;org.codehaus.groovy.runtime.callsite.AbstractCallSite.call;org.codehaus.groovy.runtime.callsite.CallSiteArray.defaultCall;io.restassured.filter.Filter$filter.call;io.restassured.internal.filter.CsrfFilter.filter;org.codehaus.groovy.runtime.callsite.AbstractCallSite.call;org.codehaus.groovy.runtime.callsite.AbstractCallSite.call;org.codehaus.groovy.runtime.callsite.CallSiteArray.defaultCall;io.restassured.filter.FilterContext$next.call;io.restassured.internal.filter.FilterContextImpl.next;io.restassured.filter.Filter$filter.call;org.codehaus.groovy.runtime.callsite.CallSiteArray.defaultCall;io.restassured.filter.Filter$filter$0.call;io.restassured.filter.time.TimingFilter.filter;io.restassured.internal.filter.FilterContextImpl.next;io.restassured.filter.Filter$filter$0.call;org.codehaus.groovy.runtime.callsite.CallSiteArray.defaultCall;io.restassured.filter.Filter$filter.call;io.restassured.internal.filter.SendRequestFilter.filter;org.codehaus.groovy.runtime.callsite.AbstractCallSite.call;org.codehaus.groovy.runtime.callsite.AbstractCallSite.call;org.codehaus.groovy.runtime.callsite.CallSiteArray.defaultCall;org.codehaus.groovy.runtime.callsite.PogoInterceptableSite.call;io.restassured.internal.RequestSpecificationImpl.invokeMethod;groovy.lang.MetaClassImpl.invokeMethod;groovy.lang.MetaClassImpl.invokeMethod;groovy.lang.MetaClassImpl.invokeMethod;groovy.lang.MetaClassImpl.doInvokeMethod;groovy.lang.MetaMethod.doMethodInvoke;org.codehaus.groovy.reflection.CachedMethod.invoke;java.lang.reflect.Method.invoke;jdk.internal.reflect.DirectMethodHandleAccessor.invoke;jdk.internal.reflect.DirectMethodHandleAccessor.invokeImpl;java.lang.invoke.Invokers$Holder.invokeExact_MT;java.lang.invoke.LambdaForm$MH/0x000001f9e6211000.invoke;java.lang.invoke.LambdaForm$DMH/0x000001f9e6210000.invokeVirtual;io.restassured.internal.RequestSpecificationImpl.this$2$sendRequest;io.restassured.internal.RequestSpecificationImpl.sendRequest;org.codehaus.groovy.runtime.callsite.AbstractCallSite.call;org.codehaus.groovy.runtime.callsite.AbstractCallSite.call;org.codehaus.groovy.runtime.callsite.CallSiteArray.defaultCall;io.restassured.internal.http.HTTPBuilder$post$2.call;io.restassured.internal.http.HTTPBuilder.post;io.restassured.internal.RestAssuredHttpBuilder.doRequest;groovy.lang.Closure.call;groovy.lang.MetaClassImpl.invokeMethod;org.codehaus.groovy.runtime.metaclass.ClosureMetaClass.invokeMethod;groovy.lang.MetaMethod.doMethodInvoke;org.codehaus.groovy.reflection.CachedMethod.invoke;java.lang.reflect.Method.invoke;jdk.internal.reflect.DirectMethodHandleAccessor.invoke;jdk.internal.reflect.DirectMethodHandleAccessor.invokeImpl;java.lang.invoke.LambdaForm$MH/0x000001f9e6004000.invokeExact_MT;java.lang.invoke.LambdaForm$MH/0x000001f9e6190000.invoke;java.lang.invoke.LambdaForm$DMH/0x000001f9e618f400.invokeVirtual;io.restassured.internal.RequestSpecificationImpl$_sendRequest_closure16.doCall;org.codehaus.groovy.runtime.callsite.AbstractCallSite.call;org.codehaus.groovy.runtime.callsite.AbstractCallSite.call;org.codehaus.groovy.runtime.callsite.CallSiteArray.defaultCall;io.restassured.internal.ResponseSpecificationImpl$HamcrestAssertionClosure$call$0.call;io.restassured.internal.ResponseSpecificationImpl$HamcrestAssertionClosure.call;org.codehaus.groovy.runtime.callsite.AbstractCallSite.call;org.codehaus.groovy.runtime.callsite.AbstractCallSite.call;org.codehaus.groovy.runtime.callsite.CallSiteArray.defaultCall;org.codehaus.groovy.runtime.callsite.PogoMetaClassSite.call;groovy.lang.MetaClassImpl.invokeMethod;org.codehaus.groovy.runtime.metaclass.ClosureMetaClass.invokeMethod;groovy.lang.MetaMethod.doMethodInvoke;org.codehaus.groovy.reflection.CachedMethod.invoke;java.lang.reflect.Method.invoke;jdk.internal.reflect.DirectMethodHandleAccessor.invoke;jdk.internal.reflect.DirectMethodHandleAccessor.invokeImpl;java.lang.invoke.LambdaForm$MH/0x000001f9e6004000.invokeExact_MT;java.lang.invoke.LambdaForm$MH/0x000001f9e6190000.invoke;java.lang.invoke.LambdaForm$DMH/0x000001f9e618f400.invokeVirtual;io.restassured.internal.ResponseSpecificationImpl$_HamcrestAssertionClosure_getClosure_closure1.doCall;org.codehaus.groovy.runtime.callsite.AbstractCallSite.call;org.codehaus.groovy.runtime.callsite.AbstractCallSite.call;org.codehaus.groovy.runtime.callsite.CallSiteArray.defaultCall;io.restassured.internal.RestAssuredResponseImpl$parseResponse.call;io.restassured.internal.RestAssuredResponseImpl.parseResponse;io.restassured.internal.RestAssuredResponseOptionsGroovyImpl.parseResponse;org.codehaus.groovy.runtime.callsite.AbstractCallSite.callCurrent;org.codehaus.groovy.runtime.callsite.AbstractCallSite.callCurrent;org.codehaus.groovy.runtime.callsite.CallSiteArray.defaultCallCurrent;io.restassured.internal.RestAssuredResponseOptionsGroovyImpl$parseHeaders.callCurrent;io.restassured.internal.RestAssuredResponseOptionsGroovyImpl.parseHeaders;java.lang.ClassLoader.loadClass;jdk.internal.loader.ClassLoaders$AppClassLoader.loadClass;jdk.internal.loader.BuiltinClassLoader.loadClass;jdk.internal.loader.BuiltinClassLoader.loadClassOrNull;jdk.internal.loader.BuiltinClassLoader.findClassOnClassPathOrNull;jdk.internal.loader.BuiltinClassLoader.defineClass;java.security.SecureClassLoader.defineClass;java.lang.ClassLoader.defineClass;java.lang.ClassLoader.defineClass1,0.0000
org.apache.maven.surefire.booter.ForkedBooter.main;org.apache.maven.surefire.booter.ForkedBooter.run;org.apache.maven.surefire.booter.ForkedBooter.execute;org.apache.maven.surefire.booter.ForkedBooter.runSuitesInProcess;org.apache.maven.surefire.junitplatform.JUnitPlatformProvider.invoke;org.apache.maven.surefire.junitplatform.JUnitPlatformProvider.invokeAllTests;org.apache.maven.surefire.junitplatform.JUnitPlatformProvider.execute;org.apache.maven.surefire.junitplatform.LazyLauncher.execute;org.junit.platform.launcher.core.DelegatingLauncher.execute;org.junit.platform.launcher.core.DefaultLauncher.execute;org.junit.platform.launcher.core.DefaultLauncher.execute;org.junit.platform.launcher.core.EngineExecutionOrchestrator.execute;org.junit.platform.launcher.core.EngineExecutionOrchestrator.withInterceptedStreams;org.junit.platform.launcher.core.EngineExecutionOrchestrator$$Lambda/0x000001f9e60a6e28.accept;org.junit.platform.launcher.core.EngineExecutionOrchestrator.lambda$execute$0;org.junit.platform.launcher.core.EngineExecutionOrchestrator.execute;org.junit.platform.launcher.core.EngineExecutionOrchestrator.execute;org.junit.platform.launcher.core.EngineExecutionOrchestrator.execute;org.junit.platform.engine.support.hierarchical.HierarchicalTestEngine.execute;org.junit.platform.engine.support.hierarchical.HierarchicalTestExecutor.execute;org.junit.platform.engine.support.hierarchical.SameThreadHierarchicalTestExecutorService.submit;org.junit.platform.engine.support.hierarchical.NodeTestTask.execute;org.junit.platform.engine.support.hierarchical.NodeTestTask.executeRecursively;org.junit.platform.engine.support.hierarchical.ThrowableCollector.execute;org.junit.platform.engine.support.hierarchical.NodeTestTask$$Lambda/0x000001f9e60b6e68.execute;org.junit.platform.engine.support.hierarchical.NodeTestTask.lambda$executeRecursively$9;org.junit.platform.engine.support.hierarchical.Node.around;org.junit.platform.engine.support.hierarchical.NodeTestTask$$Lambda/0x000001f9e60b7290.invoke;org.junit.platform.engine.support.hierarchical.NodeTestTask.lambda$executeRecursively$8;org.junit.platform.engine.support.hierarchical.ThrowableCollector.execute;org.junit.platform.engine.support.hierarchical.NodeTestTask$$Lambda/0x000001f9e60b74b8.execute;org.junit.platform.engine.support.hierarchical.NodeTestTask.lambda$executeRecursively$6;org.junit.platform.engine.support.hierarchical.SameThreadHierarchicalTestExecutorService.invokeAll;java.util.ArrayList.forEach;org.junit.platform.engine.support.hierarchical.SameThreadHierarchicalTestExecutorService$$Lambda/0x000001f9e60bc000.accept;org.junit.platform.engine.support.hierarchical.NodeTestTask.execute;org.junit.platform.engine.support.hierarchical.NodeTestTask.executeRecursively;org.junit.platform.engine.support.hierarchical.ThrowableCollector.execute;org.junit.platform.engine.support.hierarchical.NodeTestTask$$Lambda/0x000001f9e60b6e68.execute;org.junit.platform.engine.support.hierarchical.NodeTestTask.lambda$executeRecursively$9;org.junit.platform.engine.support.hierarchical.Node.around;org.junit.platform.engine.support.hierarchical.NodeTestTask$$Lambda/0x000001f9e60b7290.invoke;org.junit.platform.engine.support.hierarchical.NodeTestTask.lambda$executeRecursively$8;org.junit.platform.engine.support.hierarchical.ThrowableCollector.execute;org.junit.platform.engine.support.hierarchical.NodeTestTask$$Lambda/0x000001f9e60b74b8.execute;org.junit.platform.engine.support.hierarchical.NodeTestTask.lambda$executeRecursively$6;org.junit.platform.engine.support.hierarchical.SameThreadHierarchicalTestExecutorService.invokeAll;java.util.ArrayList.forEach;org.junit.platform.engine.support.hierarchical.SameThreadHierarchicalTestExecutorService$$Lambda/0x000001f9e60bc000.accept;org.junit.platform.engine.support.hierarchical.NodeTestTask.execute;org.junit.platform.engine.support.hierarchical.NodeTestTask.executeRecursively;org.junit.platform.engine.support.hierarchical.ThrowableCollector.execute;org.junit.platform.engine.support.hierarchical.NodeTestTask$$Lambda/0x000001f9e60b6e68.execute;org.junit.platform.engine.support.hierarchical.NodeTestTask.lambda$executeRecursively$9;org.junit.platform.engine.support.hierarchical.Node.around;org.junit.platform.engine.support.hierarchical.NodeTestTask$$Lambda/0x000001f9e60b7290.invoke;org.junit.platform.engine.support.hierarchical.NodeTestTask.lambda$executeRecursively$8;org.junit.platform.engine.support.hierarchical.ThrowableCollector.execute;org.junit.platform.engine.support.hierarchical.NodeTestTask$$Lambda/0x000001f9e60b74b8.execute;org.junit.platform.engine.support.hierarchical.NodeTestTask.lambda$executeRecursively$6;org.junit.jupiter.engine.descriptor.TestMethodTestDescriptor.execute;org.junit.jupiter.engine.descriptor.TestMethodTestDescriptor.execute;org.junit.jupiter.engine.descriptor.TestMethodTestDescriptor.invokeBeforeTestExecutionCallbacks;java.lang.ClassLoader.loadClass;jdk.internal.loader.ClassLoaders$AppClassLoader.loadClass;jdk.internal.loader.BuiltinClassLoader.loadClass;jdk.internal.loader.BuiltinClassLoader.loadClassOrNull;jdk.internal.loader.BuiltinClassLoader.findClassOnClassPathOrNull;jdk.internal.loader.BuiltinClassLoader.defineClass;java.security.SecureClassLoader.defineClass;java.lang.ClassLoader.defineClass;java.lang.ClassLoader.postDefineClass;java.lang.ClassLoader.getNamedPackage,0.0000
org.apache.maven.surefire.booter.ForkedBooter.main;org.apache.maven.surefire.booter.ForkedBooter.run;org.apache.maven.surefire.booter.ForkedBooter.execute;org.apache.maven.surefire.booter.ForkedBooter.runSuitesInProcess;org.apache.maven.surefire.junitplatform.JUnitPlatformProvider.invoke;org.apache.maven.surefire.junitplatform.JUnitPlatformProvider.invokeAllTests;org.apache.maven.surefire.junitplatform.JUnitPlatformProvider.execute;org.apache.maven.surefire.junitplatform.LazyLauncher.execute;org.junit.platform.launcher.core.DelegatingLauncher.execute;org.junit.platform.launcher.core.DefaultLauncher.execute;org.junit.platform.launcher.core.DefaultLauncher.execute;org.junit.platform.launcher.core.EngineExecutionOrchestrator.execute;org.junit.platform.launcher.core.EngineExecutionOrchestrator.withInterceptedStreams;org.junit.platform.launcher.core.EngineExecutionOrchestrator$$Lambda/0x000001f9e60a6e28.accept;org.junit.platform.launcher.core.EngineExecutionOrchestrator.lambda$execute$0;org.junit.platform.launcher.core.EngineExecutionOrchestrator.execute;org.junit.platform.launcher.core.EngineExecutionOrchestrator.execute;org.junit.platform.launcher.core.EngineExecutionOrchestrator.execute;org.junit.platform.engine.support.hierarchical.HierarchicalTestEngine.execute;org.junit.platform.engine.support.hierarchical.HierarchicalTestExecutor.execute;org.junit.platform.engine.support.hierarchical.SameThreadHierarchicalTestExecutorService.submit;org.junit.platform.engine.support.hierarchical.NodeTestTask.execute;org.junit.platform.engine.support.hierarchical.NodeTestTask.executeRecursively;org.junit.platform.engine.support.hierarchical.ThrowableCollector.execute;org.junit.platform.engine.support.hierarchical.NodeTestTask$$Lambda/0x000001f9e60b6e68.execute;org.junit.platform.engine.support.hierarchical.NodeTestTask.lambda$executeRecursively$9;org.junit.platform.engine.support.hierarchical.Node.around;org.junit.platform.engine.support.hierarchical.NodeTestTask$$Lambda/0x000001f9e60b7290.invoke;org.junit.platform.engine.support.hierarchical.NodeTestTask.lambda$executeRecursively$8;org.junit.platform.engine.support.hierarchical.ThrowableCollector.execute;org.junit.platform.engine.support.hierarchical.NodeTestTask$$Lambda/0x000001f9e60b74b8.execute;org.junit.platform.engine.support.hierarchical.NodeTestTask.lambda$executeRecursively$6;org.junit.platform.engine.support.hierarchical.SameThreadHierarchicalTestExecutorService.invokeAll;java.util.ArrayList.forEach;org.junit.platform.engine.support.hierarchical.SameThreadHierarchicalTestExecutorService$$Lambda/0x000001f9e60bc000.accept;org.junit.platform.engine.support.hierarchical.NodeTestTask.execute;org.junit.platform.engine.support.hierarchical.NodeTestTask.executeRecursively;org.junit.platform.engine.support.hierarchical.ThrowableCollector.execute;org.junit.platform.engine.support.hierarchical.NodeTestTask$$Lambda/0x000001f9e60b6e68.execute;org.junit.platform.engine.support.hierarchical.NodeTestTask.lambda$executeRecursively$9;org.junit.platform.engine.support.hierarchical.Node.around;org.junit.platform.engine.support.hierarchical.NodeTestTask$$Lambda/0x000001f9e60b7290.invoke;org.junit.platform.engine.support.hierarchical.NodeTestTask.lambda$executeRecursively$8;org.junit.platform.engine.support.hierarchical.ThrowableCollector.execute;org.junit.platform.engine.support.hierarchical.NodeTestTask$$Lambda/0x000001f9e60b74b8.execute;org.junit.platform.engine.support.hierarchical.NodeTestTask.lambda$executeRecursively$6;org.junit.jupiter.engine.descriptor.ClassBasedTestDescriptor.before;org.junit.jupiter.engine.descriptor.ClassBasedTestDescriptor.before;org.junit.jupiter.engine.descriptor.ClassBasedTestDescriptor.invokeBeforeAllMethods;org.junit.platform.engine.support.hierarchical.ThrowableCollector.execute;org.junit.jupiter.engine.descriptor.ClassBasedTestDescriptor$$Lambda/0x000001f9e6105478.execute;org.junit.jupiter.engine.descriptor.ClassBasedTestDescriptor.lambda$invokeBeforeAllMethods$13;org.junit.jupiter.engine.execution.InterceptingExecutableInvoker.invoke;org.junit.jupiter.engine.execution.InterceptingExecutableInvoker.invoke;org.junit.jupiter.engine.execution.InvocationInterceptorChain.invoke;org.junit.jupiter.engine.execution.InvocationInterceptorChain.chainAndInvoke;org.junit.jupiter.engine.execution.InvocationInterceptorChain.proceed;org.junit.jupiter.engine.execution.InvocationInterceptorChain$InterceptedInvocation.proceed;org.junit.jupiter.engine.execution.InterceptingExecutableInvoker$$Lambda/0x000001f9e6104a00.apply;org.junit.jupiter.engine.execution.InterceptingExecutableInvoker.lambda$invoke$0;org.junit.jupiter.engine.execution.InterceptingExecutableInvoker$ReflectiveInterceptorCall$$Lambda/0x000001f9e60930f0.apply;org.junit.jupiter.engine.execution.InterceptingExecutableInvoker$ReflectiveInterceptorCall.lambda$ofVoidMethod$0;org.junit.jupiter.engine.descriptor.ClassBasedTestDescriptor$$Lambda/0x000001f9e61056a0.apply;org.junit.jupiter.engine.extension.TimeoutExtension.interceptBeforeAllMethod;org.junit.jupiter.engine.extension.TimeoutExtension.interceptLifecycleMethod;org.junit.jupiter.engine.extension.TimeoutExtension.intercept;org.junit.jupiter.engine.execution.InvocationInterceptorChain$ValidatingInvocation.proceed;org.junit.jupiter.engine.execution.MethodInvocation.proceed;org.junit.platform.commons.util.ReflectionUtils.invokeMethod;java.lang.reflect.Method.invoke;jdk.internal.reflect.DirectMethodHandleAccessor.invoke;jdk.internal.reflect.DirectMethodHandleAccessor.invokeImpl;java.lang.invoke.Invokers$Holder.invokeExact_MT;java.lang.invoke.LambdaForm$MH/0x000001f9e610c400.invoke;java.lang.invoke.DirectMethodHandle$Holder.invokeStatic;com.collaboration.petclinic.api.tests.PetAPITests.setup;io.restassured.RestAssured.<clinit>;io.restassured.config.RestAssuredConfig.<init>;io.restassured.config.FailureConfig.<clinit>;io.restassured.internal.LogRequestAndResponseOnFailListener.<init>;io.restassured.internal.LogRequestAndResponseOnFailListener.$getStaticMetaClass;org.codehaus.groovy.reflection.ClassInfo.getMetaClass;org.codehaus.groovy.reflection.ClassInfo.getMetaClassUnderLock;groovy.lang.MetaClassImpl.initialize;groovy.lang.MetaClassImpl.reinitialize;groovy.lang.MetaClassImpl.addProperties;groovy.lang.MetaClassImpl.setupProperties;groovy.lang.MetaClassImpl.inheritFields;groovy.lang.MetaClassImpl.addFields;org.codehaus.groovy.reflection.CachedClass.getFields;org.codehaus.groovy.util.LazyReference.get;org.codehaus.groovy.util.LazyReference.getLocked;org.codehaus.groovy.reflection.CachedClass$1.initValue;org.codehaus.groovy.reflection.CachedClass$1.initValue;org.codehaus.groovy.reflection.CachedClass.access$000;org.codehaus.groovy.reflection.CachedClass.doPrivileged;java.security.AccessController.doPrivileged;java.security.AccessController.executePrivileged;org.codehaus.groovy.reflection.CachedClass$1$$Lambda/0x000001f9e6142d48.run;org.codehaus.groovy.reflection.CachedClass$1.lambda$initValue$2;java.lang.Class.getDeclaredFields;java.lang.Class.privateGetDeclaredFields;java.lang.Class.getDeclaredFields0,0.0000
org.apache.maven.surefire.booter.ForkedBooter.main;org.apache.maven.surefire.booter.ForkedBooter.run;org.apache.maven.surefire.booter.ForkedBooter.execute;org.apache.maven.surefire.booter.ForkedBooter.runSuitesInProcess;org.apache.maven.surefire.junitplatform.JUnitPlatformProvider.invoke;org.apache.maven.surefire.junitplatform.JUnitPlatformProvider.invokeAllTests;org.apache.maven.surefire.junitplatform.JUnitPlatformProvider.execute;org.apache.maven.surefire.junitplatform.LazyLauncher.execute;org.junit.platform.launcher.core.DelegatingLauncher.execute;org.junit.platform.launcher.core.DefaultLauncher.execute;org.junit.platform.launcher.core.DefaultLauncher.execute;org.junit.platform.launcher.core.EngineExecutionOrchestrator.execute;org.junit.platform.launcher.core.EngineExecutionOrchestrator.withInterceptedStreams;org.junit.platform.launcher.core.EngineExecutionOrchestrator$$Lambda/0x000001f9e60a6e28.accept;org.junit.platform.launcher.core.EngineExecutionOrchestrator.lambda$execute$0;org.junit.platform.launcher.core.EngineExecutionOrchestrator.execute;org.junit.platform.launcher.core.EngineExecutionOrchestrator.execute;org.junit.platform.launcher.core.EngineExecutionOrchestrator.execute;org.junit.platform.engine.support.hierarchical.HierarchicalTestEngine.execute;org.junit.platform.engine.support.hierarchical.HierarchicalTestExecutor.execute;org.junit.platform.engine.support.hierarchical.SameThreadHierarchicalTestExecutorService.submit;org.junit.platform.engine.support.hierarchical.NodeTestTask.execute;org.junit.platform.engine.support.hierarchical.NodeTestTask.executeRecursively;org.junit.platform.engine.support.hierarchical.ThrowableCollector.execute;org.junit.platform.engine.support.hierarchical.NodeTestTask$$Lambda/0x000001f9e60b6e68.execute;org.junit.platform.engine.support.hierarchical.NodeTestTask.lambda$executeRecursively$9;org.junit.platform.engine.support.hierarchical.Node.around;org.junit.platform.engine.support.hierarchical.NodeTestTask$$Lambda/0x000001f9e60b7290.invoke;org.junit.platform.engine.support.hierarchical.NodeTestTask.lambda$executeRecursively$8;org.junit.platform.engine.support.hierarchical.ThrowableCollector.execute;org.junit.platform.engine.support.hierarchical.NodeTestTask$$Lambda/0x000001f9e60b74b8.execute;org.junit.platform.engine.support.hierarchical.NodeTestTask.lambda$executeRecursively$6;org.junit.platform.engine.support.hierarchical.SameThreadHierarchicalTestExecutorService.invokeAll;java.util.ArrayList.forEach;org.junit.platform.engine.support.hierarchical.SameThreadHierarchicalTestExecutorService$$Lambda/0x000001f9e60bc000.accept;org.junit.platform.engine.support.hierarchical.NodeTestTask.execute;org.junit.platform.engine.support.hierarchical.NodeTestTask.executeRecursively;org.junit.platform.engine.support.hierarchical.ThrowableCollector.execute;org.junit.platform.engine.support.hierarchical.NodeTestTask$$Lambda/0x000001f9e60b6e68.execute;org.junit.platform.engine.support.hierarchical.NodeTestTask.lambda$executeRecursively$9;org.junit.platform.engine.support.hierarchical.Node.around;org.junit.platform.engine.support.hierarchical.NodeTestTask$$Lambda/0x000001f9e60b7290.invoke;org.junit.platform.engine.support.hierarchical.NodeTestTask.lambda$executeRecursively$8;org.junit.platform.engine.support.hierarchical.ThrowableCollector.execute;org.junit.platform.engine.support.hierarchical.NodeTestTask$$Lambda/0x000001f9e60b74b8.execute;org.junit.platform.engine.support.hierarchical.NodeTestTask.lambda$executeRecursively$6;org.junit.platform.engine.support.hierarchical.SameThreadHierarchicalTestExecutorService.invokeAll;java.util.ArrayList.forEach;org.junit.platform.engine.support.hierarchical.SameThreadHierarchicalTestExecutorService$$Lambda/0x000001f9e60bc000.accept;org.junit.platform.engine.support.hierarchical.NodeTestTask.execute;org.junit.platform.engine.support.hierarchical.NodeTestTask.executeRecursively;org.junit.platform.engine.support.hierarchical.ThrowableCollector.execute;org.junit.platform.engine.support.hierarchical.NodeTestTask$$Lambda/0x000001f9e60b6e68.execute;org.junit.platform.engine.support.hierarchical.NodeTestTask.lambda$executeRecursively$9;org.junit.platform.engine.support.hierarchical.Node.around;org.junit.platform.engine.support.hierarchical.NodeTestTask$$Lambda/0x000001f9e60b7290.invoke;org.junit.platform.engine.support.hierarchical.NodeTestTask.lambda$executeRecursively$8;org.junit.platform.engine.support.hierarchical.ThrowableCollector.execute;org.junit.platform.engine.support.hierarchical.NodeTestTask$$Lambda/0x000001f9e60b74b8.execute;org.junit.platform.engine.support.hierarchical.NodeTestTask.lambda$executeRecursively$6;org.junit.jupiter.engine.descriptor.TestMethodTestDescriptor.execute;org.junit.jupiter.engine.descriptor.TestMethodTestDescriptor.execute;org.junit.jupiter.engine.descriptor.TestMethodTestDescriptor.invokeTestMethod;org.junit.platform.engine.support.hierarchical.ThrowableCollector.execute;org.junit.jupiter.engine.descriptor.TestMethodTestDescriptor$$Lambda/0x000001f9e6176848.execute;org.junit.jupiter.engine.descriptor.TestMethodTestDescriptor.lambda$invokeTestMethod$7;org.junit.jupiter.engine.execution.InterceptingExecutableInvoker.invoke;org.junit.jupiter.engine.execution.InterceptingExecutableInvoker.invoke;org.junit.jupiter.engine.execution.InvocationInterceptorChain.invoke;org.junit.jupiter.engine.execution.InvocationInterceptorChain.chainAndInvoke;org.junit.jupiter.engine.execution.InvocationInterceptorChain.proceed;org.junit.jupiter.engine.execution.InvocationInterceptorChain$InterceptedInvocation.proceed;org.junit.jupiter.engine.execution.InterceptingExecutableInvoker$$Lambda/0x000001f9e6104a00.apply;org.junit.jupiter.engine.execution.InterceptingExecutableInvoker.lambda$invoke$0;org.junit.jupiter.engine.execution.InterceptingExecutableInvoker$ReflectiveInterceptorCall$$Lambda/0x000001f9e60930f0.apply;org.junit.jupiter.engine.execution.InterceptingExecutableInvoker$ReflectiveInterceptorCall.lambda$ofVoidMethod$0;org.junit.jupiter.engine.descriptor.TestMethodTestDescriptor$$Lambda/0x000001f9e6092cd0.apply;org.junit.jupiter.engine.extension.TimeoutExtension.interceptTestMethod;org.junit.jupiter.engine.extension.TimeoutExtension.interceptTestableMethod;org.junit.jupiter.engine.extension.TimeoutExtension.intercept;org.junit.jupiter.engine.execution.InvocationInterceptorChain$ValidatingInvocation.proceed;org.junit.jupiter.engine.execution.MethodInvocation.proceed;org.junit.platform.commons.util.ReflectionUtils.invokeMethod;java.lang.reflect.Method.invoke;jdk.internal.reflect.DirectMethodHandleAccessor.invoke;jdk.internal.reflect.DirectMethodHandleAccessor.invokeImpl;java.lang.invoke.Invokers$Holder.invokeExact_MT;java.lang.invoke.LambdaForm$MH/0x000001f9e6171000.invoke;java.lang.invoke.LambdaForm$DMH/0x000001f9e6170800.invokeVirtual;com.collaboration.petclinic.api.tests.PetAPITests.testAddPetSuccessfully;io.restassured.internal.RequestSpecificationImpl.post;io.restassured.internal.RequestSpecificationImpl.post;org.codehaus.groovy.runtime.callsite.AbstractCallSite.callCurrent;org.codehaus.groovy.runtime.callsite.AbstractCallSite.callCurrent;org.codehaus.groovy.runtime.callsite.CallSiteArray.defaultCallCurrent;org.codehaus.groovy.runtime.callsite.PogoInterceptableSite.callCurrent;org.codehaus.groovy.runtime.callsite.PogoInterceptableSite.call;io.restassured.internal.RequestSpecificationImpl.invokeMethod;groovy.lang.MetaClassImpl.invokeMethod;groovy.lang.MetaClassImpl.invokeMethod;groovy.lang.MetaClassImpl.invokeMethod;groovy.lang.MetaClassImpl.doInvokeMethod;groovy.lang.MetaMethod.doMethodInvoke;org.codehaus.groovy.reflection.CachedMethod.invoke;java.lang.reflect.Method.invoke;jdk.internal.reflect.DirectMethodHandleAccessor.invoke;jdk.internal.reflect.DirectMethodHandleAccessor.invokeImpl;java.lang.invoke.Invokers$Holder.invokeExact_MT;java.lang.invoke.LambdaForm$MH/0x000001f9e61a3400.invoke;java.lang.invoke.LambdaForm$DMH/0x000001f9e61a2400.invokeVirtual;io.restassured.internal.RequestSpecificationImpl.this$2$applyPathParamsAndSendRequest;io.restassured.internal.RequestSpecificationImpl.applyPathParamsAndSendRequest;org.codehaus.groovy.runtime.callsite.AbstractCallSite.callCurrent;org.codehaus.groovy.runtime.callsite.AbstractCallSite.callCurrent;org.codehaus.groovy.runtime.callsite.CallSiteArray.defaultCallCurrent;org.codehaus.groovy.runtime.callsite.PogoInterceptableSite.callCurrent;org.codehaus.groovy.runtime.callsite.PogoInterceptableSite.call;io.restassured.internal.RequestSpecificationImpl.invokeMethod;groovy.lang.MetaClassImpl.invokeMethod;groovy.lang.MetaClassImpl.invokeMethod;groovy.lang.MetaClassImpl.invokeMethod;groovy.lang.MetaClassImpl.doInvokeMethod;groovy.lang.MetaMethod.doMethodInvoke;org.codehaus.groovy.reflection.CachedMethod.invoke;java.lang.reflect.Method.invoke;jdk.internal.reflect.DirectMethodHandleAccessor.invoke;jdk.internal.reflect.DirectMethodHandleAccessor.invokeImpl;java.lang.invoke.Invokers$Holder.invokeExact_MT;java.lang.invoke.LambdaForm$MH/0x000001f9e61a4400.invoke;java.lang.invoke.LambdaForm$DMH/0x000001f9e61a2400.invokeVirtual;io.restassured.internal.RequestSpecificationImpl.this$2$applyPathParamsAndSendRequest;io.restassured.internal.RequestSpecificationImpl.applyPathParamsAndSendRequest;org.codehaus.groovy.runtime.callsite.AbstractCallSite.call;org.codehaus.groovy.runtime.callsite.AbstractCallSite.call;org.codehaus.groovy.runtime.callsite.CallSiteArray.defaultCall;io.restassured.filter.FilterContext$next.call;io.restassured.internal.filter.FilterContextImpl.next;org.codehaus.groovy.runtime.callsite.AbstractCallSite.call;org.codehaus.groovy.runtime.callsite.AbstractCallSite.call;org.codehaus.groovy.runtime.callsite.CallSiteArray.defaultCall;io.restassured.filter.Filter$filter.call;io.restassured.internal.filter.CsrfFilter.filter;org.codehaus.groovy.runtime.callsite.AbstractCallSite.call;org.codehaus.groovy.runtime.callsite.AbstractCallSite.call;org.codehaus.groovy.runtime.callsite.CallSiteArray.defaultCall;io.restassured.filter.FilterContext$next.call;io.restassured.internal.filter.FilterContextImpl.next;io.restassured.filter.Filter$filter.call;org.codehaus.groovy.runtime.callsite.CallSiteArray.defaultCall;io.restassured.filter.Filter$filter$0.call;io.restassured.filter.time.TimingFilter.filter;io.restassured.internal.filter.FilterContextImpl.next;io.restassured.filter.Filter$filter$0.call;org.codehaus.groovy.runtime.callsite.CallSiteArray.defaultCall;io.restassured.filter.Filter$filter.call;io.restassured.internal.filter.SendRequestFilter.filter;org.codehaus.groovy.runtime.callsite.AbstractCallSite.call;org.codehaus.groovy.runtime.callsite.AbstractCallSite.call;org.codehaus.groovy.runtime.callsite.CallSiteArray.defaultCall;org.codehaus.groovy.runtime.callsite.PogoInterceptableSite.call;io.restassured.internal.RequestSpecificationImpl.invokeMethod;groovy.lang.MetaClassImpl.invokeMethod;groovy.lang.MetaClassImpl.invokeMethod;groovy.lang.MetaClassImpl.invokeMethod;groovy.lang.MetaClassImpl.doInvokeMethod;groovy.lang.MetaMethod.doMethodInvoke;org.codehaus.groovy.reflection.CachedMethod.invoke;java.lang.reflect.Method.invoke;jdk.internal.reflect.DirectMethodHandleAccessor.invoke;jdk.internal.reflect.DirectMethodHandleAccessor.invokeImpl;java.lang.invoke.Invokers$Holder.invokeExact_MT;java.lang.invoke.LambdaForm$MH/0x000001f9e6211000.invoke;java.lang.invoke.LambdaForm$DMH/0x000001f9e6210000.invokeVirtual;io.restassured.internal.RequestSpecificationImpl.this$2$sendRequest;io.restassured.internal.RequestSpecificationImpl.sendRequest;org.codehaus.groovy.runtime.callsite.AbstractCallSite.call;org.codehaus.groovy.runtime.callsite.AbstractCallSite.call;org.codehaus.groovy.runtime.callsite.CallSiteArray.defaultCall;io.restassured.internal.http.HTTPBuilder$post$2.call;io.restassured.internal.http.HTTPBuilder.post;io.restassured.internal.RestAssuredHttpBuilder.doRequest;org.apache.http.impl.client.CloseableHttpClient.execute;org.apache.http.impl.client.AbstractHttpClient.doExecute;org.apache.http.impl.client.DefaultRequestDirector.execute;org.apache.http.impl.client.DefaultRequestDirector.tryExecute;org.apache.http.protocol.HttpRequestExecutor.execute;org.apache.http.protocol.HttpRequestExecutor.doReceiveResponse;org.apache.http.impl.conn.ManagedClientConnectionImpl.receiveResponseHeader;org.apache.http.impl.conn.DefaultClientConnection.receiveResponseHeader;org.apache.http.impl.AbstractHttpClientConnection.receiveResponseHeader;org.apache.http.impl.io.AbstractMessageParser.parse;org.apache.http.impl.conn.DefaultHttpResponseParser.parseHead;org.apache.http.impl.conn.DefaultHttpResponseParser.parseHead;org.apache.http.impl.io.AbstractSessionInputBuffer.readLine;org.apache.http.impl.io.SocketInputBuffer.fillBuffer;org.apache.http.impl.io.AbstractSessionInputBuffer.fillBuffer;java.net.Socket$SocketInputStream.read;java.net.Socket$SocketInputStream.implRead;sun.nio.ch.NioSocketImpl$1.read;sun.nio.ch.NioSocketImpl.read;sun.nio.ch.NioSocketImpl.implRead;sun.nio.ch.NioSocketImpl.tryRead;sun.nio.ch.SocketDispatcher.read;sun.nio.ch.SocketDispatcher.read0,0.0000
org.apache.maven.surefire.booter.ForkedBooter.main;org.apache.maven.surefire.booter.ForkedBooter.run;org.apache.maven.surefire.booter.ForkedBooter.execute;org.apache.maven.surefire.booter.ForkedBooter.runSuitesInProcess;org.apache.maven.surefire.junitplatform.JUnitPlatformProvider.invoke;org.apache.maven.surefire.junitplatform.JUnitPlatformProvider.invokeAllTests;org.apache.maven.surefire.junitplatform.JUnitPlatformProvider.execute;org.apache.maven.surefire.junitplatform.LazyLauncher.execute;org.junit.platform.launcher.core.DelegatingLauncher.execute;org.junit.platform.launcher.core.DefaultLauncher.execute;org.junit.platform.launcher.core.DefaultLauncher.execute;org.junit.platform.launcher.core.EngineExecutionOrchestrator.execute;org.junit.platform.launcher.core.EngineExecutionOrchestrator.withInterceptedStreams;org.junit.platform.launcher.core.EngineExecutionOrchestrator$$Lambda/0x000001f9e60a6e28.accept;org.junit.platform.launcher.core.EngineExecutionOrchestrator.lambda$execute$0;org.junit.platform.launcher.core.EngineExecutionOrchestrator.execute;org.junit.platform.launcher.core.EngineExecutionOrchestrator.execute;org.junit.platform.launcher.core.EngineExecutionOrchestrator.execute;org.junit.platform.engine.support.hierarchical.HierarchicalTestEngine.execute;org.junit.platform.engine.support.hierarchical.HierarchicalTestExecutor.execute;org.junit.platform.engine.support.hierarchical.SameThreadHierarchicalTestExecutorService.submit;org.junit.platform.engine.support.hierarchical.NodeTestTask.execute;org.junit.platform.engine.support.hierarchical.NodeTestTask.executeRecursively;org.junit.platform.engine.support.hierarchical.ThrowableCollector.execute;org.junit.platform.engine.support.hierarchical.NodeTestTask$$Lambda/0x000001f9e60b6e68.execute;org.junit.platform.engine.support.hierarchical.NodeTestTask.lambda$executeRecursively$9;org.junit.platform.engine.support.hierarchical.Node.around;org.junit.platform.engine.support.hierarchical.NodeTestTask$$Lambda/0x000001f9e60b7290.invoke;org.junit.platform.engine.support.hierarchical.NodeTestTask.lambda$executeRecursively$8;org.junit.platform.engine.support.hierarchical.ThrowableCollector.execute;org.junit.platform.engine.support.hierarchical.NodeTestTask$$Lambda/0x000001f9e60b74b8.execute;org.junit.platform.engine.support.hierarchical.NodeTestTask.lambda$executeRecursively$6;org.junit.platform.engine.support.hierarchical.SameThreadHierarchicalTestExecutorService.invokeAll;java.util.ArrayList.forEach;org.junit.platform.engine.support.hierarchical.SameThreadHierarchicalTestExecutorService$$Lambda/0x000001f9e60bc000.accept;org.junit.platform.engine.support.hierarchical.NodeTestTask.execute;org.junit.platform.engine.support.hierarchical.NodeTestTask.executeRecursively;org.junit.platform.engine.support.hierarchical.ThrowableCollector.execute;org.junit.platform.engine.support.hierarchical.NodeTestTask$$Lambda/0x000001f9e60b6e68.execute;org.junit.platform.engine.support.hierarchical.NodeTestTask.lambda$executeRecursively$9;org.junit.platform.engine.support.hierarchical.Node.around;org.junit.platform.engine.support.hierarchical.NodeTestTask$$Lambda/0x000001f9e60b7290.invoke;org.junit.platform.engine.support.hierarchical.NodeTestTask.lambda$executeRecursively$8;org.junit.platform.engine.support.hierarchical.ThrowableCollector.execute;org.junit.platform.engine.support.hierarchical.NodeTestTask$$Lambda/0x000001f9e60b74b8.execute;org.junit.platform.engine.support.hierarchical.NodeTestTask.lambda$executeRecursively$6;org.junit.platform.engine.support.hierarchical.SameThreadHierarchicalTestExecutorService.invokeAll;java.util.ArrayList.forEach;org.junit.platform.engine.support.hierarchical.SameThreadHierarchicalTestExecutorService$$Lambda/0x000001f9e60bc000.accept;org.junit.platform.engine.support.hierarchical.NodeTestTask.execute;org.junit.platform.engine.support.hierarchical.NodeTestTask.executeRecursively;org.junit.platform.engine.support.hierarchical.ThrowableCollector.execute;org.junit.platform.engine.support.hierarchical.NodeTestTask$$Lambda/0x000001f9e60b6e68.execute;org.junit.platform.engine.support.hierarchical.NodeTestTask.lambda$executeRecursively$9;org.junit.platform.engine.support.hierarchical.Node.around;org.junit.platform.engine.support.hierarchical.NodeTestTask$$Lambda/0x000001f9e60b7290.invoke;org.junit.platform.engine.support.hierarchical.NodeTestTask.lambda$executeRecursively$8;org.junit.platform.engine.support.hierarchical.ThrowableCollector.execute;org.junit.platform.engine.support.hierarchical.NodeTestTask$$Lambda/0x000001f9e60b74b8.execute;org.junit.platform.engine.support.hierarchical.NodeTestTask.lambda$executeRecursively$6;org.junit.jupiter.engine.descriptor.TestMethodTestDescriptor.execute;org.junit.jupiter.engine.descriptor.TestMethodTestDescriptor.execute;org.junit.jupiter.engine.descriptor.TestMethodTestDescriptor.invokeTestMethod;org.junit.platform.engine.support.hierarchical.ThrowableCollector.execute;org.junit.jupiter.engine.descriptor.TestMethodTestDescriptor$$Lambda/0x000001f9e6176848.execute;org.junit.jupiter.engine.descriptor.TestMethodTestDescriptor.lambda$invokeTestMethod$7;org.junit.jupiter.engine.execution.InterceptingExecutableInvoker.invoke;org.junit.jupiter.engine.execution.InterceptingExecutableInvoker.invoke;org.junit.jupiter.engine.execution.InvocationInterceptorChain.invoke;org.junit.jupiter.engine.execution.InvocationInterceptorChain.chainAndInvoke;org.junit.jupiter.engine.execution.InvocationInterceptorChain.proceed;org.junit.jupiter.engine.execution.InvocationInterceptorChain$InterceptedInvocation.proceed;org.junit.jupiter.engine.execution.InterceptingExecutableInvoker$$Lambda/0x000001f9e6104a00.apply;org.junit.jupiter.engine.execution.InterceptingExecutableInvoker.lambda$invoke$0;org.junit.jupiter.engine.execution.InterceptingExecutableInvoker$ReflectiveInterceptorCall$$Lambda/0x000001f9e60930f0.apply;org.junit.jupiter.engine.execution.InterceptingExecutableInvoker$ReflectiveInterceptorCall.lambda$ofVoidMethod$0;org.junit.jupiter.engine.descriptor.TestMethodTestDescriptor$$Lambda/0x000001f9e6092cd0.apply;org.junit.jupiter.engine.extension.TimeoutExtension.interceptTestMethod;org.junit.jupiter.engine.extension.TimeoutExtension.interceptTestableMethod;org.junit.jupiter.engine.extension.TimeoutExtension.intercept;org.junit.jupiter.engine.execution.InvocationInterceptorChain$ValidatingInvocation.proceed;org.junit.jupiter.engine.execution.MethodInvocation.proceed;org.junit.platform.commons.util.ReflectionUtils.invokeMethod;java.lang.reflect.Method.invoke;jdk.internal.reflect.DirectMethodHandleAccessor.invoke;jdk.internal.reflect.DirectMethodHandleAccessor.invokeImpl;java.lang.invoke.Invokers$Holder.invokeExact_MT;java.lang.invoke.LambdaForm$MH/0x000001f9e6171000.invoke;java.lang.invoke.LambdaForm$DMH/0x000001f9e6170800.invokeVirtual;com.collaboration.petclinic.api.tests.PetAPITests.testAddPetSuccessfully;io.restassured.internal.RequestSpecificationImpl.post;io.restassured.internal.RequestSpecificationImpl.post;org.codehaus.groovy.runtime.callsite.AbstractCallSite.callCurrent;org.codehaus.groovy.runtime.callsite.AbstractCallSite.callCurrent;org.codehaus.groovy.runtime.callsite.CallSiteArray.defaultCallCurrent;org.codehaus.groovy.runtime.callsite.PogoInterceptableSite.callCurrent;org.codehaus.groovy.runtime.callsite.PogoInterceptableSite.call;io.restassured.internal.RequestSpecificationImpl.invokeMethod;groovy.lang.MetaClassImpl.invokeMethod;groovy.lang.MetaClassImpl.invokeMethod;groovy.lang.MetaClassImpl.invokeMethod;groovy.lang.MetaClassImpl.doInvokeMethod;groovy.lang.MetaMethod.doMethodInvoke;org.codehaus.groovy.reflection.CachedMethod.invoke;java.lang.reflect.Method.invoke;jdk.internal.reflect.DirectMethodHandleAccessor.invoke;jdk.internal.reflect.DirectMethodHandleAccessor.invokeImpl;java.lang.invoke.Invokers$Holder.invokeExact_MT;java.lang.invoke.LambdaForm$MH/0x000001f9e61a3400.invoke;java.lang.invoke.LambdaForm$DMH/0x000001f9e61a2400.invokeVirtual;io.restassured.internal.RequestSpecificationImpl.this$2$applyPathParamsAndSendRequest;io.restassured.internal.RequestSpecificationImpl.applyPathParamsAndSendRequest;org.codehaus.groovy.runtime.callsite.AbstractCallSite.callCurrent;org.codehaus.groovy.runtime.callsite.AbstractCallSite.callCurrent;org.codehaus.groovy.runtime.callsite.CallSiteArray.defaultCallCurrent;org.codehaus.groovy.runtime.callsite.PogoInterceptableSite.callCurrent;org.codehaus.groovy.runtime.callsite.PogoInterceptableSite.call;io.restassured.internal.RequestSpecificationImpl.invokeMethod;groovy.lang.MetaClassImpl.invokeMethod;groovy.lang.MetaClassImpl.invokeMethod;groovy.lang.MetaClassImpl.invokeMethod;groovy.lang.MetaClassImpl.doInvokeMethod;groovy.lang.MetaMethod.doMethodInvoke;org.codehaus.groovy.reflection.CachedMethod.invoke;java.lang.reflect.Method.invoke;jdk.internal.reflect.DirectMethodHandleAccessor.invoke;jdk.internal.reflect.DirectMethodHandleAccessor.invokeImpl;java.lang.invoke.Invokers$Holder.invokeExact_MT;java.lang.invoke.LambdaForm$MH/0x000001f9e61a4400.invoke;java.lang.invoke.LambdaForm$DMH/0x000001f9e61a2400.invokeVirtual;io.restassured.internal.RequestSpecificationImpl.this$2$applyPathParamsAndSendRequest;io.restassured.internal.RequestSpecificationImpl.applyPathParamsAndSendRequest;org.codehaus.groovy.runtime.callsite.AbstractCallSite.call;org.codehaus.groovy.runtime.callsite.AbstractCallSite.call;org.codehaus.groovy.runtime.callsite.CallSiteArray.defaultCall;io.restassured.filter.FilterContext$next.call;io.restassured.internal.filter.FilterContextImpl.next;org.codehaus.groovy.runtime.callsite.AbstractCallSite.call;org.codehaus.groovy.runtime.callsite.AbstractCallSite.call;org.codehaus.groovy.runtime.callsite.CallSiteArray.defaultCall;io.restassured.filter.Filter$filter.call;io.restassured.internal.filter.CsrfFilter.filter;org.codehaus.groovy.runtime.callsite.AbstractCallSite.call;org.codehaus.groovy.runtime.callsite.AbstractCallSite.call;org.codehaus.groovy.runtime.callsite.CallSiteArray.defaultCall;io.restassured.filter.FilterContext$next.call;io.restassured.internal.filter.FilterContextImpl.next;io.restassured.filter.Filter$filter.call;org.codehaus.groovy.runtime.callsite.CallSiteArray.defaultCall;io.restassured.filter.Filter$filter$0.call;io.restassured.filter.time.TimingFilter.filter;io.restassured.internal.filter.FilterContextImpl.next;io.restassured.filter.Filter$filter$0.call;org.codehaus.groovy.runtime.callsite.CallSiteArray.defaultCall;io.restassured.filter.Filter$filter.call;io.restassured.internal.filter.SendRequestFilter.filter;org.codehaus.groovy.runtime.callsite.AbstractCallSite.call;org.codehaus.groovy.runtime.callsite.AbstractCallSite.call;org.codehaus.groovy.runtime.callsite.CallSiteArray.defaultCall;org.codehaus.groovy.runtime.callsite.PogoInterceptableSite.call;io.restassured.internal.RequestSpecificationImpl.invokeMethod;groovy.lang.MetaClassImpl.invokeMethod;groovy.lang.MetaClassImpl.invokeMethod;groovy.lang.MetaClassImpl.invokeMethod;groovy.lang.MetaClassImpl.doInvokeMethod;groovy.lang.MetaMethod.doMethodInvoke;org.codehaus.groovy.reflection.CachedMethod.invoke;java.lang.reflect.Method.invoke;jdk.internal.reflect.DirectMethodHandleAccessor.invoke;jdk.internal.reflect.DirectMethodHandleAccessor.invokeImpl;java.lang.invoke.Invokers$Holder.invokeExact_MT;java.lang.invoke.LambdaForm$MH/0x000001f9e6211000.invoke;java.lang.invoke.LambdaForm$DMH/0x000001f9e6210000.invokeVirtual;io.restassured.internal.RequestSpecificationImpl.this$2$sendRequest;io.restassured.internal.RequestSpecificationImpl.sendRequest;org.codehaus.groovy.runtime.callsite.AbstractCallSite.call;org.codehaus.groovy.runtime.callsite.AbstractCallSite.call;org.codehaus.groovy.runtime.callsite.CallSiteArray.defaultCall;io.restassured.internal.http.HTTPBuilder$post$2.call;io.restassured.internal.http.HTTPBuilder.post;io.restassured.internal.RestAssuredHttpBuilder.doRequest;org.apache.http.impl.client.CloseableHttpClient.execute;org.apache.http.impl.client.AbstractHttpClient.doExecute;org.apache.http.impl.client.DefaultRequestDirector.execute;org.apache.http.impl.client.DefaultRequestDirector.tryConnect;org.apache.http.impl.conn.ManagedClientConnectionImpl.open;org.apache.http.impl.conn.DefaultClientConnectionOperator.openConnection;org.apache.http.impl.conn.DefaultClientConnection.openCompleted;org.apache.http.impl.SocketHttpClientConnection.bind;org.apache.http.impl.conn.DefaultClientConnection.createSessionInputBuffer;org.apache.http.impl.SocketHttpClientConnection.createSessionInputBuffer;org.apache.http.impl.io.SocketInputBuffer.<init>;java.net.Socket.getInputStream;java.net.DelegatingSocketImpl.getInputStream;sun.nio.ch.NioSocketImpl.getInputStream,0.0000
org.apache.maven.surefire.booter.ForkedBooter.main;org.apache.maven.surefire.booter.ForkedBooter.run;org.apache.maven.surefire.booter.ForkedBooter.execute;org.apache.maven.surefire.booter.ForkedBooter.runSuitesInProcess;org.apache.maven.surefire.junitplatform.JUnitPlatformProvider.invoke;org.apache.maven.surefire.junitplatform.JUnitPlatformProvider.scanClasspath;org.apache.maven.surefire.api.util.DefaultScanResult.applyFilter;org.apache.maven.surefire.junitplatform.TestPlanScannerFilter.accept;org.apache.maven.surefire.junitplatform.LazyLauncher.discover;org.apache.maven.surefire.junitplatform.LazyLauncher.launcher;org.apache.maven.surefire.api.util.ReflectionUtils.invokeGetter;org.apache.maven.surefire.api.util.ReflectionUtils.invokeMethodWithArray;java.lang.reflect.Method.invoke;jdk.internal.reflect.DirectMethodHandleAccessor.invoke;jdk.internal.reflect.DirectMethodHandleAccessor.invokeImpl;java.lang.invoke.Invokers$Holder.invokeExact_MT;java.lang.invoke.LambdaForm$MH/0x000001f9e6000400.invoke;java.lang.invoke.DirectMethodHandle$Holder.invokeStatic;org.junit.platform.launcher.core.LauncherFactory.openSession;org.junit.platform.launcher.core.LauncherFactory.openSession;org.junit.platform.launcher.core.DefaultLauncherSession.<init>;org.junit.platform.launcher.core.LauncherFactory$$Lambda/0x000001f9e602a3f8.get;org.junit.platform.launcher.core.LauncherFactory.lambda$openSession$1;org.junit.platform.launcher.core.LauncherFactory.createDefaultLauncher;org.junit.platform.launcher.core.LauncherFactory.registerTestExecutionListeners;org.junit.platform.launcher.core.LauncherFactory.loadAndFilterTestExecutionListeners;org.junit.platform.commons.util.ClassNamePatternFilterUtils.excludeMatchingClasses;org.junit.platform.commons.util.ClassNamePatternFilterUtils.excludeMatchingClasses;java.lang.invoke.MethodHandleNatives.linkCallSite;java.lang.invoke.MethodHandleNatives.linkCallSiteImpl;java.lang.invoke.CallSite.makeSite;java.lang.invoke.BootstrapMethodInvoker.invoke;java.lang.invoke.Invokers$Holder.invokeExact_MT;java.lang.invoke.DirectMethodHandle$Holder.invokeStatic;java.lang.invoke.LambdaMetafactory.metafactory;java.lang.invoke.InnerClassLambdaMetafactory.buildCallSite;java.lang.invoke.InnerClassLambdaMetafactory.spinInnerClass;java.lang.invoke.InnerClassLambdaMetafactory.generateInnerClass;jdk.internal.org.objectweb.asm.ClassWriter.toByteArray,0.0000
org.apache.maven.surefire.booter.ForkedBooter.main;org.apache.maven.surefire.booter.ForkedBooter.run;org.apache.maven.surefire.booter.ForkedBooter.execute;org.apache.maven.surefire.booter.ForkedBooter.runSuitesInProcess;org.apache.maven.surefire.junitplatform.JUnitPlatformProvider.invoke;org.apache.maven.surefire.junitplatform.JUnitPlatformProvider.invokeAllTests;org.apache.maven.surefire.junitplatform.JUnitPlatformProvider.execute;org.apache.maven.surefire.junitplatform.LazyLauncher.execute;org.junit.platform.launcher.core.DelegatingLauncher.execute;org.junit.platform.launcher.core.DefaultLauncher.execute;org.junit.platform.launcher.core.DefaultLauncher.execute;org.junit.platform.launcher.core.EngineExecutionOrchestrator.execute;org.junit.platform.launcher.core.EngineExecutionOrchestrator.withInterceptedStreams;org.junit.platform.launcher.core.EngineExecutionOrchestrator$$Lambda/0x000001f9e60a6e28.accept;org.junit.platform.launcher.core.EngineExecutionOrchestrator.lambda$execute$0;org.junit.platform.launcher.core.EngineExecutionOrchestrator.execute;org.junit.platform.launcher.core.EngineExecutionOrchestrator.execute;org.junit.platform.launcher.core.EngineExecutionOrchestrator.execute;org.junit.platform.engine.support.hierarchical.HierarchicalTestEngine.execute;org.junit.platform.engine.support.hierarchical.HierarchicalTestExecutor.execute;org.junit.platform.engine.support.hierarchical.SameThreadHierarchicalTestExecutorService.submit;org.junit.platform.engine.support.hierarchical.NodeTestTask.execute;org.junit.platform.engine.support.hierarchical.NodeTestTask.executeRecursively;org.junit.platform.engine.support.hierarchical.ThrowableCollector.execute;org.junit.platform.engine.support.hierarchical.NodeTestTask$$Lambda/0x000001f9e60b6e68.execute;org.junit.platform.engine.support.hierarchical.NodeTestTask.lambda$executeRecursively$9;org.junit.platform.engine.support.hierarchical.Node.around;org.junit.platform.engine.support.hierarchical.NodeTestTask$$Lambda/0x000001f9e60b7290.invoke;org.junit.platform.engine.support.hierarchical.NodeTestTask.lambda$executeRecursively$8;org.junit.platform.engine.support.hierarchical.ThrowableCollector.execute;org.junit.platform.engine.support.hierarchical.NodeTestTask$$Lambda/0x000001f9e60b74b8.execute;org.junit.platform.engine.support.hierarchical.NodeTestTask.lambda$executeRecursively$6;org.junit.platform.engine.support.hierarchical.SameThreadHierarchicalTestExecutorService.invokeAll;java.util.ArrayList.forEach;org.junit.platform.engine.support.hierarchical.SameThreadHierarchicalTestExecutorService$$Lambda/0x000001f9e60bc000.accept;org.junit.platform.engine.support.hierarchical.NodeTestTask.execute;org.junit.platform.engine.support.hierarchical.NodeTestTask.executeRecursively;org.junit.platform.engine.support.hierarchical.ThrowableCollector.execute;org.junit.platform.engine.support.hierarchical.NodeTestTask$$Lambda/0x000001f9e60b6e68.execute;org.junit.platform.engine.support.hierarchical.NodeTestTask.lambda$executeRecursively$9;org.junit.platform.engine.support.hierarchical.Node.around;org.junit.platform.engine.support.hierarchical.NodeTestTask$$Lambda/0x000001f9e60b7290.invoke;org.junit.platform.engine.support.hierarchical.NodeTestTask.lambda$executeRecursively$8;org.junit.platform.engine.support.hierarchical.ThrowableCollector.execute;org.junit.platform.engine.support.hierarchical.NodeTestTask$$Lambda/0x000001f9e60b74b8.execute;org.junit.platform.engine.support.hierarchical.NodeTestTask.lambda$executeRecursively$6;org.junit.platform.engine.support.hierarchical.SameThreadHierarchicalTestExecutorService.invokeAll;java.util.ArrayList.forEach;org.junit.platform.engine.support.hierarchical.SameThreadHierarchicalTestExecutorService$$Lambda/0x000001f9e60bc000.accept;org.junit.platform.engine.support.hierarchical.NodeTestTask.execute;org.junit.platform.engine.support.hierarchical.NodeTestTask.executeRecursively;org.junit.platform.engine.support.hierarchical.ThrowableCollector.execute;org.junit.platform.engine.support.hierarchical.NodeTestTask$$Lambda/0x000001f9e60b6e68.execute;org.junit.platform.engine.support.hierarchical.NodeTestTask.lambda$executeRecursively$9;org.junit.platform.engine.support.hierarchical.Node.around;org.junit.platform.engine.support.hierarchical.NodeTestTask$$Lambda/0x000001f9e60b7290.invoke;org.junit.platform.engine.support.hierarchical.NodeTestTask.lambda$executeRecursively$8;org.junit.platform.engine.support.hierarchical.ThrowableCollector.execute;org.junit.platform.engine.support.hierarchical.NodeTestTask$$Lambda/0x000001f9e60b74b8.execute;org.junit.platform.engine.support.hierarchical.NodeTestTask.lambda$executeRecursively$6;org.junit.jupiter.engine.descriptor.TestMethodTestDescriptor.execute;org.junit.jupiter.engine.descriptor.TestMethodTestDescriptor.execute;org.junit.jupiter.engine.descriptor.TestMethodTestDescriptor.invokeTestMethod;org.junit.platform.engine.support.hierarchical.ThrowableCollector.execute;org.junit.jupiter.engine.descriptor.TestMethodTestDescriptor$$Lambda/0x000001f9e6176848.execute;org.junit.jupiter.engine.descriptor.TestMethodTestDescriptor.lambda$invokeTestMethod$7;org.junit.jupiter.engine.execution.InterceptingExecutableInvoker.invoke;org.junit.jupiter.engine.execution.InterceptingExecutableInvoker.invoke;org.junit.jupiter.engine.execution.InvocationInterceptorChain.invoke;org.junit.jupiter.engine.execution.InvocationInterceptorChain.chainAndInvoke;org.junit.jupiter.engine.execution.InvocationInterceptorChain.proceed;org.junit.jupiter.engine.execution.InvocationInterceptorChain$InterceptedInvocation.proceed;org.junit.jupiter.engine.execution.InterceptingExecutableInvoker$$Lambda/0x000001f9e6104a00.apply;org.junit.jupiter.engine.execution.InterceptingExecutableInvoker.lambda$invoke$0;org.junit.jupiter.engine.execution.InterceptingExecutableInvoker$ReflectiveInterceptorCall$$Lambda/0x000001f9e60930f0.apply;org.junit.jupiter.engine.execution.InterceptingExecutableInvoker$ReflectiveInterceptorCall.lambda$ofVoidMethod$0;org.junit.jupiter.engine.descriptor.TestMethodTestDescriptor$$Lambda/0x000001f9e6092cd0.apply;org.junit.jupiter.engine.extension.TimeoutExtension.interceptTestMethod;org.junit.jupiter.engine.extension.TimeoutExtension.interceptTestableMethod;org.junit.jupiter.engine.extension.TimeoutExtension.intercept;org.junit.jupiter.engine.execution.InvocationInterceptorChain$ValidatingInvocation.proceed;org.junit.jupiter.engine.execution.MethodInvocation.proceed;org.junit.platform.commons.util.ReflectionUtils.invokeMethod;java.lang.reflect.Method.invoke;jdk.internal.reflect.DirectMethodHandleAccessor.invoke;jdk.internal.reflect.DirectMethodHandleAccessor.invokeImpl;java.lang.invoke.Invokers$Holder.invokeExact_MT;java.lang.invoke.LambdaForm$MH/0x000001f9e6171000.invoke;java.lang.invoke.LambdaForm$DMH/0x000001f9e6170800.invokeVirtual;com.collaboration.petclinic.api.tests.PetAPITests.testAddPetSuccessfully;io.restassured.internal.ValidatableResponseOptionsImpl.body;io.restassured.internal.ResponseSpecificationImpl.body;org.codehaus.groovy.runtime.callsite.AbstractCallSite.callCurrent;org.codehaus.groovy.runtime.callsite.AbstractCallSite.callCurrent;org.codehaus.groovy.runtime.callsite.CallSiteArray.defaultCallCurrent;io.restassured.specification.ResponseSpecification$body$1.callCurrent;io.restassured.internal.ResponseSpecificationImpl.body;org.codehaus.groovy.runtime.callsite.AbstractCallSite.callCurrent;org.codehaus.groovy.runtime.callsite.AbstractCallSite.callCurrent;org.codehaus.groovy.runtime.callsite.CallSiteArray.defaultCallCurrent;org.codehaus.groovy.runtime.callsite.PogoMetaMethodSite.callCurrent;org.codehaus.groovy.runtime.callsite.PogoMetaMethodSite$PogoCachedMethodSiteNoUnwrapNoCoerce.invoke;org.codehaus.groovy.runtime.callsite.PlainObjectMetaMethodSite.doInvoke;java.lang.reflect.Method.invoke;jdk.internal.reflect.DirectMethodHandleAccessor.invoke;jdk.internal.reflect.DirectMethodHandleAccessor.invokeImpl;java.lang.invoke.Invokers$Holder.invokeExact_MT;java.lang.invoke.LambdaForm$MH/0x000001f9e6192800.invoke;java.lang.invoke.DirectMethodHandle$Holder.invokeVirtual;io.restassured.internal.ResponseSpecificationImpl.this$2$validateResponseIfRequired;io.restassured.internal.ResponseSpecificationImpl.validateResponseIfRequired;org.codehaus.groovy.runtime.callsite.AbstractCallSite.call;org.codehaus.groovy.runtime.callsite.PogoMetaClassSite.call;org.codehaus.groovy.runtime.callsite.CallSiteArray.defaultCall;org.codehaus.groovy.runtime.callsite.PogoMetaClassSite.call;groovy.lang.MetaClassImpl.invokeMethod;org.codehaus.groovy.runtime.metaclass.ClosureMetaClass.invokeMethod;groovy.lang.MetaMethod.doMethodInvoke;org.codehaus.groovy.reflection.CachedMethod.invoke;java.lang.reflect.Method.invoke;jdk.internal.reflect.DirectMethodHandleAccessor.invoke;jdk.internal.reflect.DirectMethodHandleAccessor.invokeImpl;java.lang.invoke.Invokers$Holder.invokeExact_MT;java.lang.invoke.LambdaForm$MH/0x000001f9e6020000.invoke;java.lang.invoke.DirectMethodHandle$Holder.invokeVirtual;io.restassured.internal.ResponseSpecificationImpl$_body_closure11.doCall;io.restassured.internal.ResponseSpecificationImpl$_body_closure11.doCall;org.codehaus.groovy.runtime.callsite.AbstractCallSite.callConstructor;org.codehaus.groovy.runtime.callsite.AbstractCallSite.callConstructor;org.codehaus.groovy.runtime.callsite.CallSiteArray.defaultCallConstructor;org.codehaus.groovy.runtime.callsite.ConstructorSite$NoParamSite.callConstructor;groovy.lang.MetaClassImpl.setProperties;groovy.lang.MetaClassImpl.setProperty;groovy.lang.MetaClassImpl.setProperty;groovy.lang.MetaMethod.doMethodInvoke;org.codehaus.groovy.reflection.CachedMethod.invoke;java.lang.reflect.Method.invoke;java.lang.reflect.Method.acquireMethodAccessor;jdk.internal.reflect.ReflectionFactory.newMethodAccessor;jdk.internal.reflect.MethodHandleAccessorFactory.newMethodAccessor;jdk.internal.reflect.MethodHandleAccessorFactory.getDirectMethod;jdk.internal.reflect.MethodHandleAccessorFactory.makeSpecializedTarget;java.lang.invoke.MethodHandle.asType;java.lang.invoke.MethodHandle.asTypeUncached;java.lang.invoke.MethodHandleImpl.makePairwiseConvert;java.lang.invoke.MethodHandleImpl.makePairwiseConvert;java.lang.invoke.MethodHandleImpl.makePairwiseConvertByEditor;java.lang.invoke.LambdaFormEditor.filterReturnForm;java.lang.invoke.LambdaFormEditor.putInCache;java.lang.invoke.LambdaFormEditor$TransformKey.withResult;java.lang.invoke.LambdaFormEditor$Transform.<init>,0.0000
org.apache.maven.surefire.booter.ForkedBooter.main;org.apache.maven.surefire.booter.ForkedBooter.run;org.apache.maven.surefire.booter.ForkedBooter.execute;org.apache.maven.surefire.booter.ForkedBooter.runSuitesInProcess;org.apache.maven.surefire.junitplatform.JUnitPlatformProvider.invoke;org.apache.maven.surefire.junitplatform.JUnitPlatformProvider.scanClasspath;org.apache.maven.surefire.api.util.DefaultScanResult.applyFilter;org.apache.maven.surefire.junitplatform.TestPlanScannerFilter.accept;org.apache.maven.surefire.junitplatform.LazyLauncher.discover;org.junit.platform.launcher.core.DelegatingLauncher.discover;org.junit.platform.launcher.core.DefaultLauncher.discover;org.junit.platform.launcher.core.DefaultLauncher.discover;org.junit.platform.launcher.core.EngineDiscoveryOrchestrator.discover;org.junit.platform.launcher.core.EngineDiscoveryOrchestrator.discover;org.junit.platform.launcher.core.EngineDiscoveryOrchestrator.discoverSafely;org.junit.platform.launcher.core.EngineDiscoveryOrchestrator.discoverEngineRoot;org.junit.jupiter.engine.JupiterTestEngine.discover;org.junit.jupiter.engine.discovery.DiscoverySelectorResolver.resolveSelectors;org.junit.platform.engine.support.discovery.EngineDiscoveryRequestResolver.resolve;org.junit.platform.engine.support.discovery.EngineDiscoveryRequestResolution.run;org.junit.platform.engine.support.discovery.EngineDiscoveryRequestResolution.resolveCompletely;org.junit.platform.engine.support.discovery.EngineDiscoveryRequestResolution.resolve;org.junit.platform.engine.support.discovery.EngineDiscoveryRequestResolution.resolve;java.util.stream.ReferencePipeline.findFirst;java.util.stream.AbstractPipeline.evaluate;java.util.stream.FindOps$FindOp.evaluateSequential;java.util.stream.AbstractPipeline.wrapAndCopyInto;java.util.stream.AbstractPipeline.copyInto;java.util.stream.AbstractPipeline.copyIntoWithCancel;java.util.stream.ReferencePipeline.forEachWithCancel;java.util.ArrayList$ArrayListSpliterator.tryAdvance;java.util.stream.ReferencePipeline$3$1.accept;org.junit.platform.engine.support.discovery.EngineDiscoveryRequestResolution$$Lambda/0x000001f9e6080000.apply;org.junit.platform.engine.support.discovery.EngineDiscoveryRequestResolution.lambda$resolve$2;org.junit.jupiter.engine.discovery.MethodSelectorResolver.resolve;org.junit.jupiter.engine.discovery.MethodSelectorResolver.resolve;java.lang.invoke.MethodHandleNatives.linkCallSite;java.lang.invoke.MethodHandleNatives.linkCallSiteImpl;java.lang.invoke.Invokers.linkToTargetMethod;java.lang.invoke.Invokers.callSiteForm;java.lang.invoke.LambdaForm.compileToBytecode;java.lang.invoke.InvokerBytecodeGenerator.generateCustomizedCode;java.lang.invoke.InvokerBytecodeGenerator.lookupPregenerated;java.lang.invoke.InvokerBytecodeGenerator.resolveFrom;java.lang.invoke.MemberName$Factory.resolveOrNull;java.lang.invoke.MemberName$Factory.resolve;java.lang.invoke.MethodHandleNatives.resolve,0.0000
org.apache.maven.surefire.booter.ForkedBooter.main;org.apache.maven.surefire.booter.ForkedBooter.run;org.apache.maven.surefire.booter.ForkedBooter.execute;org.apache.maven.surefire.booter.ForkedBooter.runSuitesInProcess;org.apache.maven.surefire.junitplatform.JUnitPlatformProvider.invoke;org.apache.maven.surefire.junitplatform.JUnitPlatformProvider.invokeAllTests;org.apache.maven.surefire.junitplatform.JUnitPlatformProvider.execute;org.apache.maven.surefire.junitplatform.LazyLauncher.execute;org.junit.platform.launcher.core.DelegatingLauncher.execute;org.junit.platform.launcher.core.DefaultLauncher.execute;org.junit.platform.launcher.core.DefaultLauncher.execute;org.junit.platform.launcher.core.EngineExecutionOrchestrator.execute;org.junit.platform.launcher.core.EngineExecutionOrchestrator.withInterceptedStreams;org.junit.platform.launcher.core.EngineExecutionOrchestrator$$Lambda/0x000001f9e60a6e28.accept;org.junit.platform.launcher.core.EngineExecutionOrchestrator.lambda$execute$0;org.junit.platform.launcher.core.EngineExecutionOrchestrator.execute;org.junit.platform.launcher.core.EngineExecutionOrchestrator.execute;org.junit.platform.launcher.core.EngineExecutionOrchestrator.execute;org.junit.platform.engine.support.hierarchical.HierarchicalTestEngine.execute;org.junit.platform.engine.support.hierarchical.HierarchicalTestExecutor.execute;org.junit.platform.engine.support.hierarchical.SameThreadHierarchicalTestExecutorService.submit;org.junit.platform.engine.support.hierarchical.NodeTestTask.execute;org.junit.platform.engine.support.hierarchical.NodeTestTask.executeRecursively;org.junit.platform.engine.support.hierarchical.ThrowableCollector.execute;org.junit.platform.engine.support.hierarchical.NodeTestTask$$Lambda/0x000001f9e60b6e68.execute;org.junit.platform.engine.support.hierarchical.NodeTestTask.lambda$executeRecursively$9;org.junit.platform.engine.support.hierarchical.Node.around;org.junit.platform.engine.support.hierarchical.NodeTestTask$$Lambda/0x000001f9e60b7290.invoke;org.junit.platform.engine.support.hierarchical.NodeTestTask.lambda$executeRecursively$8;org.junit.platform.engine.support.hierarchical.ThrowableCollector.execute;org.junit.platform.engine.support.hierarchical.NodeTestTask$$Lambda/0x000001f9e60b74b8.execute;org.junit.platform.engine.support.hierarchical.NodeTestTask.lambda$executeRecursively$6;org.junit.platform.engine.support.hierarchical.SameThreadHierarchicalTestExecutorService.invokeAll;java.util.ArrayList.forEach;org.junit.platform.engine.support.hierarchical.SameThreadHierarchicalTestExecutorService$$Lambda/0x000001f9e60bc000.accept;org.junit.platform.engine.support.hierarchical.NodeTestTask.execute;org.junit.platform.engine.support.hierarchical.NodeTestTask.executeRecursively;org.junit.platform.engine.support.hierarchical.ThrowableCollector.execute;org.junit.platform.engine.support.hierarchical.NodeTestTask$$Lambda/0x000001f9e60b6e68.execute;org.junit.platform.engine.support.hierarchical.NodeTestTask.lambda$executeRecursively$9;org.junit.platform.engine.support.hierarchical.Node.around;org.junit.platform.engine.support.hierarchical.NodeTestTask$$Lambda/0x000001f9e60b7290.invoke;org.junit.platform.engine.support.hierarchical.NodeTestTask.lambda$executeRecursively$8;org.junit.platform.engine.support.hierarchical.ThrowableCollector.execute;org.junit.platform.engine.support.hierarchical.NodeTestTask$$Lambda/0x000001f9e60b74b8.execute;org.junit.platform.engine.support.hierarchical.NodeTestTask.lambda$executeRecursively$6;org.junit.platform.engine.support.hierarchical.SameThreadHierarchicalTestExecutorService.invokeAll;java.util.ArrayList.forEach;org.junit.platform.engine.support.hierarchical.SameThreadHierarchicalTestExecutorService$$Lambda/0x000001f9e60bc000.accept;org.junit.platform.engine.support.hierarchical.NodeTestTask.execute;org.junit.platform.engine.support.hierarchical.NodeTestTask.executeRecursively;org.junit.platform.engine.support.hierarchical.ThrowableCollector.execute;org.junit.platform.engine.support.hierarchical.NodeTestTask$$Lambda/0x000001f9e60b6e68.execute;org.junit.platform.engine.support.hierarchical.NodeTestTask.lambda$executeRecursively$9;org.junit.platform.engine.support.hierarchical.Node.around;org.junit.platform.engine.support.hierarchical.NodeTestTask$$Lambda/0x000001f9e60b7290.invoke;org.junit.platform.engine.support.hierarchical.NodeTestTask.lambda$executeRecursively$8;org.junit.platform.engine.support.hierarchical.ThrowableCollector.execute;org.junit.platform.engine.support.hierarchical.NodeTestTask$$Lambda/0x000001f9e60b74b8.execute;org.junit.platform.engine.support.hierarchical.NodeTestTask.lambda$executeRecursively$6;org.junit.jupiter.engine.descriptor.TestMethodTestDescriptor.execute;org.junit.jupiter.engine.descriptor.TestMethodTestDescriptor.execute;org.junit.jupiter.engine.descriptor.TestMethodTestDescriptor.invokeTestMethod;org.junit.platform.engine.support.hierarchical.ThrowableCollector.execute;org.junit.jupiter.engine.descriptor.TestMethodTestDescriptor$$Lambda/0x000001f9e6176848.execute;org.junit.jupiter.engine.descriptor.TestMethodTestDescriptor.lambda$invokeTestMethod$7;org.junit.jupiter.engine.execution.InterceptingExecutableInvoker.invoke;org.junit.jupiter.engine.execution.InterceptingExecutableInvoker.invoke;org.junit.jupiter.engine.execution.InvocationInterceptorChain.invoke;org.junit.jupiter.engine.execution.InvocationInterceptorChain.chainAndInvoke;org.junit.jupiter.engine.execution.InvocationInterceptorChain.proceed;org.junit.jupiter.engine.execution.InvocationInterceptorChain$InterceptedInvocation.proceed;org.junit.jupiter.engine.execution.InterceptingExecutableInvoker$$Lambda/0x000001f9e6104a00.apply;org.junit.jupiter.engine.execution.InterceptingExecutableInvoker.lambda$invoke$0;org.junit.jupiter.engine.execution.InterceptingExecutableInvoker$ReflectiveInterceptorCall$$Lambda/0x000001f9e60930f0.apply;org.junit.jupiter.engine.execution.InterceptingExecutableInvoker$ReflectiveInterceptorCall.lambda$ofVoidMethod$0;org.junit.jupiter.engine.descriptor.TestMethodTestDescriptor$$Lambda/0x000001f9e6092cd0.apply;org.junit.jupiter.engine.extension.TimeoutExtension.interceptTestMethod;org.junit.jupiter.engine.extension.TimeoutExtension.interceptTestableMethod;org.junit.jupiter.engine.extension.TimeoutExtension.intercept;org.junit.jupiter.engine.execution.InvocationInterceptorChain$ValidatingInvocation.proceed;org.junit.jupiter.engine.execution.MethodInvocation.proceed;org.junit.platform.commons.util.ReflectionUtils.invokeMethod;java.lang.reflect.Method.invoke;jdk.internal.reflect.DirectMethodHandleAccessor.invoke;jdk.internal.reflect.DirectMethodHandleAccessor.invokeImpl;java.lang.invoke.Invokers$Holder.invokeExact_MT;java.lang.invoke.LambdaForm$MH/0x000001f9e6171000.invoke;java.lang.invoke.LambdaForm$DMH/0x000001f9e6170800.invokeVirtual;com.collaboration.petclinic.api.tests.PetAPITests.testAddPetSuccessfully;io.restassured.internal.ValidatableResponseOptionsImpl.body;io.restassured.internal.ResponseSpecificationImpl.body;org.codehaus.groovy.runtime.callsite.AbstractCallSite.callCurrent;org.codehaus.groovy.runtime.callsite.AbstractCallSite.callCurrent;org.codehaus.groovy.runtime.callsite.CallSiteArray.defaultCallCurrent;io.restassured.specification.ResponseSpecification$body$1.callCurrent;io.restassured.internal.ResponseSpecificationImpl.body;org.codehaus.groovy.runtime.callsite.AbstractCallSite.callCurrent;org.codehaus.groovy.runtime.callsite.AbstractCallSite.callCurrent;org.codehaus.groovy.runtime.callsite.CallSiteArray.defaultCallCurrent;org.codehaus.groovy.runtime.callsite.PogoMetaMethodSite.callCurrent;org.codehaus.groovy.runtime.callsite.PogoMetaMethodSite$PogoCachedMethodSiteNoUnwrapNoCoerce.invoke;org.codehaus.groovy.runtime.callsite.PlainObjectMetaMethodSite.doInvoke;java.lang.reflect.Method.invoke;jdk.internal.reflect.DirectMethodHandleAccessor.invoke;jdk.internal.reflect.DirectMethodHandleAccessor.invokeImpl;java.lang.invoke.Invokers$Holder.invokeExact_MT;java.lang.invoke.LambdaForm$MH/0x000001f9e6192800.invoke;java.lang.invoke.DirectMethodHandle$Holder.invokeVirtual;io.restassured.internal.ResponseSpecificationImpl.this$2$validateResponseIfRequired;io.restassured.internal.ResponseSpecificationImpl.validateResponseIfRequired;io.restassured.internal.ResponseSpecificationImpl$HamcrestAssertionClosure$validate$1.call;io.restassured.internal.ResponseSpecificationImpl$HamcrestAssertionClosure.validate;org.codehaus.groovy.runtime.callsite.AbstractCallSite.call;org.codehaus.groovy.runtime.callsite.AbstractCallSite.call;org.codehaus.groovy.runtime.callsite.CallSiteArray.defaultCall;io.restassured.internal.assertion.BodyMatcherGroup$validate$3.call;io.restassured.internal.assertion.BodyMatcherGroup.validate;java.util.stream.ReferencePipeline.collect;java.util.stream.AbstractPipeline.evaluate;java.util.stream.ReduceOps$ReduceOp.evaluateSequential;java.util.stream.AbstractPipeline.wrapAndCopyInto;java.util.stream.AbstractPipeline.copyInto;java.util.ArrayList$ArrayListSpliterator.forEachRemaining;java.util.stream.ReferencePipeline$3$1.accept;io.restassured.internal.assertion.BodyMatcherGroup$$Lambda/0x000001f9e6306840.apply;io.restassured.internal.assertion.BodyMatcherGroup.lambda$validate$0;io.restassured.internal.assertion.BodyMatcher.validate;io.restassured.internal.path.json.JSONAssertion.getResult;org.codehaus.groovy.runtime.callsite.AbstractCallSite.callCurrent;org.codehaus.groovy.runtime.callsite.AbstractCallSite.callCurrent;org.codehaus.groovy.runtime.callsite.CallSiteArray.defaultCallCurrent;io.restassured.internal.path.json.JSONAssertion$getAsJsonObject.callCurrent;io.restassured.internal.path.json.JSONAssertion.getAsJsonObject;org.codehaus.groovy.runtime.callsite.AbstractCallSite.callStatic;org.codehaus.groovy.runtime.callsite.AbstractCallSite.callStatic;org.codehaus.groovy.runtime.callsite.CallSiteArray.defaultCallStatic;org.codehaus.groovy.runtime.callsite.CallSiteArray.createCallStaticSite;groovy.lang.MetaClassImpl.createStaticSite;org.codehaus.groovy.runtime.callsite.StaticMetaMethodSite.createStaticMetaMethodSite;org.codehaus.groovy.reflection.CachedMethod.createStaticMetaMethodSite;java.lang.reflect.Constructor.newInstance;java.lang.reflect.Constructor.newInstanceWithCaller;java.lang.reflect.Constructor.acquireConstructorAccessor;jdk.internal.reflect.ReflectionFactory.newConstructorAccessor;jdk.internal.reflect.MethodHandleAccessorFactory.newConstructorAccessor;jdk.internal.reflect.MethodHandleAccessorFactory.makeConstructorHandle;java.lang.invoke.MethodHandle.asSpreader;java.lang.invoke.MethodHandle.asSpreader;java.lang.invoke.MethodHandle.asType;java.lang.invoke.MethodHandle.asTypeUncached;java.lang.invoke.MethodHandleImpl.makePairwiseConvert;java.lang.invoke.MethodHandleImpl.makePairwiseConvert;java.lang.invoke.MethodHandleImpl.makePairwiseConvertByEditor;java.lang.invoke.BoundMethodHandle$Species_LLLL.copyWithExtendL;java.lang.invoke.DirectMethodHandle$Holder.invokeStatic;java.lang.invoke.BoundMethodHandle$Species_LLLLL.make;java.lang.invoke.BoundMethodHandle$Species_LLLLL.<init>;java.lang.invoke.BoundMethodHandle.<init>,0.0000
org.apache.maven.surefire.booter.ForkedBooter.main;org.apache.maven.surefire.booter.ForkedBooter.run;org.apache.maven.surefire.booter.ForkedBooter.execute;org.apache.maven.surefire.booter.ForkedBooter.runSuitesInProcess;org.apache.maven.surefire.junitplatform.JUnitPlatformProvider.invoke;org.apache.maven.surefire.junitplatform.JUnitPlatformProvider.scanClasspath;org.apache.maven.surefire.api.util.DefaultScanResult.applyFilter;org.apache.maven.surefire.junitplatform.TestPlanScannerFilter.accept;org.apache.maven.surefire.junitplatform.LazyLauncher.discover;org.junit.platform.launcher.core.DelegatingLauncher.discover;org.junit.platform.launcher.core.DefaultLauncher.discover;org.junit.platform.launcher.core.DefaultLauncher.discover;org.junit.platform.launcher.core.EngineDiscoveryOrchestrator.discover;org.junit.platform.launcher.core.EngineDiscoveryOrchestrator.discover;org.junit.platform.launcher.core.EngineDiscoveryOrchestrator.discoverSafely;org.junit.platform.launcher.core.EngineDiscoveryOrchestrator.discoverEngineRoot;org.junit.jupiter.engine.JupiterTestEngine.discover;org.junit.jupiter.engine.discovery.DiscoverySelectorResolver.resolveSelectors;org.junit.platform.engine.support.discovery.EngineDiscoveryRequestResolver.resolve;org.junit.platform.engine.support.discovery.EngineDiscoveryRequestResolution.run;org.junit.platform.engine.support.discovery.EngineDiscoveryRequestResolution.resolveCompletely;org.junit.platform.engine.support.discovery.EngineDiscoveryRequestResolution.resolve;org.junit.platform.engine.support.discovery.EngineDiscoveryRequestResolution.resolve;java.util.stream.ReferencePipeline.findFirst;java.util.stream.AbstractPipeline.evaluate;java.util.stream.FindOps$FindOp.evaluateSequential;java.util.stream.AbstractPipeline.wrapAndCopyInto;java.util.stream.AbstractPipeline.copyInto;java.util.stream.AbstractPipeline.copyIntoWithCancel;java.util.stream.ReferencePipeline.forEachWithCancel;java.util.ArrayList$ArrayListSpliterator.tryAdvance;java.util.stream.ReferencePipeline$3$1.accept;org.junit.platform.engine.support.discovery.EngineDiscoveryRequestResolution$$Lambda/0x000001f9e6080000.apply;org.junit.platform.engine.support.discovery.EngineDiscoveryRequestResolution.lambda$resolve$2;org.junit.jupiter.engine.discovery.ClassSelectorResolver.resolve;org.junit.platform.engine.support.discovery.EngineDiscoveryRequestResolution$DefaultContext.addToParent;org.junit.platform.engine.support.discovery.EngineDiscoveryRequestResolution$DefaultContext.createAndAdd;org.junit.jupiter.engine.discovery.ClassSelectorResolver$$Lambda/0x000001f9e60868b0.apply;org.junit.jupiter.engine.discovery.ClassSelectorResolver.lambda$resolve$0;org.junit.jupiter.engine.discovery.ClassSelectorResolver.newClassTestDescriptor;org.junit.jupiter.engine.descriptor.ClassTestDescriptor.<init>;org.junit.jupiter.engine.descriptor.ClassBasedTestDescriptor.<init>;org.junit.jupiter.engine.descriptor.JupiterTestDescriptor.<init>;org.junit.jupiter.engine.descriptor.DisplayNameUtils.determineDisplayName;org.junit.jupiter.engine.descriptor.DisplayNameUtils$$Lambda/0x000001f9e6089a18.get;org.junit.jupiter.engine.descriptor.DisplayNameUtils.lambda$createDisplayNameSupplier$5;java.util.Optional.orElseGet;org.junit.jupiter.engine.descriptor.DisplayNameUtils$$Lambda/0x000001f9e608ab70.get;org.junit.jupiter.engine.descriptor.DisplayNameUtils.lambda$createDisplayNameSupplier$4;org.junit.jupiter.engine.config.CachingJupiterConfiguration.getDefaultDisplayNameGenerator;java.util.concurrent.ConcurrentHashMap.computeIfAbsent;org.junit.jupiter.engine.config.CachingJupiterConfiguration$$Lambda/0x000001f9e608ad98.apply;org.junit.jupiter.engine.config.CachingJupiterConfiguration.lambda$getDefaultDisplayNameGenerator$6;org.junit.jupiter.engine.config.DefaultJupiterConfiguration.getDefaultDisplayNameGenerator;org.junit.jupiter.engine.config.InstantiatingConfigurationParameterConverter.get;org.junit.jupiter.engine.config.InstantiatingConfigurationParameterConverter.supply;java.lang.invoke.MethodHandleNatives.linkCallSite;java.lang.invoke.MethodHandleNatives.linkCallSiteImpl;java.lang.invoke.CallSite.makeSite;java.lang.invoke.BootstrapMethodInvoker.invoke;java.lang.invoke.Invokers$Holder.invokeExact_MT;java.lang.invoke.LambdaForm$DMH/0x000001f9e603c400.invokeStatic;java.lang.invoke.LambdaMetafactory.metafactory;java.lang.invoke.InnerClassLambdaMetafactory.buildCallSite;java.lang.invoke.InnerClassLambdaMetafactory.spinInnerClass;java.lang.invoke.InnerClassLambdaMetafactory.generateInnerClass;jdk.internal.org.objectweb.asm.ClassWriter.toByteArray;jdk.internal.org.objectweb.asm.MethodWriter.putMethodInfo,0.0000
org.apache.maven.surefire.booter.ForkedBooter.main;org.apache.maven.surefire.booter.ForkedBooter.run;org.apache.maven.surefire.booter.ForkedBooter.execute;org.apache.maven.surefire.booter.ForkedBooter.runSuitesInProcess;org.apache.maven.surefire.junitplatform.JUnitPlatformProvider.invoke;org.apache.maven.surefire.junitplatform.JUnitPlatformProvider.invokeAllTests;org.apache.maven.surefire.junitplatform.JUnitPlatformProvider.execute;org.apache.maven.surefire.junitplatform.LazyLauncher.execute;org.junit.platform.launcher.core.DelegatingLauncher.execute;org.junit.platform.launcher.core.DefaultLauncher.execute;org.junit.platform.launcher.core.DefaultLauncher.execute;org.junit.platform.launcher.core.EngineExecutionOrchestrator.execute;org.junit.platform.launcher.core.EngineExecutionOrchestrator.withInterceptedStreams;org.junit.platform.launcher.core.EngineExecutionOrchestrator$$Lambda/0x000001f9e60a6e28.accept;org.junit.platform.launcher.core.EngineExecutionOrchestrator.lambda$execute$0;org.junit.platform.launcher.core.EngineExecutionOrchestrator.execute;org.junit.platform.launcher.core.EngineExecutionOrchestrator.execute;org.junit.platform.launcher.core.EngineExecutionOrchestrator.execute;org.junit.platform.engine.support.hierarchical.HierarchicalTestEngine.execute;org.junit.platform.engine.support.hierarchical.HierarchicalTestExecutor.execute;org.junit.platform.engine.support.hierarchical.SameThreadHierarchicalTestExecutorService.submit;org.junit.platform.engine.support.hierarchical.NodeTestTask.execute;org.junit.platform.engine.support.hierarchical.NodeTestTask.executeRecursively;org.junit.platform.engine.support.hierarchical.ThrowableCollector.execute;org.junit.platform.engine.support.hierarchical.NodeTestTask$$Lambda/0x000001f9e60b6e68.execute;org.junit.platform.engine.support.hierarchical.NodeTestTask.lambda$executeRecursively$9;org.junit.platform.engine.support.hierarchical.Node.around;org.junit.platform.engine.support.hierarchical.NodeTestTask$$Lambda/0x000001f9e60b7290.invoke;org.junit.platform.engine.support.hierarchical.NodeTestTask.lambda$executeRecursively$8;org.junit.platform.engine.support.hierarchical.ThrowableCollector.execute;org.junit.platform.engine.support.hierarchical.NodeTestTask$$Lambda/0x000001f9e60b74b8.execute;org.junit.platform.engine.support.hierarchical.NodeTestTask.lambda$executeRecursively$6;org.junit.platform.engine.support.hierarchical.SameThreadHierarchicalTestExecutorService.invokeAll;java.util.ArrayList.forEach;org.junit.platform.engine.support.hierarchical.SameThreadHierarchicalTestExecutorService$$Lambda/0x000001f9e60bc000.accept;org.junit.platform.engine.support.hierarchical.NodeTestTask.execute;org.junit.platform.engine.support.hierarchical.NodeTestTask.executeRecursively;org.junit.platform.engine.support.hierarchical.ThrowableCollector.execute;org.junit.platform.engine.support.hierarchical.NodeTestTask$$Lambda/0x000001f9e60b6e68.execute;org.junit.platform.engine.support.hierarchical.NodeTestTask.lambda$executeRecursively$9;org.junit.platform.engine.support.hierarchical.Node.around;org.junit.platform.engine.support.hierarchical.NodeTestTask$$Lambda/0x000001f9e60b7290.invoke;org.junit.platform.engine.support.hierarchical.NodeTestTask.lambda$executeRecursively$8;org.junit.platform.engine.support.hierarchical.ThrowableCollector.execute;org.junit.platform.engine.support.hierarchical.NodeTestTask$$Lambda/0x000001f9e60b74b8.execute;org.junit.platform.engine.support.hierarchical.NodeTestTask.lambda$executeRecursively$6;org.junit.platform.engine.support.hierarchical.SameThreadHierarchicalTestExecutorService.invokeAll;java.util.ArrayList.forEach;org.junit.platform.engine.support.hierarchical.SameThreadHierarchicalTestExecutorService$$Lambda/0x000001f9e60bc000.accept;org.junit.platform.engine.support.hierarchical.NodeTestTask.execute;org.junit.platform.engine.support.hierarchical.NodeTestTask.executeRecursively;org.junit.platform.engine.support.hierarchical.ThrowableCollector.execute;org.junit.platform.engine.support.hierarchical.NodeTestTask$$Lambda/0x000001f9e60b6e68.execute;org.junit.platform.engine.support.hierarchical.NodeTestTask.lambda$executeRecursively$9;org.junit.platform.engine.support.hierarchical.Node.around;org.junit.platform.engine.support.hierarchical.NodeTestTask$$Lambda/0x000001f9e60b7290.invoke;org.junit.platform.engine.support.hierarchical.NodeTestTask.lambda$executeRecursively$8;org.junit.platform.engine.support.hierarchical.ThrowableCollector.execute;org.junit.platform.engine.support.hierarchical.NodeTestTask$$Lambda/0x000001f9e60b74b8.execute;org.junit.platform.engine.support.hierarchical.NodeTestTask.lambda$executeRecursively$6;org.junit.jupiter.engine.descriptor.TestMethodTestDescriptor.execute;org.junit.jupiter.engine.descriptor.TestMethodTestDescriptor.execute;org.junit.jupiter.engine.descriptor.TestMethodTestDescriptor.invokeTestMethod;org.junit.platform.engine.support.hierarchical.ThrowableCollector.execute;org.junit.jupiter.engine.descriptor.TestMethodTestDescriptor$$Lambda/0x000001f9e6176848.execute;org.junit.jupiter.engine.descriptor.TestMethodTestDescriptor.lambda$invokeTestMethod$7;org.junit.jupiter.engine.execution.InterceptingExecutableInvoker.invoke;org.junit.jupiter.engine.execution.InterceptingExecutableInvoker.invoke;org.junit.jupiter.engine.execution.InvocationInterceptorChain.invoke;org.junit.jupiter.engine.execution.InvocationInterceptorChain.chainAndInvoke;org.junit.jupiter.engine.execution.InvocationInterceptorChain.proceed;org.junit.jupiter.engine.execution.InvocationInterceptorChain$InterceptedInvocation.proceed;org.junit.jupiter.engine.execution.InterceptingExecutableInvoker$$Lambda/0x000001f9e6104a00.apply;org.junit.jupiter.engine.execution.InterceptingExecutableInvoker.lambda$invoke$0;org.junit.jupiter.engine.execution.InterceptingExecutableInvoker$ReflectiveInterceptorCall$$Lambda/0x000001f9e60930f0.apply;org.junit.jupiter.engine.execution.InterceptingExecutableInvoker$ReflectiveInterceptorCall.lambda$ofVoidMethod$0;org.junit.jupiter.engine.descriptor.TestMethodTestDescriptor$$Lambda/0x000001f9e6092cd0.apply;org.junit.jupiter.engine.extension.TimeoutExtension.interceptTestMethod;org.junit.jupiter.engine.extension.TimeoutExtension.interceptTestableMethod;org.junit.jupiter.engine.extension.TimeoutExtension.intercept;org.junit.jupiter.engine.execution.InvocationInterceptorChain$ValidatingInvocation.proceed;org.junit.jupiter.engine.execution.MethodInvocation.proceed;org.junit.platform.commons.util.ReflectionUtils.invokeMethod;java.lang.reflect.Method.invoke;jdk.internal.reflect.DirectMethodHandleAccessor.invoke;jdk.internal.reflect.DirectMethodHandleAccessor.invokeImpl;java.lang.invoke.Invokers$Holder.invokeExact_MT;java.lang.invoke.LambdaForm$MH/0x000001f9e6171000.invoke;java.lang.invoke.LambdaForm$DMH/0x000001f9e6170800.invokeVirtual;com.collaboration.petclinic.api.tests.PetAPITests.testAddPetSuccessfully;io.restassured.RestAssured.given;io.restassured.RestAssured.createTestSpecification;io.restassured.internal.ResponseSpecificationImpl.<init>;io.restassured.internal.ResponseSpecificationImpl.<init>;java.lang.ClassLoader.loadClass;jdk.internal.loader.ClassLoaders$AppClassLoader.loadClass;jdk.internal.loader.BuiltinClassLoader.loadClass;jdk.internal.loader.BuiltinClassLoader.loadClassOrNull;jdk.internal.loader.BuiltinClassLoader.findClassOnClassPathOrNull;jdk.internal.loader.URLClassPath.getResource;jdk.internal.loader.URLClassPath$FileLoader.getResource;java.io.File.exists;java.io.FileSystem.hasBooleanAttributes;java.io.WinNTFileSystem.getBooleanAttributes;java.io.WinNTFileSystem.getBooleanAttributes0,0.0000
org.apache.maven.surefire.booter.ForkedBooter.main;org.apache.maven.surefire.booter.ForkedBooter.run;org.apache.maven.surefire.booter.ForkedBooter.execute;org.apache.maven.surefire.booter.ForkedBooter.runSuitesInProcess;org.apache.maven.surefire.junitplatform.JUnitPlatformProvider.invoke;org.apache.maven.surefire.junitplatform.JUnitPlatformProvider.invokeAllTests;org.apache.maven.surefire.junitplatform.JUnitPlatformProvider.execute;org.apache.maven.surefire.junitplatform.LazyLauncher.execute;org.junit.platform.launcher.core.DelegatingLauncher.execute;org.junit.platform.launcher.core.DefaultLauncher.execute;org.junit.platform.launcher.core.DefaultLauncher.execute;org.junit.platform.launcher.core.EngineExecutionOrchestrator.execute;org.junit.platform.launcher.core.EngineExecutionOrchestrator.withInterceptedStreams;org.junit.platform.launcher.core.EngineExecutionOrchestrator$$Lambda/0x000001f9e60a6e28.accept;org.junit.platform.launcher.core.EngineExecutionOrchestrator.lambda$execute$0;org.junit.platform.launcher.core.EngineExecutionOrchestrator.execute;org.junit.platform.launcher.core.EngineExecutionOrchestrator.execute;org.junit.platform.launcher.core.EngineExecutionOrchestrator.execute;org.junit.platform.engine.support.hierarchical.HierarchicalTestEngine.execute;org.junit.platform.engine.support.hierarchical.HierarchicalTestExecutor.execute;org.junit.platform.engine.support.hierarchical.SameThreadHierarchicalTestExecutorService.submit;org.junit.platform.engine.support.hierarchical.NodeTestTask.execute;org.junit.platform.engine.support.hierarchical.NodeTestTask.executeRecursively;org.junit.platform.engine.support.hierarchical.ThrowableCollector.execute;org.junit.platform.engine.support.hierarchical.NodeTestTask$$Lambda/0x000001f9e60b6e68.execute;org.junit.platform.engine.support.hierarchical.NodeTestTask.lambda$executeRecursively$9;org.junit.platform.engine.support.hierarchical.Node.around;org.junit.platform.engine.support.hierarchical.NodeTestTask$$Lambda/0x000001f9e60b7290.invoke;org.junit.platform.engine.support.hierarchical.NodeTestTask.lambda$executeRecursively$8;org.junit.platform.engine.support.hierarchical.ThrowableCollector.execute;org.junit.platform.engine.support.hierarchical.NodeTestTask$$Lambda/0x000001f9e60b74b8.execute;org.junit.platform.engine.support.hierarchical.NodeTestTask.lambda$executeRecursively$6;org.junit.platform.engine.support.hierarchical.SameThreadHierarchicalTestExecutorService.invokeAll;java.util.ArrayList.forEach;org.junit.platform.engine.support.hierarchical.SameThreadHierarchicalTestExecutorService$$Lambda/0x000001f9e60bc000.accept;org.junit.platform.engine.support.hierarchical.NodeTestTask.execute;org.junit.platform.engine.support.hierarchical.NodeTestTask.executeRecursively;org.junit.platform.engine.support.hierarchical.ThrowableCollector.execute;org.junit.platform.engine.support.hierarchical.NodeTestTask$$Lambda/0x000001f9e60b6e68.execute;org.junit.platform.engine.support.hierarchical.NodeTestTask.lambda$executeRecursively$9;org.junit.platform.engine.support.hierarchical.Node.around;org.junit.platform.engine.support.hierarchical.NodeTestTask$$Lambda/0x000001f9e60b7290.invoke;org.junit.platform.engine.support.hierarchical.NodeTestTask.lambda$executeRecursively$8;org.junit.platform.engine.support.hierarchical.ThrowableCollector.execute;org.junit.platform.engine.support.hierarchical.NodeTestTask$$Lambda/0x000001f9e60b74b8.execute;org.junit.platform.engine.support.hierarchical.NodeTestTask.lambda$executeRecursively$6;org.junit.jupiter.engine.descriptor.ClassBasedTestDescriptor.before;org.junit.jupiter.engine.descriptor.ClassBasedTestDescriptor.before;org.junit.jupiter.engine.descriptor.ClassBasedTestDescriptor.invokeBeforeAllMethods;org.junit.platform.engine.support.hierarchical.ThrowableCollector.execute;org.junit.jupiter.engine.descriptor.ClassBasedTestDescriptor$$Lambda/0x000001f9e6105478.execute;org.junit.jupiter.engine.descriptor.ClassBasedTestDescriptor.lambda$invokeBeforeAllMethods$13;org.junit.jupiter.engine.execution.InterceptingExecutableInvoker.invoke;org.junit.jupiter.engine.execution.InterceptingExecutableInvoker.invoke;org.junit.jupiter.engine.execution.InvocationInterceptorChain.invoke;org.junit.jupiter.engine.execution.InvocationInterceptorChain.chainAndInvoke;org.junit.jupiter.engine.execution.InvocationInterceptorChain.proceed;org.junit.jupiter.engine.execution.InvocationInterceptorChain$InterceptedInvocation.proceed;org.junit.jupiter.engine.execution.InterceptingExecutableInvoker$$Lambda/0x000001f9e6104a00.apply;org.junit.jupiter.engine.execution.InterceptingExecutableInvoker.lambda$invoke$0;org.junit.jupiter.engine.execution.InterceptingExecutableInvoker$ReflectiveInterceptorCall$$Lambda/0x000001f9e60930f0.apply;org.junit.jupiter.engine.execution.InterceptingExecutableInvoker$ReflectiveInterceptorCall.lambda$ofVoidMethod$0;org.junit.jupiter.engine.descriptor.ClassBasedTestDescriptor$$Lambda/0x000001f9e61056a0.apply;org.junit.jupiter.engine.extension.TimeoutExtension.interceptBeforeAllMethod;org.junit.jupiter.engine.extension.TimeoutExtension.interceptLifecycleMethod;org.junit.jupiter.engine.extension.TimeoutExtension.intercept;org.junit.jupiter.engine.execution.InvocationInterceptorChain$ValidatingInvocation.proceed;org.junit.jupiter.engine.execution.MethodInvocation.proceed;org.junit.platform.commons.util.ReflectionUtils.invokeMethod;java.lang.reflect.Method.invoke;jdk.internal.reflect.DirectMethodHandleAccessor.invoke;jdk.internal.reflect.DirectMethodHandleAccessor.invokeImpl;java.lang.invoke.Invokers$Holder.invokeExact_MT;java.lang.invoke.LambdaForm$MH/0x000001f9e610c400.invoke;java.lang.invoke.DirectMethodHandle$Holder.invokeStatic;com.collaboration.petclinic.api.tests.PetAPITests.setup;io.restassured.RestAssured.<clinit>;io.restassured.config.RestAssuredConfig.<init>;io.restassured.config.SSLConfig.<init>;org.apache.http.conn.ssl.SSLSocketFactory.<clinit>;org.apache.http.conn.ssl.AllowAllHostnameVerifier.<clinit>;org.apache.http.conn.ssl.AllowAllHostnameVerifier.<init>;org.apache.http.conn.ssl.AbstractVerifier.<init>;org.apache.commons.logging.LogFactory.<clinit>;org.apache.commons.logging.LogFactory.initDiagnostics;org.apache.commons.logging.LogFactory.getSystemProperty;java.lang.ClassLoader.loadClass;jdk.internal.loader.ClassLoaders$AppClassLoader.loadClass;jdk.internal.loader.BuiltinClassLoader.loadClass;jdk.internal.loader.BuiltinClassLoader.loadClassOrNull;jdk.internal.loader.BuiltinClassLoader.findClassOnClassPathOrNull;jdk.internal.loader.BuiltinClassLoader.defineClass;java.security.SecureClassLoader.defineClass;java.lang.ClassLoader.defineClass;java.lang.ClassLoader.defineClass1,0.0000
sun.launcher.LauncherHelper.checkAndLoadMain;sun.launcher.LauncherHelper.loadMainClass;java.lang.Class.forName;java.lang.Class.forName;java.lang.Class.forName0;java.lang.ClassLoader.loadClass;jdk.internal.loader.ClassLoaders$AppClassLoader.loadClass;jdk.internal.loader.BuiltinClassLoader.loadClass;jdk.internal.loader.BuiltinClassLoader.loadClassOrNull;jdk.internal.loader.BuiltinClassLoader.findClassOnClassPathOrNull;jdk.internal.loader.BuiltinClassLoader.defineClass;java.security.SecureClassLoader.defineClass;java.lang.ClassLoader.defineClass;java.lang.ClassLoader.defineClass1,0.0000
org.apache.maven.surefire.booter.ForkedBooter.main;org.apache.maven.surefire.booter.ForkedBooter.run;org.apache.maven.surefire.booter.ForkedBooter.execute;org.apache.maven.surefire.booter.ForkedBooter.runSuitesInProcess;org.apache.maven.surefire.junitplatform.JUnitPlatformProvider.invoke;org.apache.maven.surefire.junitplatform.JUnitPlatformProvider.invokeAllTests;org.apache.maven.surefire.junitplatform.JUnitPlatformProvider.execute;org.apache.maven.surefire.junitplatform.LazyLauncher.execute;org.junit.platform.launcher.core.DelegatingLauncher.execute;org.junit.platform.launcher.core.DefaultLauncher.execute;org.junit.platform.launcher.core.DefaultLauncher.execute;org.junit.platform.launcher.core.EngineExecutionOrchestrator.execute;org.junit.platform.launcher.core.EngineExecutionOrchestrator.withInterceptedStreams;org.junit.platform.launcher.core.EngineExecutionOrchestrator$$Lambda/0x000001f9e60a6e28.accept;org.junit.platform.launcher.core.EngineExecutionOrchestrator.lambda$execute$0;org.junit.platform.launcher.core.EngineExecutionOrchestrator.execute;org.junit.platform.launcher.core.EngineExecutionOrchestrator.execute;org.junit.platform.launcher.core.EngineExecutionOrchestrator.execute;org.junit.platform.engine.support.hierarchical.HierarchicalTestEngine.execute;org.junit.platform.engine.support.hierarchical.HierarchicalTestExecutor.execute;org.junit.platform.engine.support.hierarchical.SameThreadHierarchicalTestExecutorService.submit;org.junit.platform.engine.support.hierarchical.NodeTestTask.execute;org.junit.platform.engine.support.hierarchical.NodeTestTask.executeRecursively;org.junit.platform.engine.support.hierarchical.ThrowableCollector.execute;org.junit.platform.engine.support.hierarchical.NodeTestTask$$Lambda/0x000001f9e60b6e68.execute;org.junit.platform.engine.support.hierarchical.NodeTestTask.lambda$executeRecursively$9;org.junit.platform.engine.support.hierarchical.Node.around;org.junit.platform.engine.support.hierarchical.NodeTestTask$$Lambda/0x000001f9e60b7290.invoke;org.junit.platform.engine.support.hierarchical.NodeTestTask.lambda$executeRecursively$8;org.junit.platform.engine.support.hierarchical.ThrowableCollector.execute;org.junit.platform.engine.support.hierarchical.NodeTestTask$$Lambda/0x000001f9e60b74b8.execute;org.junit.platform.engine.support.hierarchical.NodeTestTask.lambda$executeRecursively$6;org.junit.platform.engine.support.hierarchical.SameThreadHierarchicalTestExecutorService.invokeAll;java.util.ArrayList.forEach;org.junit.platform.engine.support.hierarchical.SameThreadHierarchicalTestExecutorService$$Lambda/0x000001f9e60bc000.accept;org.junit.platform.engine.support.hierarchical.NodeTestTask.execute;org.junit.platform.engine.support.hierarchical.NodeTestTask.executeRecursively;org.junit.platform.engine.support.hierarchical.ThrowableCollector.execute;org.junit.platform.engine.support.hierarchical.NodeTestTask$$Lambda/0x000001f9e60b6e68.execute;org.junit.platform.engine.support.hierarchical.NodeTestTask.lambda$executeRecursively$9;org.junit.platform.engine.support.hierarchical.Node.around;org.junit.platform.engine.support.hierarchical.NodeTestTask$$Lambda/0x000001f9e60b7290.invoke;org.junit.platform.engine.support.hierarchical.NodeTestTask.lambda$executeRecursively$8;org.junit.platform.engine.support.hierarchical.ThrowableCollector.execute;org.junit.platform.engine.support.hierarchical.NodeTestTask$$Lambda/0x000001f9e60b74b8.execute;org.junit.platform.engine.support.hierarchical.NodeTestTask.lambda$executeRecursively$6;org.junit.jupiter.engine.descriptor.ClassBasedTestDescriptor.before;org.junit.jupiter.engine.descriptor.ClassBasedTestDescriptor.before;org.junit.jupiter.engine.descriptor.ClassBasedTestDescriptor.invokeBeforeAllMethods;org.junit.platform.engine.support.hierarchical.ThrowableCollector.execute;org.junit.jupiter.engine.descriptor.ClassBasedTestDescriptor$$Lambda/0x000001f9e6105478.execute;org.junit.jupiter.engine.descriptor.ClassBasedTestDescriptor.lambda$invokeBeforeAllMethods$13;org.junit.jupiter.engine.execution.InterceptingExecutableInvoker.invoke;org.junit.jupiter.engine.execution.InterceptingExecutableInvoker.invoke;org.junit.jupiter.engine.execution.InvocationInterceptorChain.invoke;org.junit.jupiter.engine.execution.InvocationInterceptorChain.chainAndInvoke;org.junit.jupiter.engine.execution.InvocationInterceptorChain.proceed;org.junit.jupiter.engine.execution.InvocationInterceptorChain$InterceptedInvocation.proceed;org.junit.jupiter.engine.execution.InterceptingExecutableInvoker$$Lambda/0x000001f9e6104a00.apply;org.junit.jupiter.engine.execution.InterceptingExecutableInvoker.lambda$invoke$0;org.junit.jupiter.engine.execution.InterceptingExecutableInvoker$ReflectiveInterceptorCall$$Lambda/0x000001f9e60930f0.apply;org.junit.jupiter.engine.execution.InterceptingExecutableInvoker$ReflectiveInterceptorCall.lambda$ofVoidMethod$0;org.junit.jupiter.engine.descriptor.ClassBasedTestDescriptor$$Lambda/0x000001f9e61056a0.apply;org.junit.jupiter.engine.extension.TimeoutExtension.interceptBeforeAllMethod;org.junit.jupiter.engine.extension.TimeoutExtension.interceptLifecycleMethod;org.junit.jupiter.engine.extension.TimeoutExtension.intercept;org.junit.jupiter.engine.execution.InvocationInterceptorChain$ValidatingInvocation.proceed;org.junit.jupiter.engine.execution.MethodInvocation.proceed;org.junit.platform.commons.util.ReflectionUtils.invokeMethod;java.lang.reflect.Method.invoke;jdk.internal.reflect.DirectMethodHandleAccessor.invoke;jdk.internal.reflect.DirectMethodHandleAccessor.invokeImpl;java.lang.invoke.Invokers$Holder.invokeExact_MT;java.lang.invoke.LambdaForm$MH/0x000001f9e610c400.invoke;java.lang.invoke.DirectMethodHandle$Holder.invokeStatic;com.collaboration.petclinic.api.tests.PetAPITests.setup;io.restassured.RestAssured.<clinit>;io.restassured.authentication.NoAuthScheme.<init>;io.restassured.authentication.NoAuthScheme.$getStaticMetaClass;org.codehaus.groovy.reflection.ClassInfo.getMetaClass;org.codehaus.groovy.reflection.ClassInfo.getMetaClassUnderLock;groovy.lang.MetaClassImpl.initialize;groovy.lang.MetaClassImpl.reinitialize;groovy.lang.MetaClassImpl.fillMethodIndex;groovy.lang.MetaClassImpl.populateMethods;groovy.lang.MetaClassImpl.addMetaMethodToIndex;org.codehaus.groovy.runtime.metaclass.MetaMethodIndex.addMethodToList;org.codehaus.groovy.runtime.metaclass.MetaMethodIndex.isMatchingMethod;org.codehaus.groovy.reflection.ParameterTypes.getParameterTypes;org.codehaus.groovy.reflection.ParameterTypes.getParametersTypes0;org.codehaus.groovy.reflection.ReflectionCache.getCachedClass;org.codehaus.groovy.reflection.ClassInfo.getCachedClass;org.codehaus.groovy.util.LazyReference.get;org.codehaus.groovy.util.LazyReference.getLocked;org.codehaus.groovy.reflection.ClassInfo$LazyCachedClassRef.initValue;org.codehaus.groovy.reflection.ClassInfo$LazyCachedClassRef.initValue;org.codehaus.groovy.reflection.ClassInfo.access$300;org.codehaus.groovy.reflection.ClassInfo.createCachedClass;org.codehaus.groovy.reflection.ClassInfo.isSAM;org.codehaus.groovy.reflection.stdclasses.CachedSAMClass.getSAMMethod;org.codehaus.groovy.reflection.stdclasses.CachedSAMClass.getAbstractMethods;org.codehaus.groovy.reflection.stdclasses.CachedSAMClass.getDeclaredMethods;java.security.AccessController.doPrivileged;java.security.AccessController.executePrivileged;org.codehaus.groovy.reflection.stdclasses.CachedSAMClass$$Lambda/0x000001f9e611dc08.run;java.lang.Class.getDeclaredMethods;java.lang.Class.privateGetDeclaredMethods;java.lang.Class.getDeclaredMethods0;java.lang.ClassLoader.loadClass;jdk.internal.loader.ClassLoaders$AppClassLoader.loadClass;jdk.internal.loader.BuiltinClassLoader.loadClass;jdk.internal.loader.BuiltinClassLoader.loadClassOrNull;jdk.internal.loader.BuiltinClassLoader.findClassOnClassPathOrNull;jdk.internal.loader.BuiltinClassLoader.defineClass;java.security.SecureClassLoader.defineClass;java.lang.ClassLoader.defineClass;java.lang.ClassLoader.defineClass1,0.0000
org.apache.maven.surefire.booter.ForkedBooter.main;org.apache.maven.surefire.booter.ForkedBooter.run;org.apache.maven.surefire.booter.ForkedBooter.execute;org.apache.maven.surefire.booter.ForkedBooter.runSuitesInProcess;org.apache.maven.surefire.junitplatform.JUnitPlatformProvider.invoke;org.apache.maven.surefire.junitplatform.JUnitPlatformProvider.invokeAllTests;org.apache.maven.surefire.junitplatform.JUnitPlatformProvider.execute;org.apache.maven.surefire.junitplatform.LazyLauncher.execute;org.junit.platform.launcher.core.DelegatingLauncher.execute;org.junit.platform.launcher.core.DefaultLauncher.execute;org.junit.platform.launcher.core.DefaultLauncher.execute;org.junit.platform.launcher.core.EngineExecutionOrchestrator.execute;org.junit.platform.launcher.core.EngineExecutionOrchestrator.withInterceptedStreams;org.junit.platform.launcher.core.EngineExecutionOrchestrator$$Lambda/0x000001f9e60a6e28.accept;org.junit.platform.launcher.core.EngineExecutionOrchestrator.lambda$execute$0;org.junit.platform.launcher.core.EngineExecutionOrchestrator.execute;org.junit.platform.launcher.core.EngineExecutionOrchestrator.execute;org.junit.platform.launcher.core.EngineExecutionOrchestrator.execute;org.junit.platform.engine.support.hierarchical.HierarchicalTestEngine.execute;org.junit.platform.engine.support.hierarchical.HierarchicalTestExecutor.execute;org.junit.platform.engine.support.hierarchical.SameThreadHierarchicalTestExecutorService.submit;org.junit.platform.engine.support.hierarchical.NodeTestTask.execute;org.junit.platform.engine.support.hierarchical.NodeTestTask.executeRecursively;org.junit.platform.engine.support.hierarchical.ThrowableCollector.execute;org.junit.platform.engine.support.hierarchical.NodeTestTask$$Lambda/0x000001f9e60b6e68.execute;org.junit.platform.engine.support.hierarchical.NodeTestTask.lambda$executeRecursively$9;org.junit.platform.engine.support.hierarchical.Node.around;org.junit.platform.engine.support.hierarchical.NodeTestTask$$Lambda/0x000001f9e60b7290.invoke;org.junit.platform.engine.support.hierarchical.NodeTestTask.lambda$executeRecursively$8;org.junit.platform.engine.support.hierarchical.ThrowableCollector.execute;org.junit.platform.engine.support.hierarchical.NodeTestTask$$Lambda/0x000001f9e60b74b8.execute;org.junit.platform.engine.support.hierarchical.NodeTestTask.lambda$executeRecursively$6;org.junit.platform.engine.support.hierarchical.SameThreadHierarchicalTestExecutorService.invokeAll;java.util.ArrayList.forEach;org.junit.platform.engine.support.hierarchical.SameThreadHierarchicalTestExecutorService$$Lambda/0x000001f9e60bc000.accept;org.junit.platform.engine.support.hierarchical.NodeTestTask.execute;org.junit.platform.engine.support.hierarchical.NodeTestTask.executeRecursively;org.junit.platform.engine.support.hierarchical.ThrowableCollector.execute;org.junit.platform.engine.support.hierarchical.NodeTestTask$$Lambda/0x000001f9e60b6e68.execute;org.junit.platform.engine.support.hierarchical.NodeTestTask.lambda$executeRecursively$9;org.junit.platform.engine.support.hierarchical.Node.around;org.junit.platform.engine.support.hierarchical.NodeTestTask$$Lambda/0x000001f9e60b7290.invoke;org.junit.platform.engine.support.hierarchical.NodeTestTask.lambda$executeRecursively$8;org.junit.platform.engine.support.hierarchical.ThrowableCollector.execute;org.junit.platform.engine.support.hierarchical.NodeTestTask$$Lambda/0x000001f9e60b74b8.execute;org.junit.platform.engine.support.hierarchical.NodeTestTask.lambda$executeRecursively$6;org.junit.platform.engine.support.hierarchical.SameThreadHierarchicalTestExecutorService.invokeAll;java.util.ArrayList.forEach;org.junit.platform.engine.support.hierarchical.SameThreadHierarchicalTestExecutorService$$Lambda/0x000001f9e60bc000.accept;org.junit.platform.engine.support.hierarchical.NodeTestTask.execute;org.junit.platform.engine.support.hierarchical.NodeTestTask.executeRecursively;org.junit.platform.engine.support.hierarchical.ThrowableCollector.execute;org.junit.platform.engine.support.hierarchical.NodeTestTask$$Lambda/0x000001f9e60b6e68.execute;org.junit.platform.engine.support.hierarchical.NodeTestTask.lambda$executeRecursively$9;org.junit.platform.engine.support.hierarchical.Node.around;org.junit.platform.engine.support.hierarchical.NodeTestTask$$Lambda/0x000001f9e60b7290.invoke;org.junit.platform.engine.support.hierarchical.NodeTestTask.lambda$executeRecursively$8;org.junit.platform.engine.support.hierarchical.ThrowableCollector.execute;org.junit.platform.engine.support.hierarchical.NodeTestTask$$Lambda/0x000001f9e60b74b8.execute;org.junit.platform.engine.support.hierarchical.NodeTestTask.lambda$executeRecursively$6;org.junit.jupiter.engine.descriptor.TestMethodTestDescriptor.execute;org.junit.jupiter.engine.descriptor.TestMethodTestDescriptor.execute;org.junit.jupiter.engine.descriptor.TestMethodTestDescriptor.invokeTestMethod;org.junit.platform.engine.support.hierarchical.ThrowableCollector.execute;org.junit.jupiter.engine.descriptor.TestMethodTestDescriptor$$Lambda/0x000001f9e6176848.execute;org.junit.jupiter.engine.descriptor.TestMethodTestDescriptor.lambda$invokeTestMethod$7;org.junit.jupiter.engine.execution.InterceptingExecutableInvoker.invoke;org.junit.jupiter.engine.execution.InterceptingExecutableInvoker.invoke;org.junit.jupiter.engine.execution.InvocationInterceptorChain.invoke;org.junit.jupiter.engine.execution.InvocationInterceptorChain.chainAndInvoke;org.junit.jupiter.engine.execution.InvocationInterceptorChain.proceed;org.junit.jupiter.engine.execution.InvocationInterceptorChain$InterceptedInvocation.proceed;org.junit.jupiter.engine.execution.InterceptingExecutableInvoker$$Lambda/0x000001f9e6104a00.apply;org.junit.jupiter.engine.execution.InterceptingExecutableInvoker.lambda$invoke$0;org.junit.jupiter.engine.execution.InterceptingExecutableInvoker$ReflectiveInterceptorCall$$Lambda/0x000001f9e60930f0.apply;org.junit.jupiter.engine.execution.InterceptingExecutableInvoker$ReflectiveInterceptorCall.lambda$ofVoidMethod$0;org.junit.jupiter.engine.descriptor.TestMethodTestDescriptor$$Lambda/0x000001f9e6092cd0.apply;org.junit.jupiter.engine.extension.TimeoutExtension.interceptTestMethod;org.junit.jupiter.engine.extension.TimeoutExtension.interceptTestableMethod;org.junit.jupiter.engine.extension.TimeoutExtension.intercept;org.junit.jupiter.engine.execution.InvocationInterceptorChain$ValidatingInvocation.proceed;org.junit.jupiter.engine.execution.MethodInvocation.proceed;org.junit.platform.commons.util.ReflectionUtils.invokeMethod;java.lang.reflect.Method.invoke;jdk.internal.reflect.DirectMethodHandleAccessor.invoke;jdk.internal.reflect.DirectMethodHandleAccessor.invokeImpl;java.lang.invoke.Invokers$Holder.invokeExact_MT;java.lang.invoke.LambdaForm$MH/0x000001f9e6171000.invoke;java.lang.invoke.LambdaForm$DMH/0x000001f9e6170800.invokeVirtual;com.collaboration.petclinic.api.tests.PetAPITests.testAddPetSuccessfully;io.restassured.internal.RequestSpecificationImpl.post;io.restassured.internal.RequestSpecificationImpl.post;org.codehaus.groovy.runtime.callsite.AbstractCallSite.callCurrent;org.codehaus.groovy.runtime.callsite.AbstractCallSite.callCurrent;org.codehaus.groovy.runtime.callsite.CallSiteArray.defaultCallCurrent;org.codehaus.groovy.runtime.callsite.PogoInterceptableSite.callCurrent;org.codehaus.groovy.runtime.callsite.PogoInterceptableSite.call;io.restassured.internal.RequestSpecificationImpl.invokeMethod;groovy.lang.MetaClassImpl.invokeMethod;groovy.lang.MetaClassImpl.invokeMethod;groovy.lang.MetaClassImpl.invokeMethod;groovy.lang.MetaClassImpl.doInvokeMethod;groovy.lang.MetaMethod.doMethodInvoke;org.codehaus.groovy.reflection.CachedMethod.invoke;java.lang.reflect.Method.invoke;jdk.internal.reflect.DirectMethodHandleAccessor.invoke;jdk.internal.reflect.DirectMethodHandleAccessor.invokeImpl;java.lang.invoke.Invokers$Holder.invokeExact_MT;java.lang.invoke.LambdaForm$MH/0x000001f9e61a3400.invoke;java.lang.invoke.LambdaForm$DMH/0x000001f9e61a2400.invokeVirtual;io.restassured.internal.RequestSpecificationImpl.this$2$applyPathParamsAndSendRequest;io.restassured.internal.RequestSpecificationImpl.applyPathParamsAndSendRequest;org.codehaus.groovy.runtime.callsite.AbstractCallSite.callCurrent;org.codehaus.groovy.runtime.callsite.AbstractCallSite.callCurrent;org.codehaus.groovy.runtime.callsite.CallSiteArray.defaultCallCurrent;org.codehaus.groovy.runtime.callsite.PogoInterceptableSite.callCurrent;org.codehaus.groovy.runtime.callsite.PogoInterceptableSite.call;io.restassured.internal.RequestSpecificationImpl.invokeMethod;groovy.lang.MetaClassImpl.invokeMethod;groovy.lang.MetaClassImpl.invokeMethod;groovy.lang.MetaClassImpl.invokeMethod;groovy.lang.MetaClassImpl.doInvokeMethod;groovy.lang.MetaMethod.doMethodInvoke;org.codehaus.groovy.reflection.CachedMethod.invoke;java.lang.reflect.Method.invoke;jdk.internal.reflect.DirectMethodHandleAccessor.invoke;jdk.internal.reflect.DirectMethodHandleAccessor.invokeImpl;java.lang.invoke.Invokers$Holder.invokeExact_MT;java.lang.invoke.LambdaForm$MH/0x000001f9e61a4400.invoke;java.lang.invoke.LambdaForm$DMH/0x000001f9e61a2400.invokeVirtual;io.restassured.internal.RequestSpecificationImpl.this$2$applyPathParamsAndSendRequest;io.restassured.internal.RequestSpecificationImpl.applyPathParamsAndSendRequest;org.codehaus.groovy.runtime.callsite.AbstractCallSite.call;org.codehaus.groovy.runtime.callsite.AbstractCallSite.call;org.codehaus.groovy.runtime.callsite.CallSiteArray.defaultCall;io.restassured.filter.FilterContext$next.call;io.restassured.internal.filter.FilterContextImpl.next;org.codehaus.groovy.runtime.callsite.AbstractCallSite.call;org.codehaus.groovy.runtime.callsite.AbstractCallSite.call;org.codehaus.groovy.runtime.callsite.CallSiteArray.defaultCall;io.restassured.filter.Filter$filter.call;io.restassured.internal.filter.CsrfFilter.filter;org.codehaus.groovy.runtime.callsite.AbstractCallSite.call;org.codehaus.groovy.runtime.callsite.AbstractCallSite.call;org.codehaus.groovy.runtime.callsite.CallSiteArray.defaultCall;io.restassured.filter.FilterContext$next.call;io.restassured.internal.filter.FilterContextImpl.next;io.restassured.filter.Filter$filter.call;org.codehaus.groovy.runtime.callsite.CallSiteArray.defaultCall;io.restassured.filter.Filter$filter$0.call;io.restassured.filter.time.TimingFilter.filter;io.restassured.internal.filter.FilterContextImpl.next;io.restassured.filter.Filter$filter$0.call;org.codehaus.groovy.runtime.callsite.CallSiteArray.defaultCall;io.restassured.filter.Filter$filter.call;io.restassured.internal.filter.SendRequestFilter.filter;org.codehaus.groovy.runtime.callsite.AbstractCallSite.call;org.codehaus.groovy.runtime.callsite.AbstractCallSite.call;org.codehaus.groovy.runtime.callsite.CallSiteArray.defaultCall;org.codehaus.groovy.runtime.callsite.PogoInterceptableSite.call;io.restassured.internal.RequestSpecificationImpl.invokeMethod;groovy.lang.MetaClassImpl.invokeMethod;groovy.lang.MetaClassImpl.invokeMethod;groovy.lang.MetaClassImpl.invokeMethod;groovy.lang.MetaClassImpl.doInvokeMethod;groovy.lang.MetaMethod.doMethodInvoke;org.codehaus.groovy.reflection.CachedMethod.invoke;java.lang.reflect.Method.invoke;jdk.internal.reflect.DirectMethodHandleAccessor.invoke;jdk.internal.reflect.DirectMethodHandleAccessor.invokeImpl;java.lang.invoke.Invokers$Holder.invokeExact_MT;java.lang.invoke.LambdaForm$MH/0x000001f9e6211000.invoke;java.lang.invoke.LambdaForm$DMH/0x000001f9e6210000.invokeVirtual;io.restassured.internal.RequestSpecificationImpl.this$2$sendRequest;io.restassured.internal.RequestSpecificationImpl.sendRequest;org.codehaus.groovy.runtime.callsite.AbstractCallSite.call;org.codehaus.groovy.runtime.callsite.AbstractCallSite.call;org.codehaus.groovy.runtime.callsite.CallSiteArray.defaultCall;io.restassured.internal.http.HTTPBuilder$post$2.call;io.restassured.internal.http.HTTPBuilder.post;io.restassured.internal.RestAssuredHttpBuilder.doRequest;org.apache.http.impl.client.CloseableHttpClient.execute;org.apache.http.impl.client.AbstractHttpClient.doExecute;org.apache.http.impl.client.AbstractHttpClient.createClientRequestDirector;java.lang.ClassLoader.loadClass;jdk.internal.loader.ClassLoaders$AppClassLoader.loadClass;jdk.internal.loader.BuiltinClassLoader.loadClass;jdk.internal.loader.BuiltinClassLoader.loadClassOrNull;jdk.internal.loader.BuiltinClassLoader.findClassOnClassPathOrNull;jdk.internal.loader.BuiltinClassLoader.defineClass;java.security.SecureClassLoader.defineClass;java.lang.ClassLoader.defineClass;java.lang.ClassLoader.defineClass1,0.0000
org.apache.maven.surefire.booter.ForkedBooter.main;org.apache.maven.surefire.booter.ForkedBooter.run;org.apache.maven.surefire.booter.ForkedBooter.execute;org.apache.maven.surefire.booter.ForkedBooter.runSuitesInProcess;org.apache.maven.surefire.junitplatform.JUnitPlatformProvider.invoke;org.apache.maven.surefire.junitplatform.JUnitPlatformProvider.invokeAllTests;org.apache.maven.surefire.junitplatform.JUnitPlatformProvider.execute;org.apache.maven.surefire.junitplatform.LazyLauncher.execute;org.junit.platform.launcher.core.DelegatingLauncher.execute;org.junit.platform.launcher.core.DefaultLauncher.execute;org.junit.platform.launcher.core.DefaultLauncher.execute;org.junit.platform.launcher.core.EngineExecutionOrchestrator.execute;org.junit.platform.launcher.core.EngineExecutionOrchestrator.withInterceptedStreams;org.junit.platform.launcher.core.EngineExecutionOrchestrator$$Lambda/0x000001f9e60a6e28.accept;org.junit.platform.launcher.core.EngineExecutionOrchestrator.lambda$execute$0;org.junit.platform.launcher.core.EngineExecutionOrchestrator.execute;org.junit.platform.launcher.core.EngineExecutionOrchestrator.execute;org.junit.platform.launcher.core.EngineExecutionOrchestrator.execute;org.junit.platform.engine.support.hierarchical.HierarchicalTestEngine.execute;org.junit.platform.engine.support.hierarchical.HierarchicalTestExecutor.execute;org.junit.platform.engine.support.hierarchical.SameThreadHierarchicalTestExecutorService.submit;org.junit.platform.engine.support.hierarchical.NodeTestTask.execute;org.junit.platform.engine.support.hierarchical.NodeTestTask.executeRecursively;org.junit.platform.engine.support.hierarchical.ThrowableCollector.execute;org.junit.platform.engine.support.hierarchical.NodeTestTask$$Lambda/0x000001f9e60b6e68.execute;org.junit.platform.engine.support.hierarchical.NodeTestTask.lambda$executeRecursively$9;org.junit.platform.engine.support.hierarchical.Node.around;org.junit.platform.engine.support.hierarchical.NodeTestTask$$Lambda/0x000001f9e60b7290.invoke;org.junit.platform.engine.support.hierarchical.NodeTestTask.lambda$executeRecursively$8;org.junit.platform.engine.support.hierarchical.ThrowableCollector.execute;org.junit.platform.engine.support.hierarchical.NodeTestTask$$Lambda/0x000001f9e60b74b8.execute;org.junit.platform.engine.support.hierarchical.NodeTestTask.lambda$executeRecursively$6;org.junit.platform.engine.support.hierarchical.SameThreadHierarchicalTestExecutorService.invokeAll;java.util.ArrayList.forEach;org.junit.platform.engine.support.hierarchical.SameThreadHierarchicalTestExecutorService$$Lambda/0x000001f9e60bc000.accept;org.junit.platform.engine.support.hierarchical.NodeTestTask.execute;org.junit.platform.engine.support.hierarchical.NodeTestTask.executeRecursively;org.junit.platform.engine.support.hierarchical.ThrowableCollector.execute;org.junit.platform.engine.support.hierarchical.NodeTestTask$$Lambda/0x000001f9e60b6e68.execute;org.junit.platform.engine.support.hierarchical.NodeTestTask.lambda$executeRecursively$9;org.junit.platform.engine.support.hierarchical.Node.around;org.junit.platform.engine.support.hierarchical.NodeTestTask$$Lambda/0x000001f9e60b7290.invoke;org.junit.platform.engine.support.hierarchical.NodeTestTask.lambda$executeRecursively$8;org.junit.platform.engine.support.hierarchical.ThrowableCollector.execute;org.junit.platform.engine.support.hierarchical.NodeTestTask$$Lambda/0x000001f9e60b74b8.execute;org.junit.platform.engine.support.hierarchical.NodeTestTask.lambda$executeRecursively$6;org.junit.platform.engine.support.hierarchical.SameThreadHierarchicalTestExecutorService.invokeAll;java.util.ArrayList.forEach;org.junit.platform.engine.support.hierarchical.SameThreadHierarchicalTestExecutorService$$Lambda/0x000001f9e60bc000.accept;org.junit.platform.engine.support.hierarchical.NodeTestTask.execute;org.junit.platform.engine.support.hierarchical.NodeTestTask.executeRecursively;org.junit.platform.engine.support.hierarchical.ThrowableCollector.execute;org.junit.platform.engine.support.hierarchical.NodeTestTask$$Lambda/0x000001f9e60b6e68.execute;org.junit.platform.engine.support.hierarchical.NodeTestTask.lambda$executeRecursively$9;org.junit.platform.engine.support.hierarchical.Node.around;org.junit.platform.engine.support.hierarchical.NodeTestTask$$Lambda/0x000001f9e60b7290.invoke;org.junit.platform.engine.support.hierarchical.NodeTestTask.lambda$executeRecursively$8;org.junit.platform.engine.support.hierarchical.ThrowableCollector.execute;org.junit.platform.engine.support.hierarchical.NodeTestTask$$Lambda/0x000001f9e60b74b8.execute;org.junit.platform.engine.support.hierarchical.NodeTestTask.lambda$executeRecursively$6;org.junit.jupiter.engine.descriptor.TestMethodTestDescriptor.execute;org.junit.jupiter.engine.descriptor.TestMethodTestDescriptor.execute;org.junit.jupiter.engine.descriptor.TestMethodTestDescriptor.invokeTestMethod;org.junit.platform.engine.support.hierarchical.ThrowableCollector.execute;org.junit.jupiter.engine.descriptor.TestMethodTestDescriptor$$Lambda/0x000001f9e6176848.execute;org.junit.jupiter.engine.descriptor.TestMethodTestDescriptor.lambda$invokeTestMethod$7;org.junit.jupiter.engine.execution.InterceptingExecutableInvoker.invoke;org.junit.jupiter.engine.execution.InterceptingExecutableInvoker.invoke;org.junit.jupiter.engine.execution.InvocationInterceptorChain.invoke;org.junit.jupiter.engine.execution.InvocationInterceptorChain.chainAndInvoke;org.junit.jupiter.engine.execution.InvocationInterceptorChain.proceed;org.junit.jupiter.engine.execution.InvocationInterceptorChain$InterceptedInvocation.proceed;org.junit.jupiter.engine.execution.InterceptingExecutableInvoker$$Lambda/0x000001f9e6104a00.apply;org.junit.jupiter.engine.execution.InterceptingExecutableInvoker.lambda$invoke$0;org.junit.jupiter.engine.execution.InterceptingExecutableInvoker$ReflectiveInterceptorCall$$Lambda/0x000001f9e60930f0.apply;org.junit.jupiter.engine.execution.InterceptingExecutableInvoker$ReflectiveInterceptorCall.lambda$ofVoidMethod$0;org.junit.jupiter.engine.descriptor.TestMethodTestDescriptor$$Lambda/0x000001f9e6092cd0.apply;org.junit.jupiter.engine.extension.TimeoutExtension.interceptTestMethod;org.junit.jupiter.engine.extension.TimeoutExtension.interceptTestableMethod;org.junit.jupiter.engine.extension.TimeoutExtension.intercept;org.junit.jupiter.engine.execution.InvocationInterceptorChain$ValidatingInvocation.proceed;org.junit.jupiter.engine.execution.MethodInvocation.proceed;org.junit.platform.commons.util.ReflectionUtils.invokeMethod;java.lang.reflect.Method.invoke;jdk.internal.reflect.DirectMethodHandleAccessor.invoke;jdk.internal.reflect.DirectMethodHandleAccessor.invokeImpl;java.lang.invoke.Invokers$Holder.invokeExact_MT;java.lang.invoke.LambdaForm$MH/0x000001f9e6171000.invoke;java.lang.invoke.LambdaForm$DMH/0x000001f9e6170800.invokeVirtual;com.collaboration.petclinic.api.tests.PetAPITests.testAddPetSuccessfully;io.restassured.internal.RequestSpecificationImpl.post;io.restassured.internal.RequestSpecificationImpl.post;org.codehaus.groovy.runtime.callsite.AbstractCallSite.callCurrent;org.codehaus.groovy.runtime.callsite.AbstractCallSite.callCurrent;org.codehaus.groovy.runtime.callsite.CallSiteArray.defaultCallCurrent;org.codehaus.groovy.runtime.callsite.PogoInterceptableSite.callCurrent;org.codehaus.groovy.runtime.callsite.PogoInterceptableSite.call;io.restassured.internal.RequestSpecificationImpl.invokeMethod;groovy.lang.MetaClassImpl.invokeMethod;groovy.lang.MetaClassImpl.invokeMethod;groovy.lang.MetaClassImpl.invokeMethod;groovy.lang.MetaClassImpl.doInvokeMethod;groovy.lang.MetaMethod.doMethodInvoke;org.codehaus.groovy.reflection.CachedMethod.invoke;java.lang.reflect.Method.invoke;jdk.internal.reflect.DirectMethodHandleAccessor.invoke;jdk.internal.reflect.DirectMethodHandleAccessor.invokeImpl;java.lang.invoke.Invokers$Holder.invokeExact_MT;java.lang.invoke.LambdaForm$MH/0x000001f9e61a3400.invoke;java.lang.invoke.LambdaForm$DMH/0x000001f9e61a2400.invokeVirtual;io.restassured.internal.RequestSpecificationImpl.this$2$applyPathParamsAndSendRequest;io.restassured.internal.RequestSpecificationImpl.applyPathParamsAndSendRequest;org.codehaus.groovy.runtime.callsite.AbstractCallSite.callCurrent;org.codehaus.groovy.runtime.callsite.AbstractCallSite.callCurrent;org.codehaus.groovy.runtime.callsite.CallSiteArray.defaultCallCurrent;org.codehaus.groovy.runtime.callsite.PogoInterceptableSite.callCurrent;org.codehaus.groovy.runtime.callsite.PogoInterceptableSite.call;io.restassured.internal.RequestSpecificationImpl.invokeMethod;groovy.lang.MetaClassImpl.invokeMethod;groovy.lang.MetaClassImpl.invokeMethod;groovy.lang.MetaClassImpl.invokeMethod;groovy.lang.MetaClassImpl.doInvokeMethod;groovy.lang.MetaMethod.doMethodInvoke;org.codehaus.groovy.reflection.CachedMethod.invoke;java.lang.reflect.Method.invoke;java.lang.reflect.Method.acquireMethodAccessor;jdk.internal.reflect.ReflectionFactory.newMethodAccessor;jdk.internal.reflect.MethodHandleAccessorFactory.newMethodAccessor;jdk.internal.reflect.MethodHandleAccessorFactory.getDirectMethod;jdk.internal.reflect.MethodHandleAccessorFactory.makeSpecializedTarget;java.lang.invoke.MethodHandle.asType;java.lang.invoke.MethodHandle.asTypeUncached;java.lang.invoke.MethodHandleImpl.makePairwiseConvert;java.lang.invoke.MethodHandleImpl.makePairwiseConvert;java.lang.invoke.MethodHandleImpl.makePairwiseConvertByEditor;java.lang.invoke.BoundMethodHandle$Species_LL.copyWithExtendL;java.lang.invoke.DirectMethodHandle$Holder.invokeStatic;java.lang.invoke.BoundMethodHandle$Species_LLL.make;java.lang.invoke.BoundMethodHandle$Species_LLL.<init>;java.lang.invoke.BoundMethodHandle.<init>;java.lang.invoke.MethodHandle.<init>;java.lang.invoke.LambdaForm.prepare;java.lang.invoke.LambdaForm.compileToBytecode;java.lang.invoke.InvokerBytecodeGenerator.generateCustomizedCode;java.lang.invoke.InvokerBytecodeGenerator.loadMethod;java.lang.invoke.MethodHandles$Lookup$ClassDefiner.defineClass;java.lang.System$2.defineClass;java.lang.ClassLoader.defineClass0,0.0000
org.apache.maven.surefire.booter.ForkedBooter.main;org.apache.maven.surefire.booter.ForkedBooter.run;org.apache.maven.surefire.booter.ForkedBooter.setupBooter;org.apache.maven.surefire.booter.ForkedBooter.listenToShutdownCommands;org.apache.maven.surefire.booter.PpidChecker.<clinit>;org.apache.maven.surefire.shared.lang3.SystemUtils.<clinit>;org.apache.maven.surefire.shared.lang3.SystemProperties.getFileEncoding;org.apache.maven.surefire.shared.lang3.SystemProperties.getProperty;org.apache.maven.surefire.shared.lang3.SystemProperties.getProperty;org.apache.maven.surefire.shared.lang3.StringUtils.<clinit>;java.util.regex.Pattern.compile;java.util.regex.Pattern.<init>;java.util.regex.Pattern.compile;java.util.regex.Pattern.expr;java.util.regex.Pattern.sequence;java.util.regex.Pattern.family;java.util.regex.CharPredicates.forUnicodeBlock;java.lang.Character$UnicodeBlock.<clinit>;java.lang.Character$UnicodeBlock.<init>,0.0000
org.apache.maven.surefire.booter.ForkedBooter.main;org.apache.maven.surefire.booter.ForkedBooter.run;org.apache.maven.surefire.booter.ForkedBooter.execute;org.apache.maven.surefire.booter.ForkedBooter.runSuitesInProcess;org.apache.maven.surefire.junitplatform.JUnitPlatformProvider.invoke;org.apache.maven.surefire.junitplatform.JUnitPlatformProvider.invokeAllTests;org.apache.maven.surefire.junitplatform.JUnitPlatformProvider.execute;org.apache.maven.surefire.junitplatform.LazyLauncher.execute;org.junit.platform.launcher.core.DelegatingLauncher.execute;org.junit.platform.launcher.core.DefaultLauncher.execute;org.junit.platform.launcher.core.DefaultLauncher.execute;org.junit.platform.launcher.core.EngineExecutionOrchestrator.execute;org.junit.platform.launcher.core.EngineExecutionOrchestrator.withInterceptedStreams;org.junit.platform.launcher.core.EngineExecutionOrchestrator$$Lambda/0x000001f9e60a6e28.accept;org.junit.platform.launcher.core.EngineExecutionOrchestrator.lambda$execute$0;org.junit.platform.launcher.core.EngineExecutionOrchestrator.execute;org.junit.platform.launcher.core.EngineExecutionOrchestrator.execute;org.junit.platform.launcher.core.EngineExecutionOrchestrator.execute;org.junit.platform.engine.support.hierarchical.HierarchicalTestEngine.execute;org.junit.platform.engine.support.hierarchical.HierarchicalTestExecutor.execute;org.junit.platform.engine.support.hierarchical.SameThreadHierarchicalTestExecutorService.submit;org.junit.platform.engine.support.hierarchical.NodeTestTask.execute;org.junit.platform.engine.support.hierarchical.NodeTestTask.executeRecursively;org.junit.platform.engine.support.hierarchical.ThrowableCollector.execute;org.junit.platform.engine.support.hierarchical.NodeTestTask$$Lambda/0x000001f9e60b6e68.execute;org.junit.platform.engine.support.hierarchical.NodeTestTask.lambda$executeRecursively$9;org.junit.platform.engine.support.hierarchical.Node.around;org.junit.platform.engine.support.hierarchical.NodeTestTask$$Lambda/0x000001f9e60b7290.invoke;org.junit.platform.engine.support.hierarchical.NodeTestTask.lambda$executeRecursively$8;org.junit.platform.engine.support.hierarchical.ThrowableCollector.execute;org.junit.platform.engine.support.hierarchical.NodeTestTask$$Lambda/0x000001f9e60b74b8.execute;org.junit.platform.engine.support.hierarchical.NodeTestTask.lambda$executeRecursively$6;org.junit.platform.engine.support.hierarchical.SameThreadHierarchicalTestExecutorService.invokeAll;java.util.ArrayList.forEach;org.junit.platform.engine.support.hierarchical.SameThreadHierarchicalTestExecutorService$$Lambda/0x000001f9e60bc000.accept;org.junit.platform.engine.support.hierarchical.NodeTestTask.execute;org.junit.platform.engine.support.hierarchical.NodeTestTask.executeRecursively;org.junit.platform.engine.support.hierarchical.ThrowableCollector.execute;org.junit.platform.engine.support.hierarchical.NodeTestTask$$Lambda/0x000001f9e60b6e68.execute;org.junit.platform.engine.support.hierarchical.NodeTestTask.lambda$executeRecursively$9;org.junit.platform.engine.support.hierarchical.Node.around;org.junit.platform.engine.support.hierarchical.NodeTestTask$$Lambda/0x000001f9e60b7290.invoke;org.junit.platform.engine.support.hierarchical.NodeTestTask.lambda$executeRecursively$8;org.junit.platform.engine.support.hierarchical.ThrowableCollector.execute;org.junit.platform.engine.support.hierarchical.NodeTestTask$$Lambda/0x000001f9e60b74b8.execute;org.junit.platform.engine.support.hierarchical.NodeTestTask.lambda$executeRecursively$6;org.junit.platform.engine.support.hierarchical.SameThreadHierarchicalTestExecutorService.invokeAll;java.util.ArrayList.forEach;org.junit.platform.engine.support.hierarchical.SameThreadHierarchicalTestExecutorService$$Lambda/0x000001f9e60bc000.accept;org.junit.platform.engine.support.hierarchical.NodeTestTask.execute;org.junit.platform.engine.support.hierarchical.NodeTestTask.executeRecursively;org.junit.platform.engine.support.hierarchical.ThrowableCollector.execute;org.junit.platform.engine.support.hierarchical.NodeTestTask$$Lambda/0x000001f9e60b6e68.execute;org.junit.platform.engine.support.hierarchical.NodeTestTask.lambda$executeRecursively$9;org.junit.platform.engine.support.hierarchical.Node.around;org.junit.platform.engine.support.hierarchical.NodeTestTask$$Lambda/0x000001f9e60b7290.invoke;org.junit.platform.engine.support.hierarchical.NodeTestTask.lambda$executeRecursively$8;org.junit.platform.engine.support.hierarchical.ThrowableCollector.execute;org.junit.platform.engine.support.hierarchical.NodeTestTask$$Lambda/0x000001f9e60b74b8.execute;org.junit.platform.engine.support.hierarchical.NodeTestTask.lambda$executeRecursively$6;org.junit.jupiter.engine.descriptor.TestMethodTestDescriptor.execute;org.junit.jupiter.engine.descriptor.TestMethodTestDescriptor.execute;org.junit.jupiter.engine.descriptor.TestMethodTestDescriptor.invokeTestMethod;org.junit.platform.engine.support.hierarchical.ThrowableCollector.execute;org.junit.jupiter.engine.descriptor.TestMethodTestDescriptor$$Lambda/0x000001f9e6176848.execute;org.junit.jupiter.engine.descriptor.TestMethodTestDescriptor.lambda$invokeTestMethod$7;org.junit.jupiter.engine.execution.InterceptingExecutableInvoker.invoke;org.junit.jupiter.engine.execution.InterceptingExecutableInvoker.invoke;org.junit.jupiter.engine.execution.InvocationInterceptorChain.invoke;org.junit.jupiter.engine.execution.InvocationInterceptorChain.chainAndInvoke;org.junit.jupiter.engine.execution.InvocationInterceptorChain.proceed;org.junit.jupiter.engine.execution.InvocationInterceptorChain$InterceptedInvocation.proceed;org.junit.jupiter.engine.execution.InterceptingExecutableInvoker$$Lambda/0x000001f9e6104a00.apply;org.junit.jupiter.engine.execution.InterceptingExecutableInvoker.lambda$invoke$0;org.junit.jupiter.engine.execution.InterceptingExecutableInvoker$ReflectiveInterceptorCall$$Lambda/0x000001f9e60930f0.apply;org.junit.jupiter.engine.execution.InterceptingExecutableInvoker$ReflectiveInterceptorCall.lambda$ofVoidMethod$0;org.junit.jupiter.engine.descriptor.TestMethodTestDescriptor$$Lambda/0x000001f9e6092cd0.apply;org.junit.jupiter.engine.extension.TimeoutExtension.interceptTestMethod;org.junit.jupiter.engine.extension.TimeoutExtension.interceptTestableMethod;org.junit.jupiter.engine.extension.TimeoutExtension.intercept;org.junit.jupiter.engine.execution.InvocationInterceptorChain$ValidatingInvocation.proceed;org.junit.jupiter.engine.execution.MethodInvocation.proceed;org.junit.platform.commons.util.ReflectionUtils.invokeMethod;java.lang.reflect.Method.invoke;jdk.internal.reflect.DirectMethodHandleAccessor.invoke;jdk.internal.reflect.DirectMethodHandleAccessor.invokeImpl;java.lang.invoke.Invokers$Holder.invokeExact_MT;java.lang.invoke.LambdaForm$MH/0x000001f9e6171000.invoke;java.lang.invoke.LambdaForm$DMH/0x000001f9e6170800.invokeVirtual;com.collaboration.petclinic.api.tests.PetAPITests.testAddPetSuccessfully;io.restassured.internal.RequestSpecificationImpl.post;io.restassured.internal.RequestSpecificationImpl.post;org.codehaus.groovy.runtime.callsite.AbstractCallSite.callCurrent;org.codehaus.groovy.runtime.callsite.AbstractCallSite.callCurrent;org.codehaus.groovy.runtime.callsite.CallSiteArray.defaultCallCurrent;org.codehaus.groovy.runtime.callsite.PogoInterceptableSite.callCurrent;org.codehaus.groovy.runtime.callsite.PogoInterceptableSite.call;io.restassured.internal.RequestSpecificationImpl.invokeMethod;groovy.lang.MetaClassImpl.invokeMethod;groovy.lang.MetaClassImpl.invokeMethod;groovy.lang.MetaClassImpl.invokeMethod;groovy.lang.MetaClassImpl.doInvokeMethod;groovy.lang.MetaMethod.doMethodInvoke;org.codehaus.groovy.reflection.CachedMethod.invoke;java.lang.reflect.Method.invoke;jdk.internal.reflect.DirectMethodHandleAccessor.invoke;jdk.internal.reflect.DirectMethodHandleAccessor.invokeImpl;java.lang.invoke.Invokers$Holder.invokeExact_MT;java.lang.invoke.LambdaForm$MH/0x000001f9e61a3400.invoke;java.lang.invoke.LambdaForm$DMH/0x000001f9e61a2400.invokeVirtual;io.restassured.internal.RequestSpecificationImpl.this$2$applyPathParamsAndSendRequest;io.restassured.internal.RequestSpecificationImpl.applyPathParamsAndSendRequest;org.codehaus.groovy.runtime.callsite.AbstractCallSite.callCurrent;org.codehaus.groovy.runtime.callsite.AbstractCallSite.callCurrent;org.codehaus.groovy.runtime.callsite.CallSiteArray.defaultCallCurrent;org.codehaus.groovy.runtime.callsite.PogoInterceptableSite.callCurrent;org.codehaus.groovy.runtime.callsite.PogoInterceptableSite.call;io.restassured.internal.RequestSpecificationImpl.invokeMethod;groovy.lang.MetaClassImpl.invokeMethod;groovy.lang.MetaClassImpl.invokeMethod;groovy.lang.MetaClassImpl.invokeMethod;groovy.lang.MetaClassImpl.doInvokeMethod;groovy.lang.MetaMethod.doMethodInvoke;org.codehaus.groovy.reflection.CachedMethod.invoke;java.lang.reflect.Method.invoke;jdk.internal.reflect.DirectMethodHandleAccessor.invoke;jdk.internal.reflect.DirectMethodHandleAccessor.invokeImpl;java.lang.invoke.Invokers$Holder.invokeExact_MT;java.lang.invoke.LambdaForm$MH/0x000001f9e61a4400.invoke;java.lang.invoke.LambdaForm$DMH/0x000001f9e61a2400.invokeVirtual;io.restassured.internal.RequestSpecificationImpl.this$2$applyPathParamsAndSendRequest;io.restassured.internal.RequestSpecificationImpl.applyPathParamsAndSendRequest;org.codehaus.groovy.runtime.callsite.AbstractCallSite.call;org.codehaus.groovy.runtime.callsite.AbstractCallSite.call;org.codehaus.groovy.runtime.callsite.CallSiteArray.defaultCall;io.restassured.filter.FilterContext$next.call;io.restassured.internal.filter.FilterContextImpl.next;org.codehaus.groovy.runtime.callsite.AbstractCallSite.call;org.codehaus.groovy.runtime.callsite.AbstractCallSite.call;org.codehaus.groovy.runtime.callsite.CallSiteArray.defaultCall;io.restassured.filter.Filter$filter.call;io.restassured.internal.filter.CsrfFilter.filter;org.codehaus.groovy.runtime.callsite.AbstractCallSite.call;org.codehaus.groovy.runtime.callsite.AbstractCallSite.call;org.codehaus.groovy.runtime.callsite.CallSiteArray.defaultCall;io.restassured.filter.FilterContext$next.call;io.restassured.internal.filter.FilterContextImpl.next;io.restassured.filter.Filter$filter.call;org.codehaus.groovy.runtime.callsite.CallSiteArray.defaultCall;io.restassured.filter.Filter$filter$0.call;io.restassured.filter.time.TimingFilter.filter;io.restassured.internal.filter.FilterContextImpl.next;io.restassured.filter.Filter$filter$0.call;org.codehaus.groovy.runtime.callsite.CallSiteArray.defaultCall;io.restassured.filter.Filter$filter.call;io.restassured.internal.filter.SendRequestFilter.filter;org.codehaus.groovy.runtime.callsite.AbstractCallSite.call;org.codehaus.groovy.runtime.callsite.AbstractCallSite.call;org.codehaus.groovy.runtime.callsite.CallSiteArray.defaultCall;org.codehaus.groovy.runtime.callsite.PogoInterceptableSite.call;io.restassured.internal.RequestSpecificationImpl.invokeMethod;groovy.lang.MetaClassImpl.invokeMethod;groovy.lang.MetaClassImpl.invokeMethod;groovy.lang.MetaClassImpl.invokeMethod;groovy.lang.MetaClassImpl.doInvokeMethod;groovy.lang.MetaMethod.doMethodInvoke;org.codehaus.groovy.reflection.CachedMethod.invoke;java.lang.reflect.Method.invoke;jdk.internal.reflect.DirectMethodHandleAccessor.invoke;jdk.internal.reflect.DirectMethodHandleAccessor.invokeImpl;java.lang.invoke.Invokers$Holder.invokeExact_MT;java.lang.invoke.LambdaForm$MH/0x000001f9e6211000.invoke;java.lang.invoke.LambdaForm$DMH/0x000001f9e6210000.invokeVirtual;io.restassured.internal.RequestSpecificationImpl.this$2$sendRequest;io.restassured.internal.RequestSpecificationImpl.sendRequest;org.codehaus.groovy.runtime.callsite.AbstractCallSite.callCurrent;org.codehaus.groovy.runtime.callsite.AbstractCallSite.callCurrent;org.codehaus.groovy.runtime.callsite.CallSiteArray.defaultCallCurrent;org.codehaus.groovy.runtime.callsite.PogoInterceptableSite.callCurrent;org.codehaus.groovy.runtime.callsite.PogoInterceptableSite.call;io.restassured.internal.RequestSpecificationImpl.invokeMethod;groovy.lang.MetaClassImpl.invokeMethod;groovy.lang.MetaClassImpl.invokeMethod;groovy.lang.MetaClassImpl.invokeMethod;groovy.lang.MetaClassImpl.doInvokeMethod;groovy.lang.MetaMethod.doMethodInvoke;org.codehaus.groovy.reflection.CachedMethod.invoke;java.lang.reflect.Method.invoke;jdk.internal.reflect.DirectMethodHandleAccessor.invoke;jdk.internal.reflect.DirectMethodHandleAccessor.invokeImpl;java.lang.invoke.Invokers$Holder.invokeExact_MT;java.lang.invoke.LambdaForm$MH/0x000001f9e618e400.invoke;java.lang.invoke.LambdaForm$DMH/0x000001f9e602c000.invokeVirtual;io.restassured.internal.RequestSpecificationImpl.applyRestAssuredConfig;org.codehaus.groovy.runtime.callsite.AbstractCallSite.callCurrent;org.codehaus.groovy.runtime.callsite.AbstractCallSite.callCurrent;org.codehaus.groovy.runtime.callsite.CallSiteArray.defaultCallCurrent;org.codehaus.groovy.runtime.callsite.PogoInterceptableSite.callCurrent;org.codehaus.groovy.runtime.callsite.PogoInterceptableSite.call;io.restassured.internal.RequestSpecificationImpl.invokeMethod;groovy.lang.MetaClassImpl.invokeMethod;groovy.lang.MetaClassImpl.invokeMethod;groovy.lang.MetaClassImpl.invokeMethod;groovy.lang.MetaClassImpl.doInvokeMethod;groovy.lang.MetaMethod.doMethodInvoke;org.codehaus.groovy.reflection.CachedMethod.invoke;java.lang.reflect.Method.invoke;jdk.internal.reflect.DirectMethodHandleAccessor.invoke;jdk.internal.reflect.DirectMethodHandleAccessor.invokeImpl;java.lang.invoke.Invokers$Holder.invokeExact_MT;java.lang.invoke.LambdaForm$MH/0x000001f9e618e400.invoke;java.lang.invoke.LambdaForm$DMH/0x000001f9e602c000.invokeVirtual;io.restassured.internal.RequestSpecificationImpl.applyHttpClientConfig;org.codehaus.groovy.runtime.callsite.AbstractCallSite.call;org.codehaus.groovy.runtime.callsite.AbstractCallSite.call;org.codehaus.groovy.runtime.callsite.CallSiteArray.defaultCall;org.codehaus.groovy.runtime.callsite.CallSiteArray.createCallSite;org.codehaus.groovy.runtime.callsite.CallSiteArray.createPojoSite;groovy.lang.MetaClassImpl.createPojoCallSite;groovy.lang.MetaClassImpl.getMethodWithCachingInternal;groovy.lang.MetaClassImpl.chooseMethod;groovy.lang.MetaClassImpl.chooseMethodInternal;org.codehaus.groovy.reflection.GeneratedMetaMethod$Proxy.isValidMethod;org.codehaus.groovy.reflection.GeneratedMetaMethod$Proxy.proxy;org.codehaus.groovy.reflection.GeneratedMetaMethod$Proxy.createProxy;java.lang.reflect.Constructor.newInstance;java.lang.reflect.Constructor.newInstanceWithCaller;jdk.internal.reflect.DirectConstructorHandleAccessor.newInstance;jdk.internal.reflect.DirectConstructorHandleAccessor.invokeImpl;java.lang.invoke.Invokers$Holder.invokeExact_MT;java.lang.invoke.LambdaForm$MH/0x000001f9e6178400.invoke;java.lang.invoke.DirectMethodHandle$Holder.newInvokeSpecial;org.codehaus.groovy.runtime.dgm$590.<init>,0.0000
org.apache.maven.surefire.booter.ForkedBooter.main;org.apache.maven.surefire.booter.ForkedBooter.run;org.apache.maven.surefire.booter.ForkedBooter.execute;org.apache.maven.surefire.booter.ForkedBooter.runSuitesInProcess;org.apache.maven.surefire.junitplatform.JUnitPlatformProvider.invoke;org.apache.maven.surefire.junitplatform.JUnitPlatformProvider.invokeAllTests;org.apache.maven.surefire.junitplatform.JUnitPlatformProvider.execute;org.apache.maven.surefire.junitplatform.LazyLauncher.execute;org.junit.platform.launcher.core.DelegatingLauncher.execute;org.junit.platform.launcher.core.DefaultLauncher.execute;org.junit.platform.launcher.core.DefaultLauncher.execute;org.junit.platform.launcher.core.EngineExecutionOrchestrator.execute;org.junit.platform.launcher.core.EngineExecutionOrchestrator.withInterceptedStreams;org.junit.platform.launcher.core.EngineExecutionOrchestrator$$Lambda/0x000001f9e60a6e28.accept;org.junit.platform.launcher.core.EngineExecutionOrchestrator.lambda$execute$0;org.junit.platform.launcher.core.EngineExecutionOrchestrator.execute;org.junit.platform.launcher.core.EngineExecutionOrchestrator.execute;org.junit.platform.launcher.core.EngineExecutionOrchestrator.execute;org.junit.platform.engine.support.hierarchical.HierarchicalTestEngine.execute;org.junit.platform.engine.support.hierarchical.HierarchicalTestExecutor.execute;org.junit.platform.engine.support.hierarchical.SameThreadHierarchicalTestExecutorService.submit;org.junit.platform.engine.support.hierarchical.NodeTestTask.execute;org.junit.platform.engine.support.hierarchical.NodeTestTask.executeRecursively;org.junit.platform.engine.support.hierarchical.ThrowableCollector.execute;org.junit.platform.engine.support.hierarchical.NodeTestTask$$Lambda/0x000001f9e60b6e68.execute;org.junit.platform.engine.support.hierarchical.NodeTestTask.lambda$executeRecursively$9;org.junit.platform.engine.support.hierarchical.Node.around;org.junit.platform.engine.support.hierarchical.NodeTestTask$$Lambda/0x000001f9e60b7290.invoke;org.junit.platform.engine.support.hierarchical.NodeTestTask.lambda$executeRecursively$8;org.junit.platform.engine.support.hierarchical.ThrowableCollector.execute;org.junit.platform.engine.support.hierarchical.NodeTestTask$$Lambda/0x000001f9e60b74b8.execute;org.junit.platform.engine.support.hierarchical.NodeTestTask.lambda$executeRecursively$6;org.junit.platform.engine.support.hierarchical.SameThreadHierarchicalTestExecutorService.invokeAll;java.util.ArrayList.forEach;org.junit.platform.engine.support.hierarchical.SameThreadHierarchicalTestExecutorService$$Lambda/0x000001f9e60bc000.accept;org.junit.platform.engine.support.hierarchical.NodeTestTask.execute;org.junit.platform.engine.support.hierarchical.NodeTestTask.executeRecursively;org.junit.platform.engine.support.hierarchical.ThrowableCollector.execute;org.junit.platform.engine.support.hierarchical.NodeTestTask$$Lambda/0x000001f9e60b6e68.execute;org.junit.platform.engine.support.hierarchical.NodeTestTask.lambda$executeRecursively$9;org.junit.platform.engine.support.hierarchical.Node.around;org.junit.platform.engine.support.hierarchical.NodeTestTask$$Lambda/0x000001f9e60b7290.invoke;org.junit.platform.engine.support.hierarchical.NodeTestTask.lambda$executeRecursively$8;org.junit.platform.engine.support.hierarchical.ThrowableCollector.execute;org.junit.platform.engine.support.hierarchical.NodeTestTask$$Lambda/0x000001f9e60b74b8.execute;org.junit.platform.engine.support.hierarchical.NodeTestTask.lambda$executeRecursively$6;org.junit.platform.engine.support.hierarchical.SameThreadHierarchicalTestExecutorService.invokeAll;java.util.ArrayList.forEach;org.junit.platform.engine.support.hierarchical.SameThreadHierarchicalTestExecutorService$$Lambda/0x000001f9e60bc000.accept;org.junit.platform.engine.support.hierarchical.NodeTestTask.execute;org.junit.platform.engine.support.hierarchical.NodeTestTask.executeRecursively;org.junit.platform.engine.support.hierarchical.ThrowableCollector.execute;org.junit.platform.engine.support.hierarchical.NodeTestTask$$Lambda/0x000001f9e60b6e68.execute;org.junit.platform.engine.support.hierarchical.NodeTestTask.lambda$executeRecursively$9;org.junit.platform.engine.support.hierarchical.Node.around;org.junit.platform.engine.support.hierarchical.NodeTestTask$$Lambda/0x000001f9e60b7290.invoke;org.junit.platform.engine.support.hierarchical.NodeTestTask.lambda$executeRecursively$8;org.junit.platform.engine.support.hierarchical.ThrowableCollector.execute;org.junit.platform.engine.support.hierarchical.NodeTestTask$$Lambda/0x000001f9e60b74b8.execute;org.junit.platform.engine.support.hierarchical.NodeTestTask.lambda$executeRecursively$6;org.junit.jupiter.engine.descriptor.TestMethodTestDescriptor.execute;org.junit.jupiter.engine.descriptor.TestMethodTestDescriptor.execute;org.junit.jupiter.engine.descriptor.TestMethodTestDescriptor.invokeTestMethod;org.junit.platform.engine.support.hierarchical.ThrowableCollector.execute;org.junit.jupiter.engine.descriptor.TestMethodTestDescriptor$$Lambda/0x000001f9e6176848.execute;org.junit.jupiter.engine.descriptor.TestMethodTestDescriptor.lambda$invokeTestMethod$7;org.junit.jupiter.engine.execution.InterceptingExecutableInvoker.invoke;org.junit.jupiter.engine.execution.InterceptingExecutableInvoker.invoke;org.junit.jupiter.engine.execution.InvocationInterceptorChain.invoke;org.junit.jupiter.engine.execution.InvocationInterceptorChain.chainAndInvoke;org.junit.jupiter.engine.execution.InvocationInterceptorChain.proceed;org.junit.jupiter.engine.execution.InvocationInterceptorChain$InterceptedInvocation.proceed;org.junit.jupiter.engine.execution.InterceptingExecutableInvoker$$Lambda/0x000001f9e6104a00.apply;org.junit.jupiter.engine.execution.InterceptingExecutableInvoker.lambda$invoke$0;org.junit.jupiter.engine.execution.InterceptingExecutableInvoker$ReflectiveInterceptorCall$$Lambda/0x000001f9e60930f0.apply;org.junit.jupiter.engine.execution.InterceptingExecutableInvoker$ReflectiveInterceptorCall.lambda$ofVoidMethod$0;org.junit.jupiter.engine.descriptor.TestMethodTestDescriptor$$Lambda/0x000001f9e6092cd0.apply;org.junit.jupiter.engine.extension.TimeoutExtension.interceptTestMethod;org.junit.jupiter.engine.extension.TimeoutExtension.interceptTestableMethod;org.junit.jupiter.engine.extension.TimeoutExtension.intercept;org.junit.jupiter.engine.execution.InvocationInterceptorChain$ValidatingInvocation.proceed;org.junit.jupiter.engine.execution.MethodInvocation.proceed;org.junit.platform.commons.util.ReflectionUtils.invokeMethod;java.lang.reflect.Method.invoke;jdk.internal.reflect.DirectMethodHandleAccessor.invoke;jdk.internal.reflect.DirectMethodHandleAccessor.invokeImpl;java.lang.invoke.Invokers$Holder.invokeExact_MT;java.lang.invoke.LambdaForm$MH/0x000001f9e6171000.invoke;java.lang.invoke.LambdaForm$DMH/0x000001f9e6170800.invokeVirtual;com.collaboration.petclinic.api.tests.PetAPITests.testAddPetSuccessfully;io.restassured.internal.RequestSpecificationImpl.post;io.restassured.internal.RequestSpecificationImpl.post;org.codehaus.groovy.runtime.callsite.AbstractCallSite.callCurrent;org.codehaus.groovy.runtime.callsite.AbstractCallSite.callCurrent;org.codehaus.groovy.runtime.callsite.CallSiteArray.defaultCallCurrent;org.codehaus.groovy.runtime.callsite.PogoInterceptableSite.callCurrent;org.codehaus.groovy.runtime.callsite.PogoInterceptableSite.call;io.restassured.internal.RequestSpecificationImpl.invokeMethod;groovy.lang.MetaClassImpl.invokeMethod;groovy.lang.MetaClassImpl.invokeMethod;groovy.lang.MetaClassImpl.invokeMethod;groovy.lang.MetaClassImpl.doInvokeMethod;groovy.lang.MetaMethod.doMethodInvoke;org.codehaus.groovy.reflection.CachedMethod.invoke;java.lang.reflect.Method.invoke;jdk.internal.reflect.DirectMethodHandleAccessor.invoke;jdk.internal.reflect.DirectMethodHandleAccessor.invokeImpl;java.lang.invoke.Invokers$Holder.invokeExact_MT;java.lang.invoke.LambdaForm$MH/0x000001f9e61a3400.invoke;java.lang.invoke.LambdaForm$DMH/0x000001f9e61a2400.invokeVirtual;io.restassured.internal.RequestSpecificationImpl.this$2$applyPathParamsAndSendRequest;io.restassured.internal.RequestSpecificationImpl.applyPathParamsAndSendRequest;org.codehaus.groovy.runtime.callsite.AbstractCallSite.callCurrent;org.codehaus.groovy.runtime.callsite.AbstractCallSite.callCurrent;org.codehaus.groovy.runtime.callsite.CallSiteArray.defaultCallCurrent;org.codehaus.groovy.runtime.callsite.PogoInterceptableSite.callCurrent;org.codehaus.groovy.runtime.callsite.PogoInterceptableSite.call;io.restassured.internal.RequestSpecificationImpl.invokeMethod;groovy.lang.MetaClassImpl.invokeMethod;groovy.lang.MetaClassImpl.invokeMethod;groovy.lang.MetaClassImpl.invokeMethod;groovy.lang.MetaClassImpl.doInvokeMethod;groovy.lang.MetaMethod.doMethodInvoke;org.codehaus.groovy.reflection.CachedMethod.invoke;java.lang.reflect.Method.invoke;jdk.internal.reflect.DirectMethodHandleAccessor.invoke;jdk.internal.reflect.DirectMethodHandleAccessor.invokeImpl;java.lang.invoke.Invokers$Holder.invokeExact_MT;java.lang.invoke.LambdaForm$MH/0x000001f9e61a4400.invoke;java.lang.invoke.LambdaForm$DMH/0x000001f9e61a2400.invokeVirtual;io.restassured.internal.RequestSpecificationImpl.this$2$applyPathParamsAndSendRequest;io.restassured.internal.RequestSpecificationImpl.applyPathParamsAndSendRequest;org.codehaus.groovy.runtime.callsite.AbstractCallSite.call;org.codehaus.groovy.runtime.callsite.AbstractCallSite.call;org.codehaus.groovy.runtime.callsite.CallSiteArray.defaultCall;io.restassured.filter.FilterContext$next.call;io.restassured.internal.filter.FilterContextImpl.next;org.codehaus.groovy.runtime.callsite.AbstractCallSite.call;org.codehaus.groovy.runtime.callsite.AbstractCallSite.call;org.codehaus.groovy.runtime.callsite.CallSiteArray.defaultCall;io.restassured.filter.Filter$filter.call;io.restassured.internal.filter.CsrfFilter.filter;org.codehaus.groovy.runtime.callsite.AbstractCallSite.call;org.codehaus.groovy.runtime.callsite.AbstractCallSite.call;org.codehaus.groovy.runtime.callsite.CallSiteArray.defaultCall;io.restassured.filter.FilterContext$next.call;io.restassured.internal.filter.FilterContextImpl.next;io.restassured.filter.Filter$filter.call;org.codehaus.groovy.runtime.callsite.CallSiteArray.defaultCall;io.restassured.filter.Filter$filter$0.call;io.restassured.filter.time.TimingFilter.filter;io.restassured.internal.filter.FilterContextImpl.next;io.restassured.filter.Filter$filter$0.call;org.codehaus.groovy.runtime.callsite.CallSiteArray.defaultCall;io.restassured.filter.Filter$filter.call;io.restassured.internal.filter.SendRequestFilter.filter;org.codehaus.groovy.runtime.callsite.AbstractCallSite.call;org.codehaus.groovy.runtime.callsite.AbstractCallSite.call;org.codehaus.groovy.runtime.callsite.CallSiteArray.defaultCall;org.codehaus.groovy.runtime.callsite.PogoInterceptableSite.call;io.restassured.internal.RequestSpecificationImpl.invokeMethod;groovy.lang.MetaClassImpl.invokeMethod;groovy.lang.MetaClassImpl.invokeMethod;groovy.lang.MetaClassImpl.invokeMethod;groovy.lang.MetaClassImpl.doInvokeMethod;groovy.lang.MetaMethod.doMethodInvoke;org.codehaus.groovy.reflection.CachedMethod.invoke;java.lang.reflect.Method.invoke;jdk.internal.reflect.DirectMethodHandleAccessor.invoke;jdk.internal.reflect.DirectMethodHandleAccessor.invokeImpl;java.lang.invoke.Invokers$Holder.invokeExact_MT;java.lang.invoke.LambdaForm$MH/0x000001f9e6211000.invoke;java.lang.invoke.LambdaForm$DMH/0x000001f9e6210000.invokeVirtual;io.restassured.internal.RequestSpecificationImpl.this$2$sendRequest;io.restassured.internal.RequestSpecificationImpl.sendRequest;org.codehaus.groovy.runtime.callsite.AbstractCallSite.callCurrent;org.codehaus.groovy.runtime.callsite.AbstractCallSite.callCurrent;org.codehaus.groovy.runtime.callsite.CallSiteArray.defaultCallCurrent;org.codehaus.groovy.runtime.callsite.PogoInterceptableSite.callCurrent;org.codehaus.groovy.runtime.callsite.PogoInterceptableSite.call;io.restassured.internal.RequestSpecificationImpl.invokeMethod;groovy.lang.MetaClassImpl.invokeMethod;groovy.lang.MetaClassImpl.invokeMethod;groovy.lang.MetaClassImpl.invokeMethod;groovy.lang.MetaClassImpl.doInvokeMethod;groovy.lang.MetaMethod.doMethodInvoke;org.codehaus.groovy.reflection.CachedMethod.invoke;java.lang.reflect.Method.invoke;jdk.internal.reflect.DirectMethodHandleAccessor.invoke;jdk.internal.reflect.DirectMethodHandleAccessor.invokeImpl;java.lang.invoke.Invokers$Holder.invokeExact_MT;java.lang.invoke.LambdaForm$MH/0x000001f9e618e400.invoke;java.lang.invoke.LambdaForm$DMH/0x000001f9e602c000.invokeVirtual;io.restassured.internal.RequestSpecificationImpl.this$2$applyProxySettings;io.restassured.internal.RequestSpecificationImpl.applyProxySettings;org.codehaus.groovy.runtime.callsite.AbstractCallSite.callGetProperty;org.codehaus.groovy.runtime.callsite.GetEffectivePojoPropertySite.getProperty;org.codehaus.groovy.runtime.metaclass.MethodMetaProperty$GetBeanMethodMetaProperty.getProperty;groovy.lang.MetaMethod.doMethodInvoke;org.codehaus.groovy.reflection.CachedMethod.invoke;java.lang.reflect.Method.invoke;jdk.internal.reflect.DirectMethodHandleAccessor.invoke;jdk.internal.reflect.DirectMethodHandleAccessor.invokeImpl;java.lang.invoke.Invokers$Holder.invokeExact_MT;java.lang.invoke.LambdaForm$MH/0x000001f9e6020000.invoke;java.lang.invoke.LambdaForm$DMH/0x000001f9e6034000.invokeInterface;org.apache.http.impl.client.AbstractHttpClient.getConnectionManager;org.apache.http.impl.client.AbstractHttpClient.createClientConnectionManager;org.apache.http.impl.conn.SchemeRegistryFactory.createDefault;org.apache.http.conn.ssl.SSLSocketFactory.getSocketFactory;org.apache.http.conn.ssl.SSLContexts.createDefault;javax.net.ssl.SSLContext.init;sun.security.ssl.SSLContextImpl.engineInit;javax.net.ssl.TrustManagerFactory.init;sun.security.ssl.TrustManagerFactoryImpl.engineInit;sun.security.ssl.TrustStoreManager.getTrustedCerts;sun.security.ssl.TrustStoreManager$TrustAnchorManager.getTrustedCerts;sun.security.ssl.TrustStoreManager$TrustAnchorManager.loadKeyStore;java.security.KeyStore.load;sun.security.util.KeyStoreDelegator.engineLoad;sun.security.pkcs12.PKCS12KeyStore.engineLoad;sun.security.pkcs12.PKCS12KeyStore.loadSafeContents;java.security.cert.CertificateFactory.generateCertificate;sun.security.provider.X509Factory.engineGenerateCertificate;sun.security.provider.X509Factory.cachedGetX509Cert;sun.security.x509.X509CertImpl.<init>;sun.security.x509.X509CertImpl.parse;sun.security.x509.X509CertInfo.<init>;sun.security.x509.X509CertInfo.parse;sun.security.x509.CertificateExtensions.<init>;sun.security.x509.CertificateExtensions.init;sun.security.x509.CertificateExtensions.parseExtension;java.lang.reflect.Constructor.newInstance;jdk.internal.reflect.Reflection.getCallerClass,0.0000
org.apache.maven.surefire.booter.ForkedBooter.main;org.apache.maven.surefire.booter.ForkedBooter.run;org.apache.maven.surefire.booter.ForkedBooter.execute;org.apache.maven.surefire.booter.ForkedBooter.runSuitesInProcess;org.apache.maven.surefire.junitplatform.JUnitPlatformProvider.invoke;org.apache.maven.surefire.junitplatform.JUnitPlatformProvider.invokeAllTests;org.apache.maven.surefire.junitplatform.JUnitPlatformProvider.execute;org.apache.maven.surefire.junitplatform.LazyLauncher.execute;org.junit.platform.launcher.core.DelegatingLauncher.execute;org.junit.platform.launcher.core.DefaultLauncher.execute;org.junit.platform.launcher.core.DefaultLauncher.execute;org.junit.platform.launcher.core.EngineExecutionOrchestrator.execute;org.junit.platform.launcher.core.EngineExecutionOrchestrator.withInterceptedStreams;org.junit.platform.launcher.core.EngineExecutionOrchestrator$$Lambda/0x000001f9e60a6e28.accept;org.junit.platform.launcher.core.EngineExecutionOrchestrator.lambda$execute$0;org.junit.platform.launcher.core.EngineExecutionOrchestrator.execute;org.junit.platform.launcher.core.EngineExecutionOrchestrator.execute;org.junit.platform.launcher.core.EngineExecutionOrchestrator.execute;org.junit.platform.engine.support.hierarchical.HierarchicalTestEngine.execute;org.junit.platform.engine.support.hierarchical.HierarchicalTestExecutor.execute;org.junit.platform.engine.support.hierarchical.SameThreadHierarchicalTestExecutorService.submit;org.junit.platform.engine.support.hierarchical.NodeTestTask.execute;org.junit.platform.engine.support.hierarchical.NodeTestTask.executeRecursively;org.junit.platform.engine.support.hierarchical.ThrowableCollector.execute;org.junit.platform.engine.support.hierarchical.NodeTestTask$$Lambda/0x000001f9e60b6e68.execute;org.junit.platform.engine.support.hierarchical.NodeTestTask.lambda$executeRecursively$9;org.junit.platform.engine.support.hierarchical.Node.around;org.junit.platform.engine.support.hierarchical.NodeTestTask$$Lambda/0x000001f9e60b7290.invoke;org.junit.platform.engine.support.hierarchical.NodeTestTask.lambda$executeRecursively$8;org.junit.platform.engine.support.hierarchical.ThrowableCollector.execute;org.junit.platform.engine.support.hierarchical.NodeTestTask$$Lambda/0x000001f9e60b74b8.execute;org.junit.platform.engine.support.hierarchical.NodeTestTask.lambda$executeRecursively$6;org.junit.platform.engine.support.hierarchical.SameThreadHierarchicalTestExecutorService.invokeAll;java.util.ArrayList.forEach;org.junit.platform.engine.support.hierarchical.SameThreadHierarchicalTestExecutorService$$Lambda/0x000001f9e60bc000.accept;org.junit.platform.engine.support.hierarchical.NodeTestTask.execute;org.junit.platform.engine.support.hierarchical.NodeTestTask.executeRecursively;org.junit.platform.engine.support.hierarchical.ThrowableCollector.execute;org.junit.platform.engine.support.hierarchical.NodeTestTask$$Lambda/0x000001f9e60b6e68.execute;org.junit.platform.engine.support.hierarchical.NodeTestTask.lambda$executeRecursively$9;org.junit.platform.engine.support.hierarchical.Node.around;org.junit.platform.engine.support.hierarchical.NodeTestTask$$Lambda/0x000001f9e60b7290.invoke;org.junit.platform.engine.support.hierarchical.NodeTestTask.lambda$executeRecursively$8;org.junit.platform.engine.support.hierarchical.ThrowableCollector.execute;org.junit.platform.engine.support.hierarchical.NodeTestTask$$Lambda/0x000001f9e60b74b8.execute;org.junit.platform.engine.support.hierarchical.NodeTestTask.lambda$executeRecursively$6;org.junit.platform.engine.support.hierarchical.SameThreadHierarchicalTestExecutorService.invokeAll;java.util.ArrayList.forEach;org.junit.platform.engine.support.hierarchical.SameThreadHierarchicalTestExecutorService$$Lambda/0x000001f9e60bc000.accept;org.junit.platform.engine.support.hierarchical.NodeTestTask.execute;org.junit.platform.engine.support.hierarchical.NodeTestTask.executeRecursively;org.junit.platform.engine.support.hierarchical.ThrowableCollector.execute;org.junit.platform.engine.support.hierarchical.NodeTestTask$$Lambda/0x000001f9e60b6e68.execute;org.junit.platform.engine.support.hierarchical.NodeTestTask.lambda$executeRecursively$9;org.junit.platform.engine.support.hierarchical.Node.around;org.junit.platform.engine.support.hierarchical.NodeTestTask$$Lambda/0x000001f9e60b7290.invoke;org.junit.platform.engine.support.hierarchical.NodeTestTask.lambda$executeRecursively$8;org.junit.platform.engine.support.hierarchical.ThrowableCollector.execute;org.junit.platform.engine.support.hierarchical.NodeTestTask$$Lambda/0x000001f9e60b74b8.execute;org.junit.platform.engine.support.hierarchical.NodeTestTask.lambda$executeRecursively$6;org.junit.jupiter.engine.descriptor.TestMethodTestDescriptor.execute;org.junit.jupiter.engine.descriptor.TestMethodTestDescriptor.execute;org.junit.jupiter.engine.descriptor.TestMethodTestDescriptor.invokeTestMethod;org.junit.platform.engine.support.hierarchical.ThrowableCollector.execute;org.junit.jupiter.engine.descriptor.TestMethodTestDescriptor$$Lambda/0x000001f9e6176848.execute;org.junit.jupiter.engine.descriptor.TestMethodTestDescriptor.lambda$invokeTestMethod$7;org.junit.jupiter.engine.execution.InterceptingExecutableInvoker.invoke;org.junit.jupiter.engine.execution.InterceptingExecutableInvoker.invoke;org.junit.jupiter.engine.execution.InvocationInterceptorChain.invoke;org.junit.jupiter.engine.execution.InvocationInterceptorChain.chainAndInvoke;org.junit.jupiter.engine.execution.InvocationInterceptorChain.proceed;org.junit.jupiter.engine.execution.InvocationInterceptorChain$InterceptedInvocation.proceed;org.junit.jupiter.engine.execution.InterceptingExecutableInvoker$$Lambda/0x000001f9e6104a00.apply;org.junit.jupiter.engine.execution.InterceptingExecutableInvoker.lambda$invoke$0;org.junit.jupiter.engine.execution.InterceptingExecutableInvoker$ReflectiveInterceptorCall$$Lambda/0x000001f9e60930f0.apply;org.junit.jupiter.engine.execution.InterceptingExecutableInvoker$ReflectiveInterceptorCall.lambda$ofVoidMethod$0;org.junit.jupiter.engine.descriptor.TestMethodTestDescriptor$$Lambda/0x000001f9e6092cd0.apply;org.junit.jupiter.engine.extension.TimeoutExtension.interceptTestMethod;org.junit.jupiter.engine.extension.TimeoutExtension.interceptTestableMethod;org.junit.jupiter.engine.extension.TimeoutExtension.intercept;org.junit.jupiter.engine.execution.InvocationInterceptorChain$ValidatingInvocation.proceed;org.junit.jupiter.engine.execution.MethodInvocation.proceed;org.junit.platform.commons.util.ReflectionUtils.invokeMethod;java.lang.reflect.Method.invoke;jdk.internal.reflect.DirectMethodHandleAccessor.invoke;jdk.internal.reflect.DirectMethodHandleAccessor.invokeImpl;java.lang.invoke.Invokers$Holder.invokeExact_MT;java.lang.invoke.LambdaForm$MH/0x000001f9e6171000.invoke;java.lang.invoke.LambdaForm$DMH/0x000001f9e6170800.invokeVirtual;com.collaboration.petclinic.api.tests.PetAPITests.testAddPetSuccessfully;io.restassured.RestAssured.given;io.restassured.RestAssured.createTestSpecification;io.restassured.internal.RequestSpecificationImpl.<clinit>;org.codehaus.groovy.runtime.callsite.AbstractCallSite.call;org.codehaus.groovy.runtime.callsite.AbstractCallSite.call;org.codehaus.groovy.runtime.callsite.CallSiteArray.defaultCall;org.codehaus.groovy.runtime.callsite.CallSiteArray.createCallSite;org.codehaus.groovy.runtime.callsite.CallSiteArray.createPojoSite;org.codehaus.groovy.runtime.InvokerHelper.getMetaClass;org.codehaus.groovy.runtime.metaclass.MetaClassRegistryImpl.getMetaClass;org.codehaus.groovy.reflection.ClassInfo.getMetaClass;org.codehaus.groovy.reflection.ClassInfo.getMetaClass;org.codehaus.groovy.reflection.ClassInfo.getMetaClassUnderLock;groovy.lang.MetaClassImpl.initialize;groovy.lang.MetaClassImpl.reinitialize;groovy.lang.MetaClassImpl.fillMethodIndex;groovy.lang.MetaClassImpl.populateMethods;org.codehaus.groovy.reflection.CachedClass.getMethods;org.codehaus.groovy.util.LazyReference.get;org.codehaus.groovy.util.LazyReference.getLocked;org.codehaus.groovy.reflection.CachedClass$3.initValue;org.codehaus.groovy.reflection.CachedClass$3.initValue;org.codehaus.groovy.reflection.CachedClass.access$000;org.codehaus.groovy.reflection.CachedClass.doPrivileged;java.security.AccessController.doPrivileged;java.security.AccessController.executePrivileged;org.codehaus.groovy.reflection.CachedClass$3$$Lambda/0x000001f9e611e5d8.run;org.codehaus.groovy.reflection.CachedClass$3.lambda$initValue$4;java.lang.Class.getDeclaredMethods;java.lang.Class.privateGetDeclaredMethods;java.lang.Class.getDeclaredMethods0,0.0000
org.apache.maven.surefire.booter.ForkedBooter.main;org.apache.maven.surefire.booter.ForkedBooter.run;org.apache.maven.surefire.booter.ForkedBooter.execute;org.apache.maven.surefire.booter.ForkedBooter.runSuitesInProcess;org.apache.maven.surefire.junitplatform.JUnitPlatformProvider.invoke;org.apache.maven.surefire.junitplatform.JUnitPlatformProvider.invokeAllTests;org.apache.maven.surefire.junitplatform.JUnitPlatformProvider.execute;org.apache.maven.surefire.junitplatform.LazyLauncher.execute;org.junit.platform.launcher.core.DelegatingLauncher.execute;org.junit.platform.launcher.core.DefaultLauncher.execute;org.junit.platform.launcher.core.DefaultLauncher.execute;org.junit.platform.launcher.core.EngineExecutionOrchestrator.execute;org.junit.platform.launcher.core.EngineExecutionOrchestrator.withInterceptedStreams;org.junit.platform.launcher.core.EngineExecutionOrchestrator$$Lambda/0x000001f9e60a6e28.accept;org.junit.platform.launcher.core.EngineExecutionOrchestrator.lambda$execute$0;org.junit.platform.launcher.core.EngineExecutionOrchestrator.execute;org.junit.platform.launcher.core.EngineExecutionOrchestrator.execute;org.junit.platform.launcher.core.EngineExecutionOrchestrator.execute;org.junit.platform.engine.support.hierarchical.HierarchicalTestEngine.execute;org.junit.platform.engine.support.hierarchical.HierarchicalTestExecutor.execute;org.junit.platform.engine.support.hierarchical.SameThreadHierarchicalTestExecutorService.submit;org.junit.platform.engine.support.hierarchical.NodeTestTask.execute;org.junit.platform.engine.support.hierarchical.NodeTestTask.executeRecursively;org.junit.platform.engine.support.hierarchical.ThrowableCollector.execute;org.junit.platform.engine.support.hierarchical.NodeTestTask$$Lambda/0x000001f9e60b6e68.execute;org.junit.platform.engine.support.hierarchical.NodeTestTask.lambda$executeRecursively$9;org.junit.platform.engine.support.hierarchical.Node.around;org.junit.platform.engine.support.hierarchical.NodeTestTask$$Lambda/0x000001f9e60b7290.invoke;org.junit.platform.engine.support.hierarchical.NodeTestTask.lambda$executeRecursively$8;org.junit.platform.engine.support.hierarchical.ThrowableCollector.execute;org.junit.platform.engine.support.hierarchical.NodeTestTask$$Lambda/0x000001f9e60b74b8.execute;org.junit.platform.engine.support.hierarchical.NodeTestTask.lambda$executeRecursively$6;org.junit.platform.engine.support.hierarchical.SameThreadHierarchicalTestExecutorService.invokeAll;java.util.ArrayList.forEach;org.junit.platform.engine.support.hierarchical.SameThreadHierarchicalTestExecutorService$$Lambda/0x000001f9e60bc000.accept;org.junit.platform.engine.support.hierarchical.NodeTestTask.execute;org.junit.platform.engine.support.hierarchical.NodeTestTask.executeRecursively;org.junit.platform.engine.support.hierarchical.ThrowableCollector.execute;org.junit.platform.engine.support.hierarchical.NodeTestTask$$Lambda/0x000001f9e60b6e68.execute;org.junit.platform.engine.support.hierarchical.NodeTestTask.lambda$executeRecursively$9;org.junit.platform.engine.support.hierarchical.Node.around;org.junit.platform.engine.support.hierarchical.NodeTestTask$$Lambda/0x000001f9e60b7290.invoke;org.junit.platform.engine.support.hierarchical.NodeTestTask.lambda$executeRecursively$8;org.junit.platform.engine.support.hierarchical.ThrowableCollector.execute;org.junit.platform.engine.support.hierarchical.NodeTestTask$$Lambda/0x000001f9e60b74b8.execute;org.junit.platform.engine.support.hierarchical.NodeTestTask.lambda$executeRecursively$6;org.junit.jupiter.engine.descriptor.ClassBasedTestDescriptor.before;org.junit.jupiter.engine.descriptor.ClassBasedTestDescriptor.before;org.junit.jupiter.engine.descriptor.ClassBasedTestDescriptor.invokeBeforeAllMethods;org.junit.platform.engine.support.hierarchical.ThrowableCollector.execute;org.junit.jupiter.engine.descriptor.ClassBasedTestDescriptor$$Lambda/0x000001f9e6105478.execute;org.junit.jupiter.engine.descriptor.ClassBasedTestDescriptor.lambda$invokeBeforeAllMethods$13;org.junit.jupiter.engine.execution.InterceptingExecutableInvoker.invoke;org.junit.jupiter.engine.execution.InterceptingExecutableInvoker.invoke;org.junit.jupiter.engine.execution.InvocationInterceptorChain.invoke;org.junit.jupiter.engine.execution.InvocationInterceptorChain.chainAndInvoke;org.junit.jupiter.engine.execution.InvocationInterceptorChain.proceed;org.junit.jupiter.engine.execution.InvocationInterceptorChain$InterceptedInvocation.proceed;org.junit.jupiter.engine.execution.InterceptingExecutableInvoker$$Lambda/0x000001f9e6104a00.apply;org.junit.jupiter.engine.execution.InterceptingExecutableInvoker.lambda$invoke$0;org.junit.jupiter.engine.execution.InterceptingExecutableInvoker$ReflectiveInterceptorCall$$Lambda/0x000001f9e60930f0.apply;org.junit.jupiter.engine.execution.InterceptingExecutableInvoker$ReflectiveInterceptorCall.lambda$ofVoidMethod$0;org.junit.jupiter.engine.descriptor.ClassBasedTestDescriptor$$Lambda/0x000001f9e61056a0.apply;org.junit.jupiter.engine.extension.TimeoutExtension.interceptBeforeAllMethod;org.junit.jupiter.engine.extension.TimeoutExtension.interceptLifecycleMethod;org.junit.jupiter.engine.extension.TimeoutExtension.intercept;org.junit.jupiter.engine.execution.InvocationInterceptorChain$ValidatingInvocation.proceed;org.junit.jupiter.engine.execution.MethodInvocation.proceed;org.junit.platform.commons.util.ReflectionUtils.invokeMethod;java.lang.reflect.Method.invoke;jdk.internal.reflect.DirectMethodHandleAccessor.invoke;jdk.internal.reflect.DirectMethodHandleAccessor.invokeImpl;java.lang.invoke.Invokers$Holder.invokeExact_MT;java.lang.invoke.LambdaForm$MH/0x000001f9e610c400.invoke;java.lang.invoke.DirectMethodHandle$Holder.invokeStatic;com.collaboration.petclinic.api.tests.PetAPITests.setup;io.restassured.RestAssured.<clinit>;io.restassured.authentication.NoAuthScheme.<init>;io.restassured.authentication.NoAuthScheme.$getStaticMetaClass;org.codehaus.groovy.reflection.ClassInfo.getMetaClass;org.codehaus.groovy.reflection.ClassInfo.getMetaClassForClass;org.codehaus.groovy.reflection.ClassInfo.isValidWeakMetaClass;groovy.lang.GroovySystem.<clinit>;org.codehaus.groovy.runtime.metaclass.MetaClassRegistryImpl.<init>;org.codehaus.groovy.runtime.metaclass.MetaClassRegistryImpl.<init>;org.codehaus.groovy.runtime.metaclass.MetaClassRegistryImpl.registerMethods;org.codehaus.groovy.reflection.ReflectionCache.getCachedClass;org.codehaus.groovy.reflection.ClassInfo.getCachedClass;org.codehaus.groovy.util.LazyReference.get;org.codehaus.groovy.util.LazyReference.getLocked;org.codehaus.groovy.reflection.ClassInfo$LazyCachedClassRef.initValue;org.codehaus.groovy.reflection.ClassInfo$LazyCachedClassRef.initValue;org.codehaus.groovy.reflection.ClassInfo.access$300;org.codehaus.groovy.reflection.ClassInfo.createCachedClass;org.codehaus.groovy.reflection.stdclasses.CachedClosureClass.<init>;org.codehaus.groovy.reflection.CachedClass.<init>;org.codehaus.groovy.reflection.CachedClass.getInterfaces;org.codehaus.groovy.util.LazyReference.get;org.codehaus.groovy.util.LazyReference.getLocked;org.codehaus.groovy.reflection.CachedClass$8.initValue;org.codehaus.groovy.reflection.CachedClass$8.initValue;org.codehaus.groovy.reflection.CachedClass.getCachedSuperClass;org.codehaus.groovy.util.LazyReference.get;org.codehaus.groovy.util.LazyReference.getLocked;org.codehaus.groovy.reflection.CachedClass$4.initValue;org.codehaus.groovy.reflection.CachedClass$4.initValue;org.codehaus.groovy.reflection.ReflectionCache.getCachedClass;org.codehaus.groovy.reflection.ClassInfo.getCachedClass;org.codehaus.groovy.util.LazyReference.get;org.codehaus.groovy.util.LazyReference.getLocked;org.codehaus.groovy.reflection.ClassInfo$LazyCachedClassRef.initValue;org.codehaus.groovy.reflection.ClassInfo$LazyCachedClassRef.initValue;org.codehaus.groovy.reflection.ClassInfo.access$300;org.codehaus.groovy.reflection.ClassInfo.createCachedClass;org.codehaus.groovy.reflection.ClassInfo.isSAM;org.codehaus.groovy.reflection.stdclasses.CachedSAMClass.getSAMMethod;org.codehaus.groovy.reflection.stdclasses.CachedSAMClass.getAbstractMethods;org.codehaus.groovy.reflection.stdclasses.CachedSAMClass.getAbstractMethods;org.codehaus.groovy.reflection.stdclasses.CachedSAMClass.getDeclaredMethods;java.lang.invoke.MethodHandleNatives.linkMethodHandleConstant;java.lang.invoke.MethodHandles$Lookup.linkMethodHandleConstant;java.lang.invoke.MethodHandles$Lookup.getDirectMethodForConstant;java.lang.invoke.MethodHandles$Lookup.getDirectMethodNoSecurityManager;java.lang.invoke.MethodHandles$Lookup.getDirectMethodCommon;java.lang.invoke.MethodHandles$Lookup.maybeBindCaller;java.lang.invoke.MethodHandleImpl.bindCaller;java.lang.invoke.MethodHandleImpl$BindCaller.bindCaller;java.lang.invoke.MethodHandleImpl$BindCaller.bindCallerWithInjectedInvoker;java.lang.invoke.MethodHandleImpl$BindCaller.prepareForInvoker;java.lang.invoke.MethodHandle.asSpreader;java.lang.invoke.MethodHandle.asSpreader;java.lang.invoke.BoundMethodHandle$Species_LL.copyWith;java.lang.invoke.DirectMethodHandle$Holder.invokeStatic;java.lang.invoke.BoundMethodHandle$Species_LL.make;java.lang.invoke.BoundMethodHandle$Species_LL.<init>;java.lang.invoke.BoundMethodHandle.<init>;java.lang.invoke.MethodHandle.<init>;java.lang.invoke.LambdaForm.prepare;java.lang.invoke.LambdaForm.compileToBytecode;java.lang.invoke.InvokerBytecodeGenerator.generateCustomizedCode;java.lang.invoke.InvokerBytecodeGenerator.loadMethod;java.lang.invoke.MethodHandles$Lookup$ClassDefiner.defineClass;java.lang.System$2.defineClass;java.lang.ClassLoader.defineClass0,0.0000
org.apache.maven.surefire.booter.ForkedBooter.main;org.apache.maven.surefire.booter.ForkedBooter.run;org.apache.maven.surefire.booter.ForkedBooter.execute;org.apache.maven.surefire.booter.ForkedBooter.runSuitesInProcess;org.apache.maven.surefire.junitplatform.JUnitPlatformProvider.invoke;org.apache.maven.surefire.junitplatform.JUnitPlatformProvider.invokeAllTests;org.apache.maven.surefire.junitplatform.JUnitPlatformProvider.execute;org.apache.maven.surefire.junitplatform.LazyLauncher.execute;org.junit.platform.launcher.core.DelegatingLauncher.execute;org.junit.platform.launcher.core.DefaultLauncher.execute;org.junit.platform.launcher.core.DefaultLauncher.execute;org.junit.platform.launcher.core.EngineExecutionOrchestrator.execute;org.junit.platform.launcher.core.EngineExecutionOrchestrator.withInterceptedStreams;org.junit.platform.launcher.core.EngineExecutionOrchestrator$$Lambda/0x000001f9e60a6e28.accept;org.junit.platform.launcher.core.EngineExecutionOrchestrator.lambda$execute$0;org.junit.platform.launcher.core.EngineExecutionOrchestrator.execute;org.junit.platform.launcher.core.EngineExecutionOrchestrator.execute;org.junit.platform.launcher.core.EngineExecutionOrchestrator.execute;org.junit.platform.engine.support.hierarchical.HierarchicalTestEngine.execute;org.junit.platform.engine.support.hierarchical.HierarchicalTestExecutor.execute;org.junit.platform.engine.support.hierarchical.SameThreadHierarchicalTestExecutorService.submit;org.junit.platform.engine.support.hierarchical.NodeTestTask.execute;org.junit.platform.engine.support.hierarchical.NodeTestTask.executeRecursively;org.junit.platform.engine.support.hierarchical.ThrowableCollector.execute;org.junit.platform.engine.support.hierarchical.NodeTestTask$$Lambda/0x000001f9e60b6e68.execute;org.junit.platform.engine.support.hierarchical.NodeTestTask.lambda$executeRecursively$9;org.junit.platform.engine.support.hierarchical.Node.around;org.junit.platform.engine.support.hierarchical.NodeTestTask$$Lambda/0x000001f9e60b7290.invoke;org.junit.platform.engine.support.hierarchical.NodeTestTask.lambda$executeRecursively$8;org.junit.platform.engine.support.hierarchical.ThrowableCollector.execute;org.junit.platform.engine.support.hierarchical.NodeTestTask$$Lambda/0x000001f9e60b74b8.execute;org.junit.platform.engine.support.hierarchical.NodeTestTask.lambda$executeRecursively$6;org.junit.platform.engine.support.hierarchical.SameThreadHierarchicalTestExecutorService.invokeAll;java.util.ArrayList.forEach;org.junit.platform.engine.support.hierarchical.SameThreadHierarchicalTestExecutorService$$Lambda/0x000001f9e60bc000.accept;org.junit.platform.engine.support.hierarchical.NodeTestTask.execute;org.junit.platform.engine.support.hierarchical.NodeTestTask.executeRecursively;org.junit.platform.engine.support.hierarchical.ThrowableCollector.execute;org.junit.platform.engine.support.hierarchical.NodeTestTask$$Lambda/0x000001f9e60b6e68.execute;org.junit.platform.engine.support.hierarchical.NodeTestTask.lambda$executeRecursively$9;org.junit.platform.engine.support.hierarchical.Node.around;org.junit.platform.engine.support.hierarchical.NodeTestTask$$Lambda/0x000001f9e60b7290.invoke;org.junit.platform.engine.support.hierarchical.NodeTestTask.lambda$executeRecursively$8;org.junit.platform.engine.support.hierarchical.ThrowableCollector.execute;org.junit.platform.engine.support.hierarchical.NodeTestTask$$Lambda/0x000001f9e60b74b8.execute;org.junit.platform.engine.support.hierarchical.NodeTestTask.lambda$executeRecursively$6;org.junit.platform.engine.support.hierarchical.SameThreadHierarchicalTestExecutorService.invokeAll;java.util.ArrayList.forEach;org.junit.platform.engine.support.hierarchical.SameThreadHierarchicalTestExecutorService$$Lambda/0x000001f9e60bc000.accept;org.junit.platform.engine.support.hierarchical.NodeTestTask.execute;org.junit.platform.engine.support.hierarchical.NodeTestTask.executeRecursively;org.junit.platform.engine.support.hierarchical.ThrowableCollector.execute;org.junit.platform.engine.support.hierarchical.NodeTestTask$$Lambda/0x000001f9e60b6e68.execute;org.junit.platform.engine.support.hierarchical.NodeTestTask.lambda$executeRecursively$9;org.junit.platform.engine.support.hierarchical.Node.around;org.junit.platform.engine.support.hierarchical.NodeTestTask$$Lambda/0x000001f9e60b7290.invoke;org.junit.platform.engine.support.hierarchical.NodeTestTask.lambda$executeRecursively$8;org.junit.platform.engine.support.hierarchical.ThrowableCollector.execute;org.junit.platform.engine.support.hierarchical.NodeTestTask$$Lambda/0x000001f9e60b74b8.execute;org.junit.platform.engine.support.hierarchical.NodeTestTask.lambda$executeRecursively$6;org.junit.jupiter.engine.descriptor.TestMethodTestDescriptor.execute;org.junit.jupiter.engine.descriptor.TestMethodTestDescriptor.execute;org.junit.jupiter.engine.descriptor.TestMethodTestDescriptor.invokeTestMethod;org.junit.platform.engine.support.hierarchical.ThrowableCollector.execute;org.junit.jupiter.engine.descriptor.TestMethodTestDescriptor$$Lambda/0x000001f9e6176848.execute;org.junit.jupiter.engine.descriptor.TestMethodTestDescriptor.lambda$invokeTestMethod$7;org.junit.jupiter.engine.execution.InterceptingExecutableInvoker.invoke;org.junit.jupiter.engine.execution.InterceptingExecutableInvoker.invoke;org.junit.jupiter.engine.execution.InvocationInterceptorChain.invoke;org.junit.jupiter.engine.execution.InvocationInterceptorChain.chainAndInvoke;org.junit.jupiter.engine.execution.InvocationInterceptorChain.proceed;org.junit.jupiter.engine.execution.InvocationInterceptorChain$InterceptedInvocation.proceed;org.junit.jupiter.engine.execution.InterceptingExecutableInvoker$$Lambda/0x000001f9e6104a00.apply;org.junit.jupiter.engine.execution.InterceptingExecutableInvoker.lambda$invoke$0;org.junit.jupiter.engine.execution.InterceptingExecutableInvoker$ReflectiveInterceptorCall$$Lambda/0x000001f9e60930f0.apply;org.junit.jupiter.engine.execution.InterceptingExecutableInvoker$ReflectiveInterceptorCall.lambda$ofVoidMethod$0;org.junit.jupiter.engine.descriptor.TestMethodTestDescriptor$$Lambda/0x000001f9e6092cd0.apply;org.junit.jupiter.engine.extension.TimeoutExtension.interceptTestMethod;org.junit.jupiter.engine.extension.TimeoutExtension.interceptTestableMethod;org.junit.jupiter.engine.extension.TimeoutExtension.intercept;org.junit.jupiter.engine.execution.InvocationInterceptorChain$ValidatingInvocation.proceed;org.junit.jupiter.engine.execution.MethodInvocation.proceed;org.junit.platform.commons.util.ReflectionUtils.invokeMethod;java.lang.reflect.Method.invoke;jdk.internal.reflect.DirectMethodHandleAccessor.invoke;jdk.internal.reflect.DirectMethodHandleAccessor.invokeImpl;java.lang.invoke.Invokers$Holder.invokeExact_MT;java.lang.invoke.LambdaForm$MH/0x000001f9e6171000.invoke;java.lang.invoke.LambdaForm$DMH/0x000001f9e6170800.invokeVirtual;com.collaboration.petclinic.api.tests.PetAPITests.testAddPetSuccessfully;io.restassured.internal.RequestSpecificationImpl.post;io.restassured.internal.RequestSpecificationImpl.post;org.codehaus.groovy.runtime.callsite.AbstractCallSite.callCurrent;org.codehaus.groovy.runtime.callsite.AbstractCallSite.callCurrent;org.codehaus.groovy.runtime.callsite.CallSiteArray.defaultCallCurrent;org.codehaus.groovy.runtime.callsite.PogoInterceptableSite.callCurrent;org.codehaus.groovy.runtime.callsite.PogoInterceptableSite.call;io.restassured.internal.RequestSpecificationImpl.invokeMethod;groovy.lang.MetaClassImpl.invokeMethod;groovy.lang.MetaClassImpl.invokeMethod;groovy.lang.MetaClassImpl.invokeMethod;groovy.lang.MetaClassImpl.doInvokeMethod;groovy.lang.MetaMethod.doMethodInvoke;org.codehaus.groovy.reflection.CachedMethod.invoke;java.lang.reflect.Method.invoke;jdk.internal.reflect.DirectMethodHandleAccessor.invoke;jdk.internal.reflect.DirectMethodHandleAccessor.invokeImpl;java.lang.invoke.Invokers$Holder.invokeExact_MT;java.lang.invoke.LambdaForm$MH/0x000001f9e61a3400.invoke;java.lang.invoke.LambdaForm$DMH/0x000001f9e61a2400.invokeVirtual;io.restassured.internal.RequestSpecificationImpl.this$2$applyPathParamsAndSendRequest;io.restassured.internal.RequestSpecificationImpl.applyPathParamsAndSendRequest;org.codehaus.groovy.runtime.callsite.AbstractCallSite.callCurrent;org.codehaus.groovy.runtime.callsite.AbstractCallSite.callCurrent;org.codehaus.groovy.runtime.callsite.CallSiteArray.defaultCallCurrent;org.codehaus.groovy.runtime.callsite.PogoInterceptableSite.callCurrent;org.codehaus.groovy.runtime.callsite.PogoInterceptableSite.call;io.restassured.internal.RequestSpecificationImpl.invokeMethod;groovy.lang.MetaClassImpl.invokeMethod;groovy.lang.MetaClassImpl.invokeMethod;groovy.lang.MetaClassImpl.invokeMethod;groovy.lang.MetaClassImpl.doInvokeMethod;groovy.lang.MetaMethod.doMethodInvoke;org.codehaus.groovy.reflection.CachedMethod.invoke;java.lang.reflect.Method.invoke;jdk.internal.reflect.DirectMethodHandleAccessor.invoke;jdk.internal.reflect.DirectMethodHandleAccessor.invokeImpl;java.lang.invoke.Invokers$Holder.invokeExact_MT;java.lang.invoke.LambdaForm$MH/0x000001f9e61a4400.invoke;java.lang.invoke.LambdaForm$DMH/0x000001f9e61a2400.invokeVirtual;io.restassured.internal.RequestSpecificationImpl.this$2$applyPathParamsAndSendRequest;io.restassured.internal.RequestSpecificationImpl.applyPathParamsAndSendRequest;org.codehaus.groovy.runtime.callsite.AbstractCallSite.call;org.codehaus.groovy.runtime.callsite.AbstractCallSite.call;org.codehaus.groovy.runtime.callsite.CallSiteArray.defaultCall;io.restassured.filter.FilterContext$next.call;io.restassured.internal.filter.FilterContextImpl.next;org.codehaus.groovy.runtime.callsite.AbstractCallSite.call;org.codehaus.groovy.runtime.callsite.AbstractCallSite.call;org.codehaus.groovy.runtime.callsite.CallSiteArray.defaultCall;io.restassured.filter.Filter$filter.call;io.restassured.internal.filter.CsrfFilter.filter;org.codehaus.groovy.runtime.callsite.AbstractCallSite.call;org.codehaus.groovy.runtime.callsite.AbstractCallSite.call;org.codehaus.groovy.runtime.callsite.CallSiteArray.defaultCall;io.restassured.filter.FilterContext$next.call;io.restassured.internal.filter.FilterContextImpl.next;io.restassured.filter.Filter$filter.call;org.codehaus.groovy.runtime.callsite.CallSiteArray.defaultCall;io.restassured.filter.Filter$filter$0.call;io.restassured.filter.time.TimingFilter.filter;io.restassured.internal.filter.FilterContextImpl.next;io.restassured.filter.Filter$filter$0.call;org.codehaus.groovy.runtime.callsite.CallSiteArray.defaultCall;io.restassured.filter.Filter$filter.call;io.restassured.internal.filter.SendRequestFilter.filter;org.codehaus.groovy.runtime.callsite.AbstractCallSite.call;org.codehaus.groovy.runtime.callsite.AbstractCallSite.call;org.codehaus.groovy.runtime.callsite.CallSiteArray.defaultCall;org.codehaus.groovy.runtime.callsite.PogoInterceptableSite.call;io.restassured.internal.RequestSpecificationImpl.invokeMethod;groovy.lang.MetaClassImpl.invokeMethod;groovy.lang.MetaClassImpl.invokeMethod;groovy.lang.MetaClassImpl.invokeMethod;groovy.lang.MetaClassImpl.doInvokeMethod;groovy.lang.MetaMethod.doMethodInvoke;org.codehaus.groovy.reflection.CachedMethod.invoke;java.lang.reflect.Method.invoke;jdk.internal.reflect.DirectMethodHandleAccessor.invoke;jdk.internal.reflect.DirectMethodHandleAccessor.invokeImpl;java.lang.invoke.Invokers$Holder.invokeExact_MT;java.lang.invoke.LambdaForm$MH/0x000001f9e6211000.invoke;java.lang.invoke.LambdaForm$DMH/0x000001f9e6210000.invokeVirtual;io.restassured.internal.RequestSpecificationImpl.this$2$sendRequest;io.restassured.internal.RequestSpecificationImpl.sendRequest;org.codehaus.groovy.runtime.callsite.AbstractCallSite.callConstructor;org.codehaus.groovy.runtime.callsite.AbstractCallSite.callConstructor;org.codehaus.groovy.runtime.callsite.CallSiteArray.defaultCallConstructor;org.codehaus.groovy.runtime.callsite.CallSiteArray.createCallConstructorSite;org.codehaus.groovy.runtime.InvokerHelper.getMetaClass;org.codehaus.groovy.runtime.metaclass.MetaClassRegistryImpl.getMetaClass;org.codehaus.groovy.reflection.ClassInfo.getMetaClass;org.codehaus.groovy.reflection.ClassInfo.getMetaClassUnderLock;groovy.lang.MetaClassImpl.initialize;groovy.lang.MetaClassImpl.reinitialize;groovy.lang.MetaClassImpl.addProperties;groovy.lang.MetaClassImpl.doPrivileged;java.security.AccessController.doPrivileged;java.security.AccessController.executePrivileged;groovy.lang.MetaClassImpl$$Lambda/0x000001f9e61424f0.run;groovy.lang.MetaClassImpl.lambda$addProperties$25;java.beans.Introspector.getBeanInfo;java.beans.Introspector.<init>;java.beans.Introspector.getBeanInfo;java.beans.Introspector.getBeanInfo;java.beans.Introspector.getBeanInfo;java.beans.Introspector.getTargetMethodInfo;com.sun.beans.introspect.ClassInfo.getMethods;com.sun.beans.introspect.MethodInfo.get;java.lang.Class.getMethods;java.lang.Class.privateGetPublicMethods;java.lang.Class.privateGetDeclaredMethods;java.lang.Class.getDeclaredMethods0,0.0000
org.apache.maven.surefire.booter.ForkedBooter.main;org.apache.maven.surefire.booter.ForkedBooter.run;org.apache.maven.surefire.booter.ForkedBooter.execute;org.apache.maven.surefire.booter.ForkedBooter.runSuitesInProcess;org.apache.maven.surefire.junitplatform.JUnitPlatformProvider.invoke;org.apache.maven.surefire.junitplatform.JUnitPlatformProvider.invokeAllTests;org.apache.maven.surefire.junitplatform.JUnitPlatformProvider.execute;org.apache.maven.surefire.junitplatform.LazyLauncher.execute;org.junit.platform.launcher.core.DelegatingLauncher.execute;org.junit.platform.launcher.core.DefaultLauncher.execute;org.junit.platform.launcher.core.DefaultLauncher.execute;org.junit.platform.launcher.core.EngineExecutionOrchestrator.execute;org.junit.platform.launcher.core.EngineExecutionOrchestrator.withInterceptedStreams;org.junit.platform.launcher.core.EngineExecutionOrchestrator$$Lambda/0x000001f9e60a6e28.accept;org.junit.platform.launcher.core.EngineExecutionOrchestrator.lambda$execute$0;org.junit.platform.launcher.core.EngineExecutionOrchestrator.execute;org.junit.platform.launcher.core.EngineExecutionOrchestrator.execute;org.junit.platform.launcher.core.EngineExecutionOrchestrator.execute;org.junit.platform.engine.support.hierarchical.HierarchicalTestEngine.execute;org.junit.platform.engine.support.hierarchical.HierarchicalTestExecutor.execute;org.junit.platform.engine.support.hierarchical.SameThreadHierarchicalTestExecutorService.submit;org.junit.platform.engine.support.hierarchical.NodeTestTask.execute;org.junit.platform.engine.support.hierarchical.NodeTestTask.executeRecursively;org.junit.platform.engine.support.hierarchical.ThrowableCollector.execute;org.junit.platform.engine.support.hierarchical.NodeTestTask$$Lambda/0x000001f9e60b6e68.execute;org.junit.platform.engine.support.hierarchical.NodeTestTask.lambda$executeRecursively$9;org.junit.platform.engine.support.hierarchical.Node.around;org.junit.platform.engine.support.hierarchical.NodeTestTask$$Lambda/0x000001f9e60b7290.invoke;org.junit.platform.engine.support.hierarchical.NodeTestTask.lambda$executeRecursively$8;org.junit.platform.engine.support.hierarchical.ThrowableCollector.execute;org.junit.platform.engine.support.hierarchical.NodeTestTask$$Lambda/0x000001f9e60b74b8.execute;org.junit.platform.engine.support.hierarchical.NodeTestTask.lambda$executeRecursively$6;org.junit.platform.engine.support.hierarchical.SameThreadHierarchicalTestExecutorService.invokeAll;java.util.ArrayList.forEach;org.junit.platform.engine.support.hierarchical.SameThreadHierarchicalTestExecutorService$$Lambda/0x000001f9e60bc000.accept;org.junit.platform.engine.support.hierarchical.NodeTestTask.execute;org.junit.platform.engine.support.hierarchical.NodeTestTask.executeRecursively;org.junit.platform.engine.support.hierarchical.ThrowableCollector.execute;org.junit.platform.engine.support.hierarchical.NodeTestTask$$Lambda/0x000001f9e60b6e68.execute;org.junit.platform.engine.support.hierarchical.NodeTestTask.lambda$executeRecursively$9;org.junit.platform.engine.support.hierarchical.Node.around;org.junit.platform.engine.support.hierarchical.NodeTestTask$$Lambda/0x000001f9e60b7290.invoke;org.junit.platform.engine.support.hierarchical.NodeTestTask.lambda$executeRecursively$8;org.junit.platform.engine.support.hierarchical.ThrowableCollector.execute;org.junit.platform.engine.support.hierarchical.NodeTestTask$$Lambda/0x000001f9e60b74b8.execute;org.junit.platform.engine.support.hierarchical.NodeTestTask.lambda$executeRecursively$6;org.junit.platform.engine.support.hierarchical.SameThreadHierarchicalTestExecutorService.invokeAll;java.util.ArrayList.forEach;org.junit.platform.engine.support.hierarchical.SameThreadHierarchicalTestExecutorService$$Lambda/0x000001f9e60bc000.accept;org.junit.platform.engine.support.hierarchical.NodeTestTask.execute;org.junit.platform.engine.support.hierarchical.NodeTestTask.executeRecursively;org.junit.platform.engine.support.hierarchical.ThrowableCollector.execute;org.junit.platform.engine.support.hierarchical.NodeTestTask$$Lambda/0x000001f9e60b6e68.execute;org.junit.platform.engine.support.hierarchical.NodeTestTask.lambda$executeRecursively$9;org.junit.platform.engine.support.hierarchical.Node.around;org.junit.platform.engine.support.hierarchical.NodeTestTask$$Lambda/0x000001f9e60b7290.invoke;org.junit.platform.engine.support.hierarchical.NodeTestTask.lambda$executeRecursively$8;org.junit.platform.engine.support.hierarchical.ThrowableCollector.execute;org.junit.platform.engine.support.hierarchical.NodeTestTask$$Lambda/0x000001f9e60b74b8.execute;org.junit.platform.engine.support.hierarchical.NodeTestTask.lambda$executeRecursively$6;org.junit.jupiter.engine.descriptor.TestMethodTestDescriptor.execute;org.junit.jupiter.engine.descriptor.TestMethodTestDescriptor.execute;org.junit.jupiter.engine.descriptor.TestMethodTestDescriptor.invokeTestMethod;org.junit.platform.engine.support.hierarchical.ThrowableCollector.execute;org.junit.jupiter.engine.descriptor.TestMethodTestDescriptor$$Lambda/0x000001f9e6176848.execute;org.junit.jupiter.engine.descriptor.TestMethodTestDescriptor.lambda$invokeTestMethod$7;org.junit.jupiter.engine.execution.InterceptingExecutableInvoker.invoke;org.junit.jupiter.engine.execution.InterceptingExecutableInvoker.invoke;org.junit.jupiter.engine.execution.InvocationInterceptorChain.invoke;org.junit.jupiter.engine.execution.InvocationInterceptorChain.chainAndInvoke;org.junit.jupiter.engine.execution.InvocationInterceptorChain.proceed;org.junit.jupiter.engine.execution.InvocationInterceptorChain$InterceptedInvocation.proceed;org.junit.jupiter.engine.execution.InterceptingExecutableInvoker$$Lambda/0x000001f9e6104a00.apply;org.junit.jupiter.engine.execution.InterceptingExecutableInvoker.lambda$invoke$0;org.junit.jupiter.engine.execution.InterceptingExecutableInvoker$ReflectiveInterceptorCall$$Lambda/0x000001f9e60930f0.apply;org.junit.jupiter.engine.execution.InterceptingExecutableInvoker$ReflectiveInterceptorCall.lambda$ofVoidMethod$0;org.junit.jupiter.engine.descriptor.TestMethodTestDescriptor$$Lambda/0x000001f9e6092cd0.apply;org.junit.jupiter.engine.extension.TimeoutExtension.interceptTestMethod;org.junit.jupiter.engine.extension.TimeoutExtension.interceptTestableMethod;org.junit.jupiter.engine.extension.TimeoutExtension.intercept;org.junit.jupiter.engine.execution.InvocationInterceptorChain$ValidatingInvocation.proceed;org.junit.jupiter.engine.execution.MethodInvocation.proceed;org.junit.platform.commons.util.ReflectionUtils.invokeMethod;java.lang.reflect.Method.invoke;jdk.internal.reflect.DirectMethodHandleAccessor.invoke;jdk.internal.reflect.DirectMethodHandleAccessor.invokeImpl;java.lang.invoke.Invokers$Holder.invokeExact_MT;java.lang.invoke.LambdaForm$MH/0x000001f9e6171000.invoke;java.lang.invoke.LambdaForm$DMH/0x000001f9e6170800.invokeVirtual;com.collaboration.petclinic.api.tests.PetAPITests.testAddPetSuccessfully;io.restassured.internal.RequestSpecificationImpl.post;io.restassured.internal.RequestSpecificationImpl.post;org.codehaus.groovy.runtime.callsite.AbstractCallSite.callCurrent;org.codehaus.groovy.runtime.callsite.AbstractCallSite.callCurrent;org.codehaus.groovy.runtime.callsite.CallSiteArray.defaultCallCurrent;org.codehaus.groovy.runtime.callsite.PogoInterceptableSite.callCurrent;org.codehaus.groovy.runtime.callsite.PogoInterceptableSite.call;io.restassured.internal.RequestSpecificationImpl.invokeMethod;groovy.lang.MetaClassImpl.invokeMethod;groovy.lang.MetaClassImpl.invokeMethod;groovy.lang.MetaClassImpl.invokeMethod;groovy.lang.MetaClassImpl.doInvokeMethod;groovy.lang.MetaMethod.doMethodInvoke;org.codehaus.groovy.reflection.CachedMethod.invoke;java.lang.reflect.Method.invoke;jdk.internal.reflect.DirectMethodHandleAccessor.invoke;jdk.internal.reflect.DirectMethodHandleAccessor.invokeImpl;java.lang.invoke.Invokers$Holder.invokeExact_MT;java.lang.invoke.LambdaForm$MH/0x000001f9e61a3400.invoke;java.lang.invoke.LambdaForm$DMH/0x000001f9e61a2400.invokeVirtual;io.restassured.internal.RequestSpecificationImpl.this$2$applyPathParamsAndSendRequest;io.restassured.internal.RequestSpecificationImpl.applyPathParamsAndSendRequest;org.codehaus.groovy.runtime.callsite.AbstractCallSite.callCurrent;org.codehaus.groovy.runtime.callsite.AbstractCallSite.callCurrent;org.codehaus.groovy.runtime.callsite.CallSiteArray.defaultCallCurrent;org.codehaus.groovy.runtime.callsite.PogoInterceptableSite.callCurrent;org.codehaus.groovy.runtime.callsite.PogoInterceptableSite.call;io.restassured.internal.RequestSpecificationImpl.invokeMethod;groovy.lang.MetaClassImpl.invokeMethod;groovy.lang.MetaClassImpl.invokeMethod;groovy.lang.MetaClassImpl.invokeMethod;groovy.lang.MetaClassImpl.doInvokeMethod;groovy.lang.MetaMethod.doMethodInvoke;org.codehaus.groovy.reflection.CachedMethod.invoke;java.lang.reflect.Method.invoke;jdk.internal.reflect.DirectMethodHandleAccessor.invoke;jdk.internal.reflect.DirectMethodHandleAccessor.invokeImpl;java.lang.invoke.Invokers$Holder.invokeExact_MT;java.lang.invoke.LambdaForm$MH/0x000001f9e61a4400.invoke;java.lang.invoke.LambdaForm$DMH/0x000001f9e61a2400.invokeVirtual;io.restassured.internal.RequestSpecificationImpl.this$2$applyPathParamsAndSendRequest;io.restassured.internal.RequestSpecificationImpl.applyPathParamsAndSendRequest;org.codehaus.groovy.runtime.callsite.AbstractCallSite.call;org.codehaus.groovy.runtime.callsite.AbstractCallSite.call;org.codehaus.groovy.runtime.callsite.CallSiteArray.defaultCall;io.restassured.filter.FilterContext$next.call;io.restassured.internal.filter.FilterContextImpl.next;org.codehaus.groovy.runtime.callsite.AbstractCallSite.call;org.codehaus.groovy.runtime.callsite.AbstractCallSite.call;org.codehaus.groovy.runtime.callsite.CallSiteArray.defaultCall;io.restassured.filter.Filter$filter.call;io.restassured.internal.filter.CsrfFilter.filter;org.codehaus.groovy.runtime.callsite.AbstractCallSite.call;org.codehaus.groovy.runtime.callsite.AbstractCallSite.call;org.codehaus.groovy.runtime.callsite.CallSiteArray.defaultCall;io.restassured.filter.FilterContext$next.call;io.restassured.internal.filter.FilterContextImpl.next;io.restassured.filter.Filter$filter.call;org.codehaus.groovy.runtime.callsite.CallSiteArray.defaultCall;io.restassured.filter.Filter$filter$0.call;io.restassured.filter.time.TimingFilter.filter;io.restassured.internal.filter.FilterContextImpl.next;io.restassured.filter.Filter$filter$0.call;org.codehaus.groovy.runtime.callsite.CallSiteArray.defaultCall;io.restassured.filter.Filter$filter.call;io.restassured.internal.filter.SendRequestFilter.filter;org.codehaus.groovy.runtime.callsite.AbstractCallSite.call;org.codehaus.groovy.runtime.callsite.AbstractCallSite.call;org.codehaus.groovy.runtime.callsite.CallSiteArray.defaultCall;org.codehaus.groovy.runtime.callsite.PogoInterceptableSite.call;io.restassured.internal.RequestSpecificationImpl.invokeMethod;groovy.lang.MetaClassImpl.invokeMethod;groovy.lang.MetaClassImpl.invokeMethod;groovy.lang.MetaClassImpl.invokeMethod;groovy.lang.MetaClassImpl.doInvokeMethod;groovy.lang.MetaMethod.doMethodInvoke;org.codehaus.groovy.reflection.CachedMethod.invoke;java.lang.reflect.Method.invoke;jdk.internal.reflect.DirectMethodHandleAccessor.invoke;jdk.internal.reflect.DirectMethodHandleAccessor.invokeImpl;java.lang.invoke.Invokers$Holder.invokeExact_MT;java.lang.invoke.LambdaForm$MH/0x000001f9e6211000.invoke;java.lang.invoke.LambdaForm$DMH/0x000001f9e6210000.invokeVirtual;io.restassured.internal.RequestSpecificationImpl.this$2$sendRequest;io.restassured.internal.RequestSpecificationImpl.sendRequest;org.codehaus.groovy.runtime.callsite.AbstractCallSite.callCurrent;org.codehaus.groovy.runtime.callsite.AbstractCallSite.callCurrent;org.codehaus.groovy.runtime.callsite.CallSiteArray.defaultCallCurrent;org.codehaus.groovy.runtime.callsite.PogoInterceptableSite.callCurrent;org.codehaus.groovy.runtime.callsite.PogoInterceptableSite.call;io.restassured.internal.RequestSpecificationImpl.invokeMethod;groovy.lang.MetaClassImpl.invokeMethod;groovy.lang.MetaClassImpl.invokeMethod;groovy.lang.MetaClassImpl.invokeMethod;groovy.lang.MetaClassImpl.doInvokeMethod;groovy.lang.MetaMethod.doMethodInvoke;org.codehaus.groovy.reflection.CachedMethod.invoke;java.lang.reflect.Method.invoke;jdk.internal.reflect.DirectMethodHandleAccessor.invoke;jdk.internal.reflect.DirectMethodHandleAccessor.invokeImpl;java.lang.invoke.Invokers$Holder.invokeExact_MT;java.lang.invoke.LambdaForm$MH/0x000001f9e6171000.invoke;java.lang.invoke.LambdaForm$DMH/0x000001f9e6170800.invokeVirtual;io.restassured.internal.RequestSpecificationImpl.assertCorrectNumberOfPathParams;org.codehaus.groovy.runtime.callsite.AbstractCallSite.callCurrent;org.codehaus.groovy.runtime.callsite.AbstractCallSite.callCurrent;org.codehaus.groovy.runtime.callsite.CallSiteArray.defaultCallCurrent;org.codehaus.groovy.runtime.callsite.PogoInterceptableSite.callCurrent;org.codehaus.groovy.runtime.callsite.PogoInterceptableSite.call;io.restassured.internal.RequestSpecificationImpl.invokeMethod;groovy.lang.MetaClassImpl.invokeMethod;groovy.lang.MetaClassImpl.invokeMethod;groovy.lang.MetaClassImpl.invokeMethod;groovy.lang.MetaClassImpl.doInvokeMethod;groovy.lang.MetaMethod.doMethodInvoke;org.codehaus.groovy.reflection.CachedMethod.invoke;java.lang.reflect.Method.invoke;jdk.internal.reflect.DirectMethodHandleAccessor.invoke;jdk.internal.reflect.DirectMethodHandleAccessor.invokeImpl;java.lang.invoke.Invokers$Holder.invokeExact_MT;java.lang.invoke.LambdaForm$MH/0x000001f9e6020000.invoke;java.lang.invoke.DirectMethodHandle$Holder.invokeVirtual;io.restassured.internal.RequestSpecificationImpl.getRedundantUnnamedPathParamValues;org.codehaus.groovy.runtime.callsite.AbstractCallSite.call;org.codehaus.groovy.runtime.callsite.AbstractCallSite.call;org.codehaus.groovy.runtime.callsite.CallSiteArray.defaultCall;org.codehaus.groovy.runtime.callsite.CallSiteArray.createCallSite;org.codehaus.groovy.runtime.callsite.CallSiteArray.createCallStaticSite;org.codehaus.groovy.runtime.InvokerHelper.getMetaClass;org.codehaus.groovy.runtime.metaclass.MetaClassRegistryImpl.getMetaClass;org.codehaus.groovy.reflection.ClassInfo.getMetaClass;org.codehaus.groovy.reflection.ClassInfo.getMetaClassUnderLock;groovy.lang.MetaClassImpl.initialize;groovy.lang.MetaClassImpl.reinitialize;groovy.lang.MetaClassImpl.addProperties;groovy.lang.MetaClassImpl.doPrivileged;java.security.AccessController.doPrivileged;java.security.AccessController.executePrivileged;groovy.lang.MetaClassImpl$$Lambda/0x000001f9e61424f0.run;groovy.lang.MetaClassImpl.lambda$addProperties$25;java.beans.Introspector.getBeanInfo;java.beans.Introspector.getBeanInfo;java.beans.Introspector.getTargetMethodInfo;com.sun.beans.introspect.ClassInfo.getMethods;com.sun.beans.introspect.MethodInfo.get;java.util.ArrayList.sort;java.util.Arrays.sort;java.util.TimSort.sort;java.util.TimSort.<init>,0.0000
org.apache.maven.surefire.booter.ForkedBooter.main;org.apache.maven.surefire.booter.ForkedBooter.run;org.apache.maven.surefire.booter.ForkedBooter.execute;org.apache.maven.surefire.booter.ForkedBooter.runSuitesInProcess;org.apache.maven.surefire.junitplatform.JUnitPlatformProvider.invoke;org.apache.maven.surefire.junitplatform.JUnitPlatformProvider.invokeAllTests;org.apache.maven.surefire.junitplatform.JUnitPlatformProvider.execute;org.apache.maven.surefire.junitplatform.LazyLauncher.execute;org.junit.platform.launcher.core.DelegatingLauncher.execute;org.junit.platform.launcher.core.DefaultLauncher.execute;org.junit.platform.launcher.core.DefaultLauncher.execute;org.junit.platform.launcher.core.EngineExecutionOrchestrator.execute;org.junit.platform.launcher.core.EngineExecutionOrchestrator.withInterceptedStreams;org.junit.platform.launcher.core.EngineExecutionOrchestrator$$Lambda/0x000001f9e60a6e28.accept;org.junit.platform.launcher.core.EngineExecutionOrchestrator.lambda$execute$0;org.junit.platform.launcher.core.EngineExecutionOrchestrator.execute;org.junit.platform.launcher.core.EngineExecutionOrchestrator.execute;org.junit.platform.launcher.core.EngineExecutionOrchestrator.execute;org.junit.platform.engine.support.hierarchical.HierarchicalTestEngine.execute;org.junit.platform.engine.support.hierarchical.HierarchicalTestExecutor.execute;org.junit.platform.engine.support.hierarchical.SameThreadHierarchicalTestExecutorService.submit;org.junit.platform.engine.support.hierarchical.NodeTestTask.execute;org.junit.platform.engine.support.hierarchical.NodeTestTask.executeRecursively;org.junit.platform.engine.support.hierarchical.ThrowableCollector.execute;org.junit.platform.engine.support.hierarchical.NodeTestTask$$Lambda/0x000001f9e60b6e68.execute;org.junit.platform.engine.support.hierarchical.NodeTestTask.lambda$executeRecursively$9;org.junit.platform.engine.support.hierarchical.Node.around;org.junit.platform.engine.support.hierarchical.NodeTestTask$$Lambda/0x000001f9e60b7290.invoke;org.junit.platform.engine.support.hierarchical.NodeTestTask.lambda$executeRecursively$8;org.junit.platform.engine.support.hierarchical.ThrowableCollector.execute;org.junit.platform.engine.support.hierarchical.NodeTestTask$$Lambda/0x000001f9e60b74b8.execute;org.junit.platform.engine.support.hierarchical.NodeTestTask.lambda$executeRecursively$6;org.junit.platform.engine.support.hierarchical.SameThreadHierarchicalTestExecutorService.invokeAll;java.util.ArrayList.forEach;org.junit.platform.engine.support.hierarchical.SameThreadHierarchicalTestExecutorService$$Lambda/0x000001f9e60bc000.accept;org.junit.platform.engine.support.hierarchical.NodeTestTask.execute;org.junit.platform.engine.support.hierarchical.NodeTestTask.executeRecursively;org.junit.platform.engine.support.hierarchical.ThrowableCollector.execute;org.junit.platform.engine.support.hierarchical.NodeTestTask$$Lambda/0x000001f9e60b6e68.execute;org.junit.platform.engine.support.hierarchical.NodeTestTask.lambda$executeRecursively$9;org.junit.platform.engine.support.hierarchical.Node.around;org.junit.platform.engine.support.hierarchical.NodeTestTask$$Lambda/0x000001f9e60b7290.invoke;org.junit.platform.engine.support.hierarchical.NodeTestTask.lambda$executeRecursively$8;org.junit.platform.engine.support.hierarchical.ThrowableCollector.execute;org.junit.platform.engine.support.hierarchical.NodeTestTask$$Lambda/0x000001f9e60b74b8.execute;org.junit.platform.engine.support.hierarchical.NodeTestTask.lambda$executeRecursively$6;org.junit.platform.engine.support.hierarchical.SameThreadHierarchicalTestExecutorService.invokeAll;java.util.ArrayList.forEach;org.junit.platform.engine.support.hierarchical.SameThreadHierarchicalTestExecutorService$$Lambda/0x000001f9e60bc000.accept;org.junit.platform.engine.support.hierarchical.NodeTestTask.execute;org.junit.platform.engine.support.hierarchical.NodeTestTask.executeRecursively;org.junit.platform.engine.support.hierarchical.ThrowableCollector.execute;org.junit.platform.engine.support.hierarchical.NodeTestTask$$Lambda/0x000001f9e60b6e68.execute;org.junit.platform.engine.support.hierarchical.NodeTestTask.lambda$executeRecursively$9;org.junit.platform.engine.support.hierarchical.Node.around;org.junit.platform.engine.support.hierarchical.NodeTestTask$$Lambda/0x000001f9e60b7290.invoke;org.junit.platform.engine.support.hierarchical.NodeTestTask.lambda$executeRecursively$8;org.junit.platform.engine.support.hierarchical.ThrowableCollector.execute;org.junit.platform.engine.support.hierarchical.NodeTestTask$$Lambda/0x000001f9e60b74b8.execute;org.junit.platform.engine.support.hierarchical.NodeTestTask.lambda$executeRecursively$6;org.junit.jupiter.engine.descriptor.TestMethodTestDescriptor.execute;org.junit.jupiter.engine.descriptor.TestMethodTestDescriptor.execute;org.junit.jupiter.engine.descriptor.TestMethodTestDescriptor.invokeTestMethod;org.junit.platform.engine.support.hierarchical.ThrowableCollector.execute;org.junit.jupiter.engine.descriptor.TestMethodTestDescriptor$$Lambda/0x000001f9e6176848.execute;org.junit.jupiter.engine.descriptor.TestMethodTestDescriptor.lambda$invokeTestMethod$7;org.junit.jupiter.engine.execution.InterceptingExecutableInvoker.invoke;org.junit.jupiter.engine.execution.InterceptingExecutableInvoker.invoke;org.junit.jupiter.engine.execution.InvocationInterceptorChain.invoke;org.junit.jupiter.engine.execution.InvocationInterceptorChain.chainAndInvoke;org.junit.jupiter.engine.execution.InvocationInterceptorChain.proceed;org.junit.jupiter.engine.execution.InvocationInterceptorChain$InterceptedInvocation.proceed;org.junit.jupiter.engine.execution.InterceptingExecutableInvoker$$Lambda/0x000001f9e6104a00.apply;org.junit.jupiter.engine.execution.InterceptingExecutableInvoker.lambda$invoke$0;org.junit.jupiter.engine.execution.InterceptingExecutableInvoker$ReflectiveInterceptorCall$$Lambda/0x000001f9e60930f0.apply;org.junit.jupiter.engine.execution.InterceptingExecutableInvoker$ReflectiveInterceptorCall.lambda$ofVoidMethod$0;org.junit.jupiter.engine.descriptor.TestMethodTestDescriptor$$Lambda/0x000001f9e6092cd0.apply;org.junit.jupiter.engine.extension.TimeoutExtension.interceptTestMethod;org.junit.jupiter.engine.extension.TimeoutExtension.interceptTestableMethod;org.junit.jupiter.engine.extension.TimeoutExtension.intercept;org.junit.jupiter.engine.execution.InvocationInterceptorChain$ValidatingInvocation.proceed;org.junit.jupiter.engine.execution.MethodInvocation.proceed;org.junit.platform.commons.util.ReflectionUtils.invokeMethod;java.lang.reflect.Method.invoke;jdk.internal.reflect.DirectMethodHandleAccessor.invoke;jdk.internal.reflect.DirectMethodHandleAccessor.invokeImpl;java.lang.invoke.Invokers$Holder.invokeExact_MT;java.lang.invoke.LambdaForm$MH/0x000001f9e6171000.invoke;java.lang.invoke.LambdaForm$DMH/0x000001f9e6170800.invokeVirtual;com.collaboration.petclinic.api.tests.PetAPITests.testAddPetSuccessfully;io.restassured.internal.RequestSpecificationImpl.post;io.restassured.internal.RequestSpecificationImpl.post;org.codehaus.groovy.runtime.callsite.AbstractCallSite.callCurrent;org.codehaus.groovy.runtime.callsite.AbstractCallSite.callCurrent;org.codehaus.groovy.runtime.callsite.CallSiteArray.defaultCallCurrent;org.codehaus.groovy.runtime.callsite.PogoInterceptableSite.callCurrent;org.codehaus.groovy.runtime.callsite.PogoInterceptableSite.call;io.restassured.internal.RequestSpecificationImpl.invokeMethod;groovy.lang.MetaClassImpl.invokeMethod;groovy.lang.MetaClassImpl.invokeMethod;groovy.lang.MetaClassImpl.invokeMethod;groovy.lang.MetaClassImpl.doInvokeMethod;groovy.lang.MetaMethod.doMethodInvoke;org.codehaus.groovy.reflection.CachedMethod.invoke;java.lang.reflect.Method.invoke;jdk.internal.reflect.DirectMethodHandleAccessor.invoke;jdk.internal.reflect.DirectMethodHandleAccessor.invokeImpl;java.lang.invoke.Invokers$Holder.invokeExact_MT;java.lang.invoke.LambdaForm$MH/0x000001f9e61a3400.invoke;java.lang.invoke.LambdaForm$DMH/0x000001f9e61a2400.invokeVirtual;io.restassured.internal.RequestSpecificationImpl.this$2$applyPathParamsAndSendRequest;io.restassured.internal.RequestSpecificationImpl.applyPathParamsAndSendRequest;org.codehaus.groovy.runtime.callsite.AbstractCallSite.callCurrent;org.codehaus.groovy.runtime.callsite.AbstractCallSite.callCurrent;org.codehaus.groovy.runtime.callsite.CallSiteArray.defaultCallCurrent;org.codehaus.groovy.runtime.callsite.PogoInterceptableSite.callCurrent;org.codehaus.groovy.runtime.callsite.PogoInterceptableSite.call;io.restassured.internal.RequestSpecificationImpl.invokeMethod;groovy.lang.MetaClassImpl.invokeMethod;groovy.lang.MetaClassImpl.invokeMethod;groovy.lang.MetaClassImpl.invokeMethod;groovy.lang.MetaClassImpl.doInvokeMethod;groovy.lang.MetaMethod.doMethodInvoke;org.codehaus.groovy.reflection.CachedMethod.invoke;java.lang.reflect.Method.invoke;jdk.internal.reflect.DirectMethodHandleAccessor.invoke;jdk.internal.reflect.DirectMethodHandleAccessor.invokeImpl;java.lang.invoke.Invokers$Holder.invokeExact_MT;java.lang.invoke.LambdaForm$MH/0x000001f9e61a4400.invoke;java.lang.invoke.LambdaForm$DMH/0x000001f9e61a2400.invokeVirtual;io.restassured.internal.RequestSpecificationImpl.this$2$applyPathParamsAndSendRequest;io.restassured.internal.RequestSpecificationImpl.applyPathParamsAndSendRequest;org.codehaus.groovy.runtime.callsite.AbstractCallSite.callCurrent;org.codehaus.groovy.runtime.callsite.AbstractCallSite.callCurrent;org.codehaus.groovy.runtime.callsite.CallSiteArray.defaultCallCurrent;org.codehaus.groovy.runtime.callsite.PogoInterceptableSite.callCurrent;org.codehaus.groovy.runtime.callsite.PogoInterceptableSite.call;io.restassured.internal.RequestSpecificationImpl.invokeMethod;groovy.lang.MetaClassImpl.invokeMethod;groovy.lang.MetaClassImpl.invokeMethod;groovy.lang.MetaClassImpl.invokeMethod;groovy.lang.MetaClassImpl.doInvokeMethod;groovy.lang.MetaMethod.doMethodInvoke;org.codehaus.groovy.reflection.CachedMethod.invoke;java.lang.reflect.Method.invoke;jdk.internal.reflect.DirectMethodHandleAccessor.invoke;jdk.internal.reflect.DirectMethodHandleAccessor.invokeImpl;java.lang.invoke.Invokers$Holder.invokeExact_MT;java.lang.invoke.LambdaForm$MH/0x000001f9e61a2800.invoke;java.lang.invoke.LambdaForm$DMH/0x000001f9e61a2400.invokeVirtual;io.restassured.internal.RequestSpecificationImpl.newFilterContext;org.codehaus.groovy.runtime.callsite.AbstractCallSite.callCurrent;org.codehaus.groovy.runtime.callsite.AbstractCallSite.callCurrent;org.codehaus.groovy.runtime.callsite.CallSiteArray.defaultCallCurrent;org.codehaus.groovy.runtime.callsite.PogoInterceptableSite.callCurrent;org.codehaus.groovy.runtime.callsite.PogoInterceptableSite.call;io.restassured.internal.RequestSpecificationImpl.invokeMethod;groovy.lang.MetaClassImpl.invokeMethod;groovy.lang.MetaClassImpl.invokeMethod;groovy.lang.MetaClassImpl.invokeMethod;groovy.lang.MetaClassImpl.doInvokeMethod;groovy.lang.MetaMethod.doMethodInvoke;org.codehaus.groovy.reflection.CachedMethod.invoke;java.lang.reflect.Method.invoke;jdk.internal.reflect.DirectMethodHandleAccessor.invoke;jdk.internal.reflect.DirectMethodHandleAccessor.invokeImpl;java.lang.invoke.Invokers$Holder.invokeExact_MT;java.lang.invoke.LambdaForm$MH/0x000001f9e61b6000.invoke;java.lang.invoke.LambdaForm$DMH/0x000001f9e61b0400.invokeVirtual;io.restassured.internal.RequestSpecificationImpl.partiallyApplyPathParams;org.codehaus.groovy.runtime.callsite.AbstractCallSite.callCurrent;org.codehaus.groovy.runtime.callsite.AbstractCallSite.callCurrent;org.codehaus.groovy.runtime.callsite.CallSiteArray.defaultCallCurrent;org.codehaus.groovy.runtime.callsite.PogoInterceptableSite.callCurrent;org.codehaus.groovy.runtime.callsite.PogoInterceptableSite.call;io.restassured.internal.RequestSpecificationImpl.invokeMethod;groovy.lang.MetaClassImpl.invokeMethod;groovy.lang.MetaClassImpl.invokeMethod;groovy.lang.MetaClassImpl.invokeMethod;groovy.lang.MetaClassImpl.doInvokeMethod;groovy.lang.MetaMethod.doMethodInvoke;org.codehaus.groovy.reflection.CachedMethod.invoke;java.lang.reflect.Method.invoke;jdk.internal.reflect.DirectMethodHandleAccessor.invoke;jdk.internal.reflect.DirectMethodHandleAccessor.invokeImpl;java.lang.invoke.Invokers$Holder.invokeExact_MT;java.lang.invoke.LambdaForm$MH/0x000001f9e619b000.invoke;java.lang.invoke.LambdaForm$DMH/0x000001f9e602c000.invokeVirtual;io.restassured.internal.RequestSpecificationImpl.this$2$getTargetURI;io.restassured.internal.RequestSpecificationImpl.getTargetURI;org.codehaus.groovy.runtime.callsite.AbstractCallSite.callConstructor;org.codehaus.groovy.runtime.callsite.AbstractCallSite.callConstructor;org.codehaus.groovy.runtime.callsite.CallSiteArray.defaultCallConstructor;org.codehaus.groovy.runtime.callsite.CallSiteArray.createCallConstructorSite;org.codehaus.groovy.runtime.InvokerHelper.getMetaClass;org.codehaus.groovy.runtime.metaclass.MetaClassRegistryImpl.getMetaClass;org.codehaus.groovy.reflection.ClassInfo.getMetaClass;org.codehaus.groovy.reflection.ClassInfo.getMetaClassUnderLock;groovy.lang.MetaClassImpl.initialize;groovy.lang.MetaClassImpl.reinitialize;groovy.lang.MetaClassImpl.addProperties;groovy.lang.MetaClassImpl.setupProperties;groovy.lang.MetaClassImpl.inheritFields;groovy.lang.MetaClassImpl.addFields;org.codehaus.groovy.reflection.CachedClass.getFields;org.codehaus.groovy.util.LazyReference.get;org.codehaus.groovy.util.LazyReference.getLocked;org.codehaus.groovy.reflection.CachedClass$1.initValue;org.codehaus.groovy.reflection.CachedClass$1.initValue;org.codehaus.groovy.reflection.CachedClass.access$000;org.codehaus.groovy.reflection.CachedClass.doPrivileged;java.security.AccessController.doPrivileged;java.security.AccessController.executePrivileged;org.codehaus.groovy.reflection.CachedClass$1$$Lambda/0x000001f9e6142d48.run;org.codehaus.groovy.reflection.CachedClass$1.lambda$initValue$2;java.lang.Class.getDeclaredFields;java.lang.Class.privateGetDeclaredFields;java.lang.Class.getDeclaredFields0,0.0000
org.apache.maven.surefire.booter.ForkedBooter.main;org.apache.maven.surefire.booter.ForkedBooter.run;org.apache.maven.surefire.booter.ForkedBooter.execute;org.apache.maven.surefire.booter.ForkedBooter.runSuitesInProcess;org.apache.maven.surefire.junitplatform.JUnitPlatformProvider.invoke;org.apache.maven.surefire.junitplatform.JUnitPlatformProvider.scanClasspath;org.apache.maven.surefire.api.util.DefaultScanResult.applyFilter;org.apache.maven.surefire.junitplatform.TestPlanScannerFilter.accept;org.apache.maven.surefire.junitplatform.LazyLauncher.discover;org.junit.platform.launcher.core.DelegatingLauncher.discover;org.junit.platform.launcher.core.DefaultLauncher.discover;org.junit.platform.launcher.core.DefaultLauncher.discover;org.junit.platform.launcher.core.EngineDiscoveryOrchestrator.discover;org.junit.platform.launcher.core.EngineDiscoveryOrchestrator.discover;org.junit.platform.launcher.core.EngineDiscoveryOrchestrator.discoverSafely;org.junit.platform.launcher.core.EngineDiscoveryOrchestrator.discoverEngineRoot;org.junit.jupiter.engine.JupiterTestEngine.discover;org.junit.jupiter.engine.discovery.DiscoverySelectorResolver.<clinit>;org.junit.jupiter.engine.discovery.predicates.IsTestClassWithTests.<clinit>;java.lang.ClassLoader.loadClass;jdk.internal.loader.ClassLoaders$AppClassLoader.loadClass;jdk.internal.loader.BuiltinClassLoader.loadClass;jdk.internal.loader.BuiltinClassLoader.loadClassOrNull;jdk.internal.loader.BuiltinClassLoader.findClassOnClassPathOrNull;jdk.internal.loader.BuiltinClassLoader.defineClass;jdk.internal.loader.URLClassPath$JarLoader$2.getBytes;jdk.internal.loader.Resource.getBytes;java.lang.Thread.interrupted,0.0000
org.apache.maven.surefire.booter.ForkedBooter.main;org.apache.maven.surefire.booter.ForkedBooter.run;org.apache.maven.surefire.booter.ForkedBooter.execute;org.apache.maven.surefire.booter.ForkedBooter.runSuitesInProcess;org.apache.maven.surefire.junitplatform.JUnitPlatformProvider.invoke;org.apache.maven.surefire.junitplatform.JUnitPlatformProvider.invokeAllTests;org.apache.maven.surefire.junitplatform.JUnitPlatformProvider.execute;org.apache.maven.surefire.junitplatform.LazyLauncher.execute;org.junit.platform.launcher.core.DelegatingLauncher.execute;org.junit.platform.launcher.core.DefaultLauncher.execute;org.junit.platform.launcher.core.DefaultLauncher.execute;org.junit.platform.launcher.core.EngineExecutionOrchestrator.execute;org.junit.platform.launcher.core.EngineExecutionOrchestrator.withInterceptedStreams;org.junit.platform.launcher.core.EngineExecutionOrchestrator$$Lambda/0x000001f9e60a6e28.accept;org.junit.platform.launcher.core.EngineExecutionOrchestrator.lambda$execute$0;org.junit.platform.launcher.core.EngineExecutionOrchestrator.execute;org.junit.platform.launcher.core.EngineExecutionOrchestrator.execute;org.junit.platform.launcher.core.EngineExecutionOrchestrator.execute;org.junit.platform.engine.support.hierarchical.HierarchicalTestEngine.execute;org.junit.platform.engine.support.hierarchical.HierarchicalTestExecutor.execute;org.junit.platform.engine.support.hierarchical.SameThreadHierarchicalTestExecutorService.submit;org.junit.platform.engine.support.hierarchical.NodeTestTask.execute;org.junit.platform.engine.support.hierarchical.NodeTestTask.executeRecursively;org.junit.platform.engine.support.hierarchical.ThrowableCollector.execute;org.junit.platform.engine.support.hierarchical.NodeTestTask$$Lambda/0x000001f9e60b6e68.execute;org.junit.platform.engine.support.hierarchical.NodeTestTask.lambda$executeRecursively$9;org.junit.platform.engine.support.hierarchical.Node.around;org.junit.platform.engine.support.hierarchical.NodeTestTask$$Lambda/0x000001f9e60b7290.invoke;org.junit.platform.engine.support.hierarchical.NodeTestTask.lambda$executeRecursively$8;org.junit.platform.engine.support.hierarchical.ThrowableCollector.execute;org.junit.platform.engine.support.hierarchical.NodeTestTask$$Lambda/0x000001f9e60b74b8.execute;org.junit.platform.engine.support.hierarchical.NodeTestTask.lambda$executeRecursively$6;org.junit.platform.engine.support.hierarchical.SameThreadHierarchicalTestExecutorService.invokeAll;java.util.ArrayList.forEach;org.junit.platform.engine.support.hierarchical.SameThreadHierarchicalTestExecutorService$$Lambda/0x000001f9e60bc000.accept;org.junit.platform.engine.support.hierarchical.NodeTestTask.execute;org.junit.platform.engine.support.hierarchical.NodeTestTask.executeRecursively;org.junit.platform.engine.support.hierarchical.ThrowableCollector.execute;org.junit.platform.engine.support.hierarchical.NodeTestTask$$Lambda/0x000001f9e60b6e68.execute;org.junit.platform.engine.support.hierarchical.NodeTestTask.lambda$executeRecursively$9;org.junit.platform.engine.support.hierarchical.Node.around;org.junit.platform.engine.support.hierarchical.NodeTestTask$$Lambda/0x000001f9e60b7290.invoke;org.junit.platform.engine.support.hierarchical.NodeTestTask.lambda$executeRecursively$8;org.junit.platform.engine.support.hierarchical.ThrowableCollector.execute;org.junit.platform.engine.support.hierarchical.NodeTestTask$$Lambda/0x000001f9e60b74b8.execute;org.junit.platform.engine.support.hierarchical.NodeTestTask.lambda$executeRecursively$6;org.junit.platform.engine.support.hierarchical.SameThreadHierarchicalTestExecutorService.invokeAll;java.util.ArrayList.forEach;org.junit.platform.engine.support.hierarchical.SameThreadHierarchicalTestExecutorService$$Lambda/0x000001f9e60bc000.accept;org.junit.platform.engine.support.hierarchical.NodeTestTask.execute;org.junit.platform.engine.support.hierarchical.NodeTestTask.executeRecursively;org.junit.platform.engine.support.hierarchical.ThrowableCollector.execute;org.junit.platform.engine.support.hierarchical.NodeTestTask$$Lambda/0x000001f9e60b6e68.execute;org.junit.platform.engine.support.hierarchical.NodeTestTask.lambda$executeRecursively$9;org.junit.platform.engine.support.hierarchical.Node.around;org.junit.platform.engine.support.hierarchical.NodeTestTask$$Lambda/0x000001f9e60b7290.invoke;org.junit.platform.engine.support.hierarchical.NodeTestTask.lambda$executeRecursively$8;org.junit.platform.engine.support.hierarchical.ThrowableCollector.execute;org.junit.platform.engine.support.hierarchical.NodeTestTask$$Lambda/0x000001f9e60b74b8.execute;org.junit.platform.engine.support.hierarchical.NodeTestTask.lambda$executeRecursively$6;org.junit.jupiter.engine.descriptor.TestMethodTestDescriptor.execute;org.junit.jupiter.engine.descriptor.TestMethodTestDescriptor.execute;org.junit.jupiter.engine.descriptor.TestMethodTestDescriptor.invokeTestMethod;org.junit.platform.engine.support.hierarchical.ThrowableCollector.execute;org.junit.jupiter.engine.descriptor.TestMethodTestDescriptor$$Lambda/0x000001f9e6176848.execute;org.junit.jupiter.engine.descriptor.TestMethodTestDescriptor.lambda$invokeTestMethod$7;org.junit.jupiter.engine.execution.InterceptingExecutableInvoker.invoke;org.junit.jupiter.engine.execution.InterceptingExecutableInvoker.invoke;org.junit.jupiter.engine.execution.InvocationInterceptorChain.invoke;org.junit.jupiter.engine.execution.InvocationInterceptorChain.chainAndInvoke;org.junit.jupiter.engine.execution.InvocationInterceptorChain.proceed;org.junit.jupiter.engine.execution.InvocationInterceptorChain$InterceptedInvocation.proceed;org.junit.jupiter.engine.execution.InterceptingExecutableInvoker$$Lambda/0x000001f9e6104a00.apply;org.junit.jupiter.engine.execution.InterceptingExecutableInvoker.lambda$invoke$0;org.junit.jupiter.engine.execution.InterceptingExecutableInvoker$ReflectiveInterceptorCall$$Lambda/0x000001f9e60930f0.apply;org.junit.jupiter.engine.execution.InterceptingExecutableInvoker$ReflectiveInterceptorCall.lambda$ofVoidMethod$0;org.junit.jupiter.engine.descriptor.TestMethodTestDescriptor$$Lambda/0x000001f9e6092cd0.apply;org.junit.jupiter.engine.extension.TimeoutExtension.interceptTestMethod;org.junit.jupiter.engine.extension.TimeoutExtension.interceptTestableMethod;org.junit.jupiter.engine.extension.TimeoutExtension.intercept;org.junit.jupiter.engine.execution.InvocationInterceptorChain$ValidatingInvocation.proceed;org.junit.jupiter.engine.execution.MethodInvocation.proceed;org.junit.platform.commons.util.ReflectionUtils.invokeMethod;java.lang.reflect.Method.invoke;jdk.internal.reflect.DirectMethodHandleAccessor.invoke;jdk.internal.reflect.DirectMethodHandleAccessor.invokeImpl;java.lang.invoke.Invokers$Holder.invokeExact_MT;java.lang.invoke.LambdaForm$MH/0x000001f9e6171000.invoke;java.lang.invoke.LambdaForm$DMH/0x000001f9e6170800.invokeVirtual;com.collaboration.petclinic.api.tests.PetAPITests.testAddPetSuccessfully;io.restassured.internal.RequestSpecificationImpl.post;io.restassured.internal.RequestSpecificationImpl.post;org.codehaus.groovy.runtime.callsite.AbstractCallSite.callCurrent;org.codehaus.groovy.runtime.callsite.AbstractCallSite.callCurrent;org.codehaus.groovy.runtime.callsite.CallSiteArray.defaultCallCurrent;org.codehaus.groovy.runtime.callsite.PogoInterceptableSite.callCurrent;org.codehaus.groovy.runtime.callsite.PogoInterceptableSite.call;io.restassured.internal.RequestSpecificationImpl.invokeMethod;groovy.lang.MetaClassImpl.invokeMethod;groovy.lang.MetaClassImpl.invokeMethod;groovy.lang.MetaClassImpl.invokeMethod;groovy.lang.MetaClassImpl.doInvokeMethod;groovy.lang.MetaMethod.doMethodInvoke;org.codehaus.groovy.reflection.CachedMethod.invoke;java.lang.reflect.Method.invoke;jdk.internal.reflect.DirectMethodHandleAccessor.invoke;jdk.internal.reflect.DirectMethodHandleAccessor.invokeImpl;java.lang.invoke.Invokers$Holder.invokeExact_MT;java.lang.invoke.LambdaForm$MH/0x000001f9e61a3400.invoke;java.lang.invoke.LambdaForm$DMH/0x000001f9e61a2400.invokeVirtual;io.restassured.internal.RequestSpecificationImpl.this$2$applyPathParamsAndSendRequest;io.restassured.internal.RequestSpecificationImpl.applyPathParamsAndSendRequest;org.codehaus.groovy.runtime.callsite.AbstractCallSite.callCurrent;org.codehaus.groovy.runtime.callsite.AbstractCallSite.callCurrent;org.codehaus.groovy.runtime.callsite.CallSiteArray.defaultCallCurrent;org.codehaus.groovy.runtime.callsite.PogoInterceptableSite.callCurrent;org.codehaus.groovy.runtime.callsite.PogoInterceptableSite.call;io.restassured.internal.RequestSpecificationImpl.invokeMethod;groovy.lang.MetaClassImpl.invokeMethod;groovy.lang.MetaClassImpl.invokeMethod;groovy.lang.MetaClassImpl.invokeMethod;groovy.lang.MetaClassImpl.doInvokeMethod;groovy.lang.MetaMethod.doMethodInvoke;org.codehaus.groovy.reflection.CachedMethod.invoke;java.lang.reflect.Method.invoke;jdk.internal.reflect.DirectMethodHandleAccessor.invoke;jdk.internal.reflect.DirectMethodHandleAccessor.invokeImpl;java.lang.invoke.Invokers$Holder.invokeExact_MT;java.lang.invoke.LambdaForm$MH/0x000001f9e61a4400.invoke;java.lang.invoke.LambdaForm$DMH/0x000001f9e61a2400.invokeVirtual;io.restassured.internal.RequestSpecificationImpl.this$2$applyPathParamsAndSendRequest;io.restassured.internal.RequestSpecificationImpl.applyPathParamsAndSendRequest;org.codehaus.groovy.runtime.callsite.AbstractCallSite.call;org.codehaus.groovy.runtime.callsite.AbstractCallSite.call;org.codehaus.groovy.runtime.callsite.CallSiteArray.defaultCall;io.restassured.filter.FilterContext$next.call;io.restassured.internal.filter.FilterContextImpl.next;org.codehaus.groovy.runtime.callsite.AbstractCallSite.call;org.codehaus.groovy.runtime.callsite.AbstractCallSite.call;org.codehaus.groovy.runtime.callsite.CallSiteArray.defaultCall;io.restassured.filter.Filter$filter.call;io.restassured.internal.filter.CsrfFilter.filter;org.codehaus.groovy.runtime.callsite.AbstractCallSite.call;org.codehaus.groovy.runtime.callsite.AbstractCallSite.call;org.codehaus.groovy.runtime.callsite.CallSiteArray.defaultCall;io.restassured.filter.FilterContext$next.call;io.restassured.internal.filter.FilterContextImpl.next;io.restassured.filter.Filter$filter.call;org.codehaus.groovy.runtime.callsite.CallSiteArray.defaultCall;io.restassured.filter.Filter$filter$0.call;io.restassured.filter.time.TimingFilter.filter;io.restassured.internal.filter.FilterContextImpl.next;io.restassured.filter.Filter$filter$0.call;org.codehaus.groovy.runtime.callsite.CallSiteArray.defaultCall;io.restassured.filter.Filter$filter.call;io.restassured.internal.filter.SendRequestFilter.filter;org.codehaus.groovy.runtime.callsite.AbstractCallSite.call;org.codehaus.groovy.runtime.callsite.AbstractCallSite.call;org.codehaus.groovy.runtime.callsite.CallSiteArray.defaultCall;org.codehaus.groovy.runtime.callsite.PogoInterceptableSite.call;io.restassured.internal.RequestSpecificationImpl.invokeMethod;groovy.lang.MetaClassImpl.invokeMethod;groovy.lang.MetaClassImpl.invokeMethod;groovy.lang.MetaClassImpl.invokeMethod;groovy.lang.MetaClassImpl.doInvokeMethod;groovy.lang.MetaMethod.doMethodInvoke;org.codehaus.groovy.reflection.CachedMethod.invoke;java.lang.reflect.Method.invoke;jdk.internal.reflect.DirectMethodHandleAccessor.invoke;jdk.internal.reflect.DirectMethodHandleAccessor.invokeImpl;java.lang.invoke.Invokers$Holder.invokeExact_MT;java.lang.invoke.LambdaForm$MH/0x000001f9e6211000.invoke;java.lang.invoke.LambdaForm$DMH/0x000001f9e6210000.invokeVirtual;io.restassured.internal.RequestSpecificationImpl.this$2$sendRequest;io.restassured.internal.RequestSpecificationImpl.sendRequest;org.codehaus.groovy.runtime.callsite.AbstractCallSite.callCurrent;org.codehaus.groovy.runtime.callsite.AbstractCallSite.callCurrent;org.codehaus.groovy.runtime.callsite.CallSiteArray.defaultCallCurrent;org.codehaus.groovy.runtime.callsite.PogoInterceptableSite.callCurrent;org.codehaus.groovy.runtime.callsite.PogoInterceptableSite.call;io.restassured.internal.RequestSpecificationImpl.invokeMethod;groovy.lang.MetaClassImpl.invokeMethod;groovy.lang.MetaClassImpl.invokeMethod;groovy.lang.MetaClassImpl.invokeMethod;groovy.lang.MetaClassImpl.doInvokeMethod;groovy.lang.MetaMethod.doMethodInvoke;org.codehaus.groovy.reflection.CachedMethod.invoke;java.lang.reflect.Method.invoke;jdk.internal.reflect.DirectMethodHandleAccessor.invoke;jdk.internal.reflect.DirectMethodHandleAccessor.invokeImpl;java.lang.invoke.Invokers$Holder.invokeExact_MT;java.lang.invoke.LambdaForm$MH/0x000001f9e618e400.invoke;java.lang.invoke.LambdaForm$DMH/0x000001f9e602c000.invokeVirtual;io.restassured.internal.RequestSpecificationImpl.this$2$applyProxySettings;io.restassured.internal.RequestSpecificationImpl.applyProxySettings;org.codehaus.groovy.runtime.callsite.AbstractCallSite.callGetProperty;org.codehaus.groovy.runtime.callsite.GetEffectivePojoPropertySite.getProperty;org.codehaus.groovy.runtime.metaclass.MethodMetaProperty$GetBeanMethodMetaProperty.getProperty;groovy.lang.MetaMethod.doMethodInvoke;org.codehaus.groovy.reflection.CachedMethod.invoke;java.lang.reflect.Method.invoke;jdk.internal.reflect.DirectMethodHandleAccessor.invoke;jdk.internal.reflect.DirectMethodHandleAccessor.invokeImpl;java.lang.invoke.Invokers$Holder.invokeExact_MT;java.lang.invoke.LambdaForm$MH/0x000001f9e6020000.invoke;java.lang.invoke.LambdaForm$DMH/0x000001f9e6034000.invokeInterface;org.apache.http.impl.client.AbstractHttpClient.getConnectionManager;org.apache.http.impl.client.AbstractHttpClient.createClientConnectionManager;org.apache.http.impl.conn.SchemeRegistryFactory.createDefault;org.apache.http.conn.ssl.SSLSocketFactory.getSocketFactory;org.apache.http.conn.ssl.SSLContexts.createDefault;javax.net.ssl.SSLContext.init;sun.security.ssl.SSLContextImpl.engineInit;javax.net.ssl.TrustManagerFactory.init;sun.security.ssl.TrustManagerFactoryImpl.engineInit;sun.security.ssl.TrustStoreManager.getTrustedCerts;sun.security.ssl.TrustStoreManager$TrustAnchorManager.getTrustedCerts;sun.security.ssl.TrustStoreManager$TrustAnchorManager.loadKeyStore;java.security.KeyStore.load;sun.security.util.KeyStoreDelegator.engineLoad;sun.security.pkcs12.PKCS12KeyStore.engineLoad;sun.security.util.DerValue.<init>;sun.security.util.DerValue.<init>;sun.security.util.DerInputStream.getLength;java.io.BufferedInputStream.read;jdk.internal.misc.InternalLock.lock;java.util.concurrent.locks.ReentrantLock.lock;java.util.concurrent.locks.ReentrantLock$Sync.lock,0.0000
org.apache.maven.surefire.booter.ForkedBooter.main;org.apache.maven.surefire.booter.ForkedBooter.run;org.apache.maven.surefire.booter.ForkedBooter.execute;org.apache.maven.surefire.booter.ForkedBooter.runSuitesInProcess;org.apache.maven.surefire.junitplatform.JUnitPlatformProvider.invoke;org.apache.maven.surefire.junitplatform.JUnitPlatformProvider.invokeAllTests;org.apache.maven.surefire.junitplatform.JUnitPlatformProvider.execute;org.apache.maven.surefire.junitplatform.LazyLauncher.execute;org.junit.platform.launcher.core.DelegatingLauncher.execute;org.junit.platform.launcher.core.DefaultLauncher.execute;org.junit.platform.launcher.core.DefaultLauncher.execute;org.junit.platform.launcher.core.EngineExecutionOrchestrator.execute;org.junit.platform.launcher.core.EngineExecutionOrchestrator.withInterceptedStreams;org.junit.platform.launcher.core.EngineExecutionOrchestrator$$Lambda/0x000001f9e60a6e28.accept;org.junit.platform.launcher.core.EngineExecutionOrchestrator.lambda$execute$0;org.junit.platform.launcher.core.EngineExecutionOrchestrator.execute;org.junit.platform.launcher.core.EngineExecutionOrchestrator.execute;org.junit.platform.launcher.core.EngineExecutionOrchestrator.execute;org.junit.platform.engine.support.hierarchical.HierarchicalTestEngine.execute;org.junit.platform.engine.support.hierarchical.HierarchicalTestExecutor.execute;org.junit.platform.engine.support.hierarchical.SameThreadHierarchicalTestExecutorService.submit;org.junit.platform.engine.support.hierarchical.NodeTestTask.execute;org.junit.platform.engine.support.hierarchical.NodeTestTask.executeRecursively;org.junit.platform.engine.support.hierarchical.ThrowableCollector.execute;org.junit.platform.engine.support.hierarchical.NodeTestTask$$Lambda/0x000001f9e60b6e68.execute;org.junit.platform.engine.support.hierarchical.NodeTestTask.lambda$executeRecursively$9;org.junit.platform.engine.support.hierarchical.Node.around;org.junit.platform.engine.support.hierarchical.NodeTestTask$$Lambda/0x000001f9e60b7290.invoke;org.junit.platform.engine.support.hierarchical.NodeTestTask.lambda$executeRecursively$8;org.junit.platform.engine.support.hierarchical.ThrowableCollector.execute;org.junit.platform.engine.support.hierarchical.NodeTestTask$$Lambda/0x000001f9e60b74b8.execute;org.junit.platform.engine.support.hierarchical.NodeTestTask.lambda$executeRecursively$6;org.junit.platform.engine.support.hierarchical.SameThreadHierarchicalTestExecutorService.invokeAll;java.util.ArrayList.forEach;org.junit.platform.engine.support.hierarchical.SameThreadHierarchicalTestExecutorService$$Lambda/0x000001f9e60bc000.accept;org.junit.platform.engine.support.hierarchical.NodeTestTask.execute;org.junit.platform.engine.support.hierarchical.NodeTestTask.executeRecursively;org.junit.platform.engine.support.hierarchical.ThrowableCollector.execute;org.junit.platform.engine.support.hierarchical.NodeTestTask$$Lambda/0x000001f9e60b6e68.execute;org.junit.platform.engine.support.hierarchical.NodeTestTask.lambda$executeRecursively$9;org.junit.platform.engine.support.hierarchical.Node.around;org.junit.platform.engine.support.hierarchical.NodeTestTask$$Lambda/0x000001f9e60b7290.invoke;org.junit.platform.engine.support.hierarchical.NodeTestTask.lambda$executeRecursively$8;org.junit.platform.engine.support.hierarchical.ThrowableCollector.execute;org.junit.platform.engine.support.hierarchical.NodeTestTask$$Lambda/0x000001f9e60b74b8.execute;org.junit.platform.engine.support.hierarchical.NodeTestTask.lambda$executeRecursively$6;org.junit.platform.engine.support.hierarchical.SameThreadHierarchicalTestExecutorService.invokeAll;java.util.ArrayList.forEach;org.junit.platform.engine.support.hierarchical.SameThreadHierarchicalTestExecutorService$$Lambda/0x000001f9e60bc000.accept;org.junit.platform.engine.support.hierarchical.NodeTestTask.execute;org.junit.platform.engine.support.hierarchical.NodeTestTask.executeRecursively;org.junit.platform.engine.support.hierarchical.ThrowableCollector.execute;org.junit.platform.engine.support.hierarchical.NodeTestTask$$Lambda/0x000001f9e60b6e68.execute;org.junit.platform.engine.support.hierarchical.NodeTestTask.lambda$executeRecursively$9;org.junit.platform.engine.support.hierarchical.Node.around;org.junit.platform.engine.support.hierarchical.NodeTestTask$$Lambda/0x000001f9e60b7290.invoke;org.junit.platform.engine.support.hierarchical.NodeTestTask.lambda$executeRecursively$8;org.junit.platform.engine.support.hierarchical.ThrowableCollector.execute;org.junit.platform.engine.support.hierarchical.NodeTestTask$$Lambda/0x000001f9e60b74b8.execute;org.junit.platform.engine.support.hierarchical.NodeTestTask.lambda$executeRecursively$6;org.junit.jupiter.engine.descriptor.TestMethodTestDescriptor.execute;org.junit.jupiter.engine.descriptor.TestMethodTestDescriptor.execute;org.junit.jupiter.engine.descriptor.TestMethodTestDescriptor.invokeTestMethod;org.junit.platform.engine.support.hierarchical.ThrowableCollector.execute;org.junit.jupiter.engine.descriptor.TestMethodTestDescriptor$$Lambda/0x000001f9e6176848.execute;org.junit.jupiter.engine.descriptor.TestMethodTestDescriptor.lambda$invokeTestMethod$7;org.junit.jupiter.engine.execution.InterceptingExecutableInvoker.invoke;org.junit.jupiter.engine.execution.InterceptingExecutableInvoker.invoke;org.junit.jupiter.engine.execution.InvocationInterceptorChain.invoke;org.junit.jupiter.engine.execution.InvocationInterceptorChain.chainAndInvoke;org.junit.jupiter.engine.execution.InvocationInterceptorChain.proceed;org.junit.jupiter.engine.execution.InvocationInterceptorChain$InterceptedInvocation.proceed;org.junit.jupiter.engine.execution.InterceptingExecutableInvoker$$Lambda/0x000001f9e6104a00.apply;org.junit.jupiter.engine.execution.InterceptingExecutableInvoker.lambda$invoke$0;org.junit.jupiter.engine.execution.InterceptingExecutableInvoker$ReflectiveInterceptorCall$$Lambda/0x000001f9e60930f0.apply;org.junit.jupiter.engine.execution.InterceptingExecutableInvoker$ReflectiveInterceptorCall.lambda$ofVoidMethod$0;org.junit.jupiter.engine.descriptor.TestMethodTestDescriptor$$Lambda/0x000001f9e6092cd0.apply;org.junit.jupiter.engine.extension.TimeoutExtension.interceptTestMethod;org.junit.jupiter.engine.extension.TimeoutExtension.interceptTestableMethod;org.junit.jupiter.engine.extension.TimeoutExtension.intercept;org.junit.jupiter.engine.execution.InvocationInterceptorChain$ValidatingInvocation.proceed;org.junit.jupiter.engine.execution.MethodInvocation.proceed;org.junit.platform.commons.util.ReflectionUtils.invokeMethod;java.lang.reflect.Method.invoke;jdk.internal.reflect.DirectMethodHandleAccessor.invoke;jdk.internal.reflect.DirectMethodHandleAccessor.invokeImpl;java.lang.invoke.Invokers$Holder.invokeExact_MT;java.lang.invoke.LambdaForm$MH/0x000001f9e6171000.invoke;java.lang.invoke.LambdaForm$DMH/0x000001f9e6170800.invokeVirtual;com.collaboration.petclinic.api.tests.PetAPITests.testAddPetSuccessfully;io.restassured.internal.RequestSpecificationImpl.post;io.restassured.internal.RequestSpecificationImpl.post;org.codehaus.groovy.runtime.callsite.AbstractCallSite.callCurrent;org.codehaus.groovy.runtime.callsite.AbstractCallSite.callCurrent;org.codehaus.groovy.runtime.callsite.CallSiteArray.defaultCallCurrent;org.codehaus.groovy.runtime.callsite.PogoInterceptableSite.callCurrent;org.codehaus.groovy.runtime.callsite.PogoInterceptableSite.call;io.restassured.internal.RequestSpecificationImpl.invokeMethod;groovy.lang.MetaClassImpl.invokeMethod;groovy.lang.MetaClassImpl.invokeMethod;groovy.lang.MetaClassImpl.invokeMethod;groovy.lang.MetaClassImpl.doInvokeMethod;groovy.lang.MetaMethod.doMethodInvoke;org.codehaus.groovy.reflection.CachedMethod.invoke;java.lang.reflect.Method.invoke;jdk.internal.reflect.DirectMethodHandleAccessor.invoke;jdk.internal.reflect.DirectMethodHandleAccessor.invokeImpl;java.lang.invoke.Invokers$Holder.invokeExact_MT;java.lang.invoke.LambdaForm$MH/0x000001f9e61a3400.invoke;java.lang.invoke.LambdaForm$DMH/0x000001f9e61a2400.invokeVirtual;io.restassured.internal.RequestSpecificationImpl.this$2$applyPathParamsAndSendRequest;io.restassured.internal.RequestSpecificationImpl.applyPathParamsAndSendRequest;org.codehaus.groovy.runtime.callsite.AbstractCallSite.callCurrent;org.codehaus.groovy.runtime.callsite.AbstractCallSite.callCurrent;org.codehaus.groovy.runtime.callsite.CallSiteArray.defaultCallCurrent;org.codehaus.groovy.runtime.callsite.PogoInterceptableSite.callCurrent;org.codehaus.groovy.runtime.callsite.PogoInterceptableSite.call;io.restassured.internal.RequestSpecificationImpl.invokeMethod;groovy.lang.MetaClassImpl.invokeMethod;groovy.lang.MetaClassImpl.invokeMethod;groovy.lang.MetaClassImpl.invokeMethod;groovy.lang.MetaClassImpl.doInvokeMethod;groovy.lang.MetaMethod.doMethodInvoke;org.codehaus.groovy.reflection.CachedMethod.invoke;java.lang.reflect.Method.invoke;jdk.internal.reflect.DirectMethodHandleAccessor.invoke;jdk.internal.reflect.DirectMethodHandleAccessor.invokeImpl;java.lang.invoke.Invokers$Holder.invokeExact_MT;java.lang.invoke.LambdaForm$MH/0x000001f9e61a4400.invoke;java.lang.invoke.LambdaForm$DMH/0x000001f9e61a2400.invokeVirtual;io.restassured.internal.RequestSpecificationImpl.this$2$applyPathParamsAndSendRequest;io.restassured.internal.RequestSpecificationImpl.applyPathParamsAndSendRequest;org.codehaus.groovy.runtime.callsite.AbstractCallSite.call;org.codehaus.groovy.runtime.callsite.AbstractCallSite.call;org.codehaus.groovy.runtime.callsite.CallSiteArray.defaultCall;io.restassured.filter.FilterContext$next.call;io.restassured.internal.filter.FilterContextImpl.next;org.codehaus.groovy.runtime.callsite.AbstractCallSite.call;org.codehaus.groovy.runtime.callsite.AbstractCallSite.call;org.codehaus.groovy.runtime.callsite.CallSiteArray.defaultCall;io.restassured.filter.Filter$filter.call;io.restassured.internal.filter.CsrfFilter.filter;org.codehaus.groovy.runtime.callsite.AbstractCallSite.call;org.codehaus.groovy.runtime.callsite.AbstractCallSite.call;org.codehaus.groovy.runtime.callsite.CallSiteArray.defaultCall;io.restassured.filter.FilterContext$next.call;io.restassured.internal.filter.FilterContextImpl.next;io.restassured.filter.Filter$filter.call;org.codehaus.groovy.runtime.callsite.CallSiteArray.defaultCall;io.restassured.filter.Filter$filter$0.call;io.restassured.filter.time.TimingFilter.filter;io.restassured.internal.filter.FilterContextImpl.next;io.restassured.filter.Filter$filter$0.call;org.codehaus.groovy.runtime.callsite.CallSiteArray.defaultCall;io.restassured.filter.Filter$filter.call;io.restassured.internal.filter.SendRequestFilter.filter;org.codehaus.groovy.runtime.callsite.AbstractCallSite.call;org.codehaus.groovy.runtime.callsite.AbstractCallSite.call;org.codehaus.groovy.runtime.callsite.CallSiteArray.defaultCall;org.codehaus.groovy.runtime.callsite.PogoInterceptableSite.call;io.restassured.internal.RequestSpecificationImpl.invokeMethod;groovy.lang.MetaClassImpl.invokeMethod;groovy.lang.MetaClassImpl.invokeMethod;groovy.lang.MetaClassImpl.invokeMethod;groovy.lang.MetaClassImpl.doInvokeMethod;groovy.lang.MetaMethod.doMethodInvoke;org.codehaus.groovy.reflection.CachedMethod.invoke;java.lang.reflect.Method.invoke;jdk.internal.reflect.DirectMethodHandleAccessor.invoke;jdk.internal.reflect.DirectMethodHandleAccessor.invokeImpl;java.lang.invoke.Invokers$Holder.invokeExact_MT;java.lang.invoke.LambdaForm$MH/0x000001f9e6211000.invoke;java.lang.invoke.LambdaForm$DMH/0x000001f9e6210000.invokeVirtual;io.restassured.internal.RequestSpecificationImpl.this$2$sendRequest;io.restassured.internal.RequestSpecificationImpl.sendRequest;org.codehaus.groovy.runtime.callsite.AbstractCallSite.callCurrent;org.codehaus.groovy.runtime.callsite.AbstractCallSite.callCurrent;org.codehaus.groovy.runtime.callsite.CallSiteArray.defaultCallCurrent;org.codehaus.groovy.runtime.callsite.PogoInterceptableSite.callCurrent;org.codehaus.groovy.runtime.callsite.PogoInterceptableSite.call;io.restassured.internal.RequestSpecificationImpl.invokeMethod;groovy.lang.MetaClassImpl.invokeMethod;groovy.lang.MetaClassImpl.invokeMethod;groovy.lang.MetaClassImpl.invokeMethod;groovy.lang.MetaClassImpl.doInvokeMethod;groovy.lang.MetaMethod.doMethodInvoke;org.codehaus.groovy.reflection.CachedMethod.invoke;java.lang.reflect.Method.invoke;jdk.internal.reflect.DirectMethodHandleAccessor.invoke;jdk.internal.reflect.DirectMethodHandleAccessor.invokeImpl;java.lang.invoke.Invokers$Holder.invokeExact_MT;java.lang.invoke.LambdaForm$MH/0x000001f9e6171000.invoke;java.lang.invoke.LambdaForm$DMH/0x000001f9e6170800.invokeVirtual;io.restassured.internal.RequestSpecificationImpl.assertCorrectNumberOfPathParams;org.codehaus.groovy.runtime.callsite.AbstractCallSite.callCurrent;org.codehaus.groovy.runtime.callsite.AbstractCallSite.callCurrent;org.codehaus.groovy.runtime.callsite.CallSiteArray.defaultCallCurrent;org.codehaus.groovy.runtime.callsite.PogoInterceptableSite.callCurrent;org.codehaus.groovy.runtime.callsite.PogoInterceptableSite.call;io.restassured.internal.RequestSpecificationImpl.invokeMethod;groovy.lang.MetaClassImpl.invokeMethod;groovy.lang.MetaClassImpl.invokeMethod;groovy.lang.MetaClassImpl.invokeMethod;groovy.lang.MetaClassImpl.doInvokeMethod;groovy.lang.MetaMethod.doMethodInvoke;org.codehaus.groovy.reflection.CachedMethod.invoke;java.lang.reflect.Method.invoke;jdk.internal.reflect.DirectMethodHandleAccessor.invoke;jdk.internal.reflect.DirectMethodHandleAccessor.invokeImpl;java.lang.invoke.Invokers$Holder.invokeExact_MT;java.lang.invoke.LambdaForm$MH/0x000001f9e6020000.invoke;java.lang.invoke.DirectMethodHandle$Holder.invokeVirtual;io.restassured.internal.RequestSpecificationImpl.getRedundantNamedPathParams;org.codehaus.groovy.runtime.callsite.AbstractCallSite.callCurrent;org.codehaus.groovy.runtime.callsite.AbstractCallSite.callCurrent;org.codehaus.groovy.runtime.callsite.CallSiteArray.defaultCallCurrent;org.codehaus.groovy.runtime.callsite.PogoInterceptableSite.callCurrent;org.codehaus.groovy.runtime.callsite.PogoInterceptableSite.call;io.restassured.internal.RequestSpecificationImpl.invokeMethod;groovy.lang.MetaClassImpl.invokeMethod;groovy.lang.MetaClassImpl.invokeMethod;groovy.lang.MetaClassImpl.invokeMethod;groovy.lang.MetaClassImpl.doInvokeMethod;groovy.lang.MetaMethod.doMethodInvoke;org.codehaus.groovy.reflection.CachedMethod.invoke;java.lang.reflect.Method.invoke;jdk.internal.reflect.DirectMethodHandleAccessor.invoke;jdk.internal.reflect.DirectMethodHandleAccessor.invokeImpl;java.lang.invoke.Invokers$Holder.invokeExact_MT;java.lang.invoke.LambdaForm$MH/0x000001f9e6020000.invoke;java.lang.invoke.LambdaForm$DMH/0x000001f9e6034000.invokeInterface;io.restassured.internal.RequestSpecificationImpl.getPathParamPlaceholders;org.codehaus.groovy.runtime.callsite.AbstractCallSite.callStatic;org.codehaus.groovy.runtime.callsite.AbstractCallSite.callStatic;org.codehaus.groovy.runtime.callsite.CallSiteArray.defaultCallStatic;io.restassured.internal.RequestSpecificationImpl$getPlaceholders$0.callStatic;io.restassured.internal.RequestSpecificationImpl.getPlaceholders;org.codehaus.groovy.runtime.callsite.AbstractCallSite.call;org.codehaus.groovy.runtime.callsite.AbstractCallSite.call;org.codehaus.groovy.runtime.callsite.CallSiteArray.defaultCall;org.codehaus.groovy.runtime.callsite.CallSiteArray.createCallSite;org.codehaus.groovy.runtime.callsite.CallSiteArray.createPojoSite;groovy.lang.MetaClassImpl.createPojoCallSite;org.codehaus.groovy.runtime.callsite.PojoMetaMethodSite.createPojoMetaMethodSite;org.codehaus.groovy.runtime.callsite.PojoMetaMethodSite.createCachedMethodSite;org.codehaus.groovy.reflection.CachedMethod.createPojoMetaMethodSite;java.lang.reflect.Constructor.newInstance;java.lang.reflect.Constructor.newInstanceWithCaller;java.lang.reflect.Constructor.acquireConstructorAccessor;jdk.internal.reflect.ReflectionFactory.newConstructorAccessor,0.0000
org.apache.maven.surefire.booter.ForkedBooter.main;org.apache.maven.surefire.booter.ForkedBooter.run;org.apache.maven.surefire.booter.ForkedBooter.execute;org.apache.maven.surefire.booter.ForkedBooter.runSuitesInProcess;org.apache.maven.surefire.junitplatform.JUnitPlatformProvider.invoke;org.apache.maven.surefire.junitplatform.JUnitPlatformProvider.invokeAllTests;org.apache.maven.surefire.junitplatform.JUnitPlatformProvider.execute;org.apache.maven.surefire.junitplatform.LazyLauncher.execute;org.junit.platform.launcher.core.DelegatingLauncher.execute;org.junit.platform.launcher.core.DefaultLauncher.execute;org.junit.platform.launcher.core.DefaultLauncher.execute;org.junit.platform.launcher.core.EngineExecutionOrchestrator.execute;org.junit.platform.launcher.core.EngineExecutionOrchestrator.withInterceptedStreams;org.junit.platform.launcher.core.EngineExecutionOrchestrator$$Lambda/0x000001f9e60a6e28.accept;org.junit.platform.launcher.core.EngineExecutionOrchestrator.lambda$execute$0;org.junit.platform.launcher.core.EngineExecutionOrchestrator.execute;org.junit.platform.launcher.core.EngineExecutionOrchestrator.execute;org.junit.platform.launcher.core.EngineExecutionOrchestrator.execute;org.junit.platform.engine.support.hierarchical.HierarchicalTestEngine.execute;org.junit.platform.engine.support.hierarchical.HierarchicalTestExecutor.execute;org.junit.platform.engine.support.hierarchical.SameThreadHierarchicalTestExecutorService.submit;org.junit.platform.engine.support.hierarchical.NodeTestTask.execute;org.junit.platform.engine.support.hierarchical.NodeTestTask.executeRecursively;org.junit.platform.engine.support.hierarchical.ThrowableCollector.execute;org.junit.platform.engine.support.hierarchical.NodeTestTask$$Lambda/0x000001f9e60b6e68.execute;org.junit.platform.engine.support.hierarchical.NodeTestTask.lambda$executeRecursively$9;org.junit.platform.engine.support.hierarchical.Node.around;org.junit.platform.engine.support.hierarchical.NodeTestTask$$Lambda/0x000001f9e60b7290.invoke;org.junit.platform.engine.support.hierarchical.NodeTestTask.lambda$executeRecursively$8;org.junit.platform.engine.support.hierarchical.ThrowableCollector.execute;org.junit.platform.engine.support.hierarchical.NodeTestTask$$Lambda/0x000001f9e60b74b8.execute;org.junit.platform.engine.support.hierarchical.NodeTestTask.lambda$executeRecursively$6;org.junit.platform.engine.support.hierarchical.SameThreadHierarchicalTestExecutorService.invokeAll;java.util.ArrayList.forEach;org.junit.platform.engine.support.hierarchical.SameThreadHierarchicalTestExecutorService$$Lambda/0x000001f9e60bc000.accept;org.junit.platform.engine.support.hierarchical.NodeTestTask.execute;org.junit.platform.engine.support.hierarchical.NodeTestTask.executeRecursively;org.junit.platform.engine.support.hierarchical.ThrowableCollector.execute;org.junit.platform.engine.support.hierarchical.NodeTestTask$$Lambda/0x000001f9e60b6e68.execute;org.junit.platform.engine.support.hierarchical.NodeTestTask.lambda$executeRecursively$9;org.junit.platform.engine.support.hierarchical.Node.around;org.junit.platform.engine.support.hierarchical.NodeTestTask$$Lambda/0x000001f9e60b7290.invoke;org.junit.platform.engine.support.hierarchical.NodeTestTask.lambda$executeRecursively$8;org.junit.platform.engine.support.hierarchical.ThrowableCollector.execute;org.junit.platform.engine.support.hierarchical.NodeTestTask$$Lambda/0x000001f9e60b74b8.execute;org.junit.platform.engine.support.hierarchical.NodeTestTask.lambda$executeRecursively$6;org.junit.platform.engine.support.hierarchical.SameThreadHierarchicalTestExecutorService.invokeAll;java.util.ArrayList.forEach;org.junit.platform.engine.support.hierarchical.SameThreadHierarchicalTestExecutorService$$Lambda/0x000001f9e60bc000.accept;org.junit.platform.engine.support.hierarchical.NodeTestTask.execute;org.junit.platform.engine.support.hierarchical.NodeTestTask.executeRecursively;org.junit.platform.engine.support.hierarchical.ThrowableCollector.execute;org.junit.platform.engine.support.hierarchical.NodeTestTask$$Lambda/0x000001f9e60b6e68.execute;org.junit.platform.engine.support.hierarchical.NodeTestTask.lambda$executeRecursively$9;org.junit.platform.engine.support.hierarchical.Node.around;org.junit.platform.engine.support.hierarchical.NodeTestTask$$Lambda/0x000001f9e60b7290.invoke;org.junit.platform.engine.support.hierarchical.NodeTestTask.lambda$executeRecursively$8;org.junit.platform.engine.support.hierarchical.ThrowableCollector.execute;org.junit.platform.engine.support.hierarchical.NodeTestTask$$Lambda/0x000001f9e60b74b8.execute;org.junit.platform.engine.support.hierarchical.NodeTestTask.lambda$executeRecursively$6;org.junit.jupiter.engine.descriptor.TestMethodTestDescriptor.execute;org.junit.jupiter.engine.descriptor.TestMethodTestDescriptor.execute;org.junit.jupiter.engine.descriptor.TestMethodTestDescriptor.invokeTestMethod;org.junit.platform.engine.support.hierarchical.ThrowableCollector.execute;org.junit.jupiter.engine.descriptor.TestMethodTestDescriptor$$Lambda/0x000001f9e6176848.execute;org.junit.jupiter.engine.descriptor.TestMethodTestDescriptor.lambda$invokeTestMethod$7;org.junit.jupiter.engine.execution.InterceptingExecutableInvoker.invoke;org.junit.jupiter.engine.execution.InterceptingExecutableInvoker.invoke;org.junit.jupiter.engine.execution.InvocationInterceptorChain.invoke;org.junit.jupiter.engine.execution.InvocationInterceptorChain.chainAndInvoke;org.junit.jupiter.engine.execution.InvocationInterceptorChain.proceed;org.junit.jupiter.engine.execution.InvocationInterceptorChain$InterceptedInvocation.proceed;org.junit.jupiter.engine.execution.InterceptingExecutableInvoker$$Lambda/0x000001f9e6104a00.apply;org.junit.jupiter.engine.execution.InterceptingExecutableInvoker.lambda$invoke$0;org.junit.jupiter.engine.execution.InterceptingExecutableInvoker$ReflectiveInterceptorCall$$Lambda/0x000001f9e60930f0.apply;org.junit.jupiter.engine.execution.InterceptingExecutableInvoker$ReflectiveInterceptorCall.lambda$ofVoidMethod$0;org.junit.jupiter.engine.descriptor.TestMethodTestDescriptor$$Lambda/0x000001f9e6092cd0.apply;org.junit.jupiter.engine.extension.TimeoutExtension.interceptTestMethod;org.junit.jupiter.engine.extension.TimeoutExtension.interceptTestableMethod;org.junit.jupiter.engine.extension.TimeoutExtension.intercept;org.junit.jupiter.engine.execution.InvocationInterceptorChain$ValidatingInvocation.proceed;org.junit.jupiter.engine.execution.MethodInvocation.proceed;org.junit.platform.commons.util.ReflectionUtils.invokeMethod;java.lang.reflect.Method.invoke;jdk.internal.reflect.DirectMethodHandleAccessor.invoke;jdk.internal.reflect.DirectMethodHandleAccessor.invokeImpl;java.lang.invoke.Invokers$Holder.invokeExact_MT;java.lang.invoke.LambdaForm$MH/0x000001f9e6171000.invoke;java.lang.invoke.LambdaForm$DMH/0x000001f9e6170800.invokeVirtual;com.collaboration.petclinic.api.tests.PetAPITests.testAddPetSuccessfully;io.restassured.internal.ValidatableResponseOptionsImpl.body;io.restassured.internal.ResponseSpecificationImpl.body;org.codehaus.groovy.runtime.callsite.AbstractCallSite.callCurrent;org.codehaus.groovy.runtime.callsite.AbstractCallSite.callCurrent;org.codehaus.groovy.runtime.callsite.CallSiteArray.defaultCallCurrent;io.restassured.specification.ResponseSpecification$body$1.callCurrent;io.restassured.internal.ResponseSpecificationImpl.body;org.codehaus.groovy.runtime.callsite.AbstractCallSite.callCurrent;org.codehaus.groovy.runtime.callsite.AbstractCallSite.callCurrent;org.codehaus.groovy.runtime.callsite.CallSiteArray.defaultCallCurrent;org.codehaus.groovy.runtime.callsite.PogoMetaMethodSite.callCurrent;org.codehaus.groovy.runtime.callsite.PogoMetaMethodSite$PogoCachedMethodSiteNoUnwrapNoCoerce.invoke;org.codehaus.groovy.runtime.callsite.PlainObjectMetaMethodSite.doInvoke;java.lang.reflect.Method.invoke;jdk.internal.reflect.DirectMethodHandleAccessor.invoke;jdk.internal.reflect.DirectMethodHandleAccessor.invokeImpl;java.lang.invoke.Invokers$Holder.invokeExact_MT;java.lang.invoke.LambdaForm$MH/0x000001f9e6192800.invoke;java.lang.invoke.DirectMethodHandle$Holder.invokeVirtual;io.restassured.internal.ResponseSpecificationImpl.this$2$validateResponseIfRequired;io.restassured.internal.ResponseSpecificationImpl.validateResponseIfRequired;io.restassured.internal.ResponseSpecificationImpl$HamcrestAssertionClosure$validate$1.call;io.restassured.internal.ResponseSpecificationImpl$HamcrestAssertionClosure.validate;org.codehaus.groovy.runtime.callsite.AbstractCallSite.call;org.codehaus.groovy.runtime.callsite.AbstractCallSite.call;org.codehaus.groovy.runtime.callsite.CallSiteArray.defaultCall;io.restassured.internal.ContentParser$parse.call;io.restassured.internal.ContentParser.parse;org.codehaus.groovy.runtime.callsite.AbstractCallSite.call;org.codehaus.groovy.runtime.callsite.AbstractCallSite.call;org.codehaus.groovy.runtime.callsite.CallSiteArray.defaultCall;io.restassured.response.ResponseBodyData$asString.call;io.restassured.internal.RestAssuredResponseOptionsImpl.asString;io.restassured.internal.RestAssuredResponseOptionsGroovyImpl.asString;io.restassured.internal.RestAssuredResponseOptionsGroovyImpl.asString;org.codehaus.groovy.runtime.callsite.AbstractCallSite.callCurrent;org.codehaus.groovy.runtime.callsite.AbstractCallSite.callCurrent;org.codehaus.groovy.runtime.callsite.CallSiteArray.defaultCallCurrent;io.restassured.internal.RestAssuredResponseOptionsGroovyImpl$charsetToString$2.callCurrent;io.restassured.internal.RestAssuredResponseOptionsGroovyImpl.charsetToString;org.codehaus.groovy.runtime.callsite.AbstractCallSite.callStatic;org.codehaus.groovy.runtime.callsite.AbstractCallSite.callStatic;org.codehaus.groovy.runtime.callsite.CallSiteArray.defaultCallStatic;org.codehaus.groovy.runtime.callsite.StaticMetaMethodSite.callStatic;org.codehaus.groovy.runtime.callsite.StaticMetaMethodSite$StaticMetaMethodSiteNoUnwrapNoCoerce.invoke;org.codehaus.groovy.reflection.CachedMethod.invoke;java.lang.reflect.Method.invoke;jdk.internal.reflect.DirectMethodHandleAccessor.invoke;jdk.internal.reflect.DirectMethodHandleAccessor.invokeImpl;java.lang.invoke.Invokers$Holder.invokeExact_MT;java.lang.invoke.LambdaForm$MH/0x000001f9e61d0000.invoke;java.lang.invoke.DirectMethodHandle$Holder.invokeStatic;io.restassured.internal.RestAssuredResponseOptionsGroovyImpl.convertStreamToByteArray;org.codehaus.groovy.runtime.callsite.AbstractCallSite.call;org.codehaus.groovy.runtime.callsite.AbstractCallSite.call;org.codehaus.groovy.runtime.callsite.CallSiteArray.defaultCall;org.codehaus.groovy.runtime.callsite.CallSiteArray.createCallSite;org.codehaus.groovy.runtime.callsite.CallSiteArray.createPojoSite;org.codehaus.groovy.runtime.InvokerHelper.getMetaClass;org.codehaus.groovy.runtime.metaclass.MetaClassRegistryImpl.getMetaClass;org.codehaus.groovy.reflection.ClassInfo.getMetaClass;org.codehaus.groovy.reflection.ClassInfo.getMetaClass;org.codehaus.groovy.reflection.ClassInfo.getMetaClassUnderLock;groovy.lang.MetaClassRegistry$MetaClassCreationHandle.create;groovy.lang.MetaClassRegistry$MetaClassCreationHandle.createWithCustomLookup;java.lang.Class.forName;java.lang.Class.forName;java.lang.Class.forName0;java.lang.ClassLoader.loadClass;jdk.internal.loader.ClassLoaders$AppClassLoader.loadClass;jdk.internal.loader.BuiltinClassLoader.loadClass;jdk.internal.loader.BuiltinClassLoader.loadClassOrNull;jdk.internal.loader.BuiltinClassLoader.findClassOnClassPathOrNull;jdk.internal.loader.URLClassPath.getResource;jdk.internal.loader.URLClassPath$FileLoader.getResource;java.io.File.exists;java.io.FileSystem.hasBooleanAttributes;java.io.WinNTFileSystem.getBooleanAttributes;java.io.WinNTFileSystem.getBooleanAttributes0,0.0000
org.apache.maven.surefire.booter.ForkedBooter.main;org.apache.maven.surefire.booter.ForkedBooter.run;org.apache.maven.surefire.booter.ForkedBooter.execute;org.apache.maven.surefire.booter.ForkedBooter.runSuitesInProcess;org.apache.maven.surefire.junitplatform.JUnitPlatformProvider.invoke;org.apache.maven.surefire.junitplatform.JUnitPlatformProvider.invokeAllTests;org.apache.maven.surefire.junitplatform.JUnitPlatformProvider.execute;org.apache.maven.surefire.junitplatform.LazyLauncher.execute;org.junit.platform.launcher.core.DelegatingLauncher.execute;org.junit.platform.launcher.core.DefaultLauncher.execute;org.junit.platform.launcher.core.DefaultLauncher.execute;org.junit.platform.launcher.core.EngineExecutionOrchestrator.execute;org.junit.platform.launcher.core.EngineExecutionOrchestrator.withInterceptedStreams;org.junit.platform.launcher.core.EngineExecutionOrchestrator$$Lambda/0x000001f9e60a6e28.accept;org.junit.platform.launcher.core.EngineExecutionOrchestrator.lambda$execute$0;org.junit.platform.launcher.core.EngineExecutionOrchestrator.execute;org.junit.platform.launcher.core.EngineExecutionOrchestrator.execute;org.junit.platform.launcher.core.EngineExecutionOrchestrator.execute;org.junit.platform.engine.support.hierarchical.HierarchicalTestEngine.execute;org.junit.platform.engine.support.hierarchical.HierarchicalTestExecutor.execute;org.junit.platform.engine.support.hierarchical.SameThreadHierarchicalTestExecutorService.submit;org.junit.platform.engine.support.hierarchical.NodeTestTask.execute;org.junit.platform.engine.support.hierarchical.NodeTestTask.executeRecursively;org.junit.platform.engine.support.hierarchical.ThrowableCollector.execute;org.junit.platform.engine.support.hierarchical.NodeTestTask$$Lambda/0x000001f9e60b6e68.execute;org.junit.platform.engine.support.hierarchical.NodeTestTask.lambda$executeRecursively$9;org.junit.platform.engine.support.hierarchical.Node.around;org.junit.platform.engine.support.hierarchical.NodeTestTask$$Lambda/0x000001f9e60b7290.invoke;org.junit.platform.engine.support.hierarchical.NodeTestTask.lambda$executeRecursively$8;org.junit.platform.engine.support.hierarchical.ThrowableCollector.execute;org.junit.platform.engine.support.hierarchical.NodeTestTask$$Lambda/0x000001f9e60b74b8.execute;org.junit.platform.engine.support.hierarchical.NodeTestTask.lambda$executeRecursively$6;org.junit.platform.engine.support.hierarchical.SameThreadHierarchicalTestExecutorService.invokeAll;java.util.ArrayList.forEach;org.junit.platform.engine.support.hierarchical.SameThreadHierarchicalTestExecutorService$$Lambda/0x000001f9e60bc000.accept;org.junit.platform.engine.support.hierarchical.NodeTestTask.execute;org.junit.platform.engine.support.hierarchical.NodeTestTask.executeRecursively;org.junit.platform.engine.support.hierarchical.ThrowableCollector.execute;org.junit.platform.engine.support.hierarchical.NodeTestTask$$Lambda/0x000001f9e60b6e68.execute;org.junit.platform.engine.support.hierarchical.NodeTestTask.lambda$executeRecursively$9;org.junit.platform.engine.support.hierarchical.Node.around;org.junit.platform.engine.support.hierarchical.NodeTestTask$$Lambda/0x000001f9e60b7290.invoke;org.junit.platform.engine.support.hierarchical.NodeTestTask.lambda$executeRecursively$8;org.junit.platform.engine.support.hierarchical.ThrowableCollector.execute;org.junit.platform.engine.support.hierarchical.NodeTestTask$$Lambda/0x000001f9e60b74b8.execute;org.junit.platform.engine.support.hierarchical.NodeTestTask.lambda$executeRecursively$6;org.junit.platform.engine.support.hierarchical.SameThreadHierarchicalTestExecutorService.invokeAll;java.util.ArrayList.forEach;org.junit.platform.engine.support.hierarchical.SameThreadHierarchicalTestExecutorService$$Lambda/0x000001f9e60bc000.accept;org.junit.platform.engine.support.hierarchical.NodeTestTask.execute;org.junit.platform.engine.support.hierarchical.NodeTestTask.executeRecursively;org.junit.platform.engine.support.hierarchical.ThrowableCollector.execute;org.junit.platform.engine.support.hierarchical.NodeTestTask$$Lambda/0x000001f9e60b6e68.execute;org.junit.platform.engine.support.hierarchical.NodeTestTask.lambda$executeRecursively$9;org.junit.platform.engine.support.hierarchical.Node.around;org.junit.platform.engine.support.hierarchical.NodeTestTask$$Lambda/0x000001f9e60b7290.invoke;org.junit.platform.engine.support.hierarchical.NodeTestTask.lambda$executeRecursively$8;org.junit.platform.engine.support.hierarchical.ThrowableCollector.execute;org.junit.platform.engine.support.hierarchical.NodeTestTask$$Lambda/0x000001f9e60b74b8.execute;org.junit.platform.engine.support.hierarchical.NodeTestTask.lambda$executeRecursively$6;org.junit.jupiter.engine.descriptor.TestMethodTestDescriptor.execute;org.junit.jupiter.engine.descriptor.TestMethodTestDescriptor.execute;org.junit.jupiter.engine.descriptor.TestMethodTestDescriptor.invokeTestMethod;org.junit.platform.engine.support.hierarchical.ThrowableCollector.execute;org.junit.jupiter.engine.descriptor.TestMethodTestDescriptor$$Lambda/0x000001f9e6176848.execute;org.junit.jupiter.engine.descriptor.TestMethodTestDescriptor.lambda$invokeTestMethod$7;org.junit.jupiter.engine.execution.InterceptingExecutableInvoker.invoke;org.junit.jupiter.engine.execution.InterceptingExecutableInvoker.invoke;org.junit.jupiter.engine.execution.InvocationInterceptorChain.invoke;org.junit.jupiter.engine.execution.InvocationInterceptorChain.chainAndInvoke;org.junit.jupiter.engine.execution.InvocationInterceptorChain.proceed;org.junit.jupiter.engine.execution.InvocationInterceptorChain$InterceptedInvocation.proceed;org.junit.jupiter.engine.execution.InterceptingExecutableInvoker$$Lambda/0x000001f9e6104a00.apply;org.junit.jupiter.engine.execution.InterceptingExecutableInvoker.lambda$invoke$0;org.junit.jupiter.engine.execution.InterceptingExecutableInvoker$ReflectiveInterceptorCall$$Lambda/0x000001f9e60930f0.apply;org.junit.jupiter.engine.execution.InterceptingExecutableInvoker$ReflectiveInterceptorCall.lambda$ofVoidMethod$0;org.junit.jupiter.engine.descriptor.TestMethodTestDescriptor$$Lambda/0x000001f9e6092cd0.apply;org.junit.jupiter.engine.extension.TimeoutExtension.interceptTestMethod;org.junit.jupiter.engine.extension.TimeoutExtension.interceptTestableMethod;org.junit.jupiter.engine.extension.TimeoutExtension.intercept;org.junit.jupiter.engine.execution.InvocationInterceptorChain$ValidatingInvocation.proceed;org.junit.jupiter.engine.execution.MethodInvocation.proceed;org.junit.platform.commons.util.ReflectionUtils.invokeMethod;java.lang.reflect.Method.invoke;jdk.internal.reflect.DirectMethodHandleAccessor.invoke;jdk.internal.reflect.DirectMethodHandleAccessor.invokeImpl;java.lang.invoke.Invokers$Holder.invokeExact_MT;java.lang.invoke.LambdaForm$MH/0x000001f9e6171000.invoke;java.lang.invoke.LambdaForm$DMH/0x000001f9e6170800.invokeVirtual;com.collaboration.petclinic.api.tests.PetAPITests.testAddPetSuccessfully;io.restassured.internal.RequestSpecificationImpl.post;io.restassured.internal.RequestSpecificationImpl.post;org.codehaus.groovy.runtime.callsite.AbstractCallSite.callCurrent;org.codehaus.groovy.runtime.callsite.AbstractCallSite.callCurrent;org.codehaus.groovy.runtime.callsite.CallSiteArray.defaultCallCurrent;org.codehaus.groovy.runtime.callsite.PogoInterceptableSite.callCurrent;org.codehaus.groovy.runtime.callsite.PogoInterceptableSite.call;io.restassured.internal.RequestSpecificationImpl.invokeMethod;groovy.lang.MetaClassImpl.invokeMethod;groovy.lang.MetaClassImpl.invokeMethod;groovy.lang.MetaClassImpl.invokeMethod;groovy.lang.MetaClassImpl.doInvokeMethod;groovy.lang.MetaMethod.doMethodInvoke;org.codehaus.groovy.reflection.CachedMethod.invoke;java.lang.reflect.Method.invoke;jdk.internal.reflect.DirectMethodHandleAccessor.invoke;jdk.internal.reflect.DirectMethodHandleAccessor.invokeImpl;java.lang.invoke.Invokers$Holder.invokeExact_MT;java.lang.invoke.LambdaForm$MH/0x000001f9e61a3400.invoke;java.lang.invoke.LambdaForm$DMH/0x000001f9e61a2400.invokeVirtual;io.restassured.internal.RequestSpecificationImpl.this$2$applyPathParamsAndSendRequest;io.restassured.internal.RequestSpecificationImpl.applyPathParamsAndSendRequest;org.codehaus.groovy.runtime.callsite.AbstractCallSite.callCurrent;org.codehaus.groovy.runtime.callsite.AbstractCallSite.callCurrent;org.codehaus.groovy.runtime.callsite.CallSiteArray.defaultCallCurrent;org.codehaus.groovy.runtime.callsite.PogoInterceptableSite.callCurrent;org.codehaus.groovy.runtime.callsite.PogoInterceptableSite.call;io.restassured.internal.RequestSpecificationImpl.invokeMethod;groovy.lang.MetaClassImpl.invokeMethod;groovy.lang.MetaClassImpl.invokeMethod;groovy.lang.MetaClassImpl.invokeMethod;groovy.lang.MetaClassImpl.doInvokeMethod;groovy.lang.MetaMethod.doMethodInvoke;org.codehaus.groovy.reflection.CachedMethod.invoke;java.lang.reflect.Method.invoke;jdk.internal.reflect.DirectMethodHandleAccessor.invoke;jdk.internal.reflect.DirectMethodHandleAccessor.invokeImpl;java.lang.invoke.Invokers$Holder.invokeExact_MT;java.lang.invoke.LambdaForm$MH/0x000001f9e61a4400.invoke;java.lang.invoke.LambdaForm$DMH/0x000001f9e61a2400.invokeVirtual;io.restassured.internal.RequestSpecificationImpl.this$2$applyPathParamsAndSendRequest;io.restassured.internal.RequestSpecificationImpl.applyPathParamsAndSendRequest;org.codehaus.groovy.runtime.callsite.AbstractCallSite.call;org.codehaus.groovy.runtime.callsite.AbstractCallSite.call;org.codehaus.groovy.runtime.callsite.CallSiteArray.defaultCall;io.restassured.filter.FilterContext$next.call;io.restassured.internal.filter.FilterContextImpl.next;org.codehaus.groovy.runtime.callsite.AbstractCallSite.call;org.codehaus.groovy.runtime.callsite.AbstractCallSite.call;org.codehaus.groovy.runtime.callsite.CallSiteArray.defaultCall;io.restassured.filter.Filter$filter.call;io.restassured.internal.filter.CsrfFilter.filter;org.codehaus.groovy.runtime.callsite.AbstractCallSite.call;org.codehaus.groovy.runtime.callsite.AbstractCallSite.call;org.codehaus.groovy.runtime.callsite.CallSiteArray.defaultCall;io.restassured.filter.FilterContext$next.call;io.restassured.internal.filter.FilterContextImpl.next;io.restassured.filter.Filter$filter.call;org.codehaus.groovy.runtime.callsite.CallSiteArray.defaultCall;io.restassured.filter.Filter$filter$0.call;io.restassured.filter.time.TimingFilter.filter;io.restassured.internal.filter.FilterContextImpl.next;io.restassured.filter.Filter$filter$0.call;org.codehaus.groovy.runtime.callsite.CallSiteArray.defaultCall;io.restassured.filter.Filter$filter.call;io.restassured.internal.filter.SendRequestFilter.filter;org.codehaus.groovy.runtime.callsite.AbstractCallSite.call;org.codehaus.groovy.runtime.callsite.AbstractCallSite.call;org.codehaus.groovy.runtime.callsite.CallSiteArray.defaultCall;org.codehaus.groovy.runtime.callsite.PogoInterceptableSite.call;io.restassured.internal.RequestSpecificationImpl.invokeMethod;groovy.lang.MetaClassImpl.invokeMethod;groovy.lang.MetaClassImpl.invokeMethod;groovy.lang.MetaClassImpl.invokeMethod;groovy.lang.MetaClassImpl.doInvokeMethod;groovy.lang.MetaMethod.doMethodInvoke;org.codehaus.groovy.reflection.CachedMethod.invoke;java.lang.reflect.Method.invoke;jdk.internal.reflect.DirectMethodHandleAccessor.invoke;jdk.internal.reflect.DirectMethodHandleAccessor.invokeImpl;java.lang.invoke.Invokers$Holder.invokeExact_MT;java.lang.invoke.LambdaForm$MH/0x000001f9e6211000.invoke;java.lang.invoke.LambdaForm$DMH/0x000001f9e6210000.invokeVirtual;io.restassured.internal.RequestSpecificationImpl.this$2$sendRequest;io.restassured.internal.RequestSpecificationImpl.sendRequest;org.codehaus.groovy.runtime.callsite.AbstractCallSite.callCurrent;org.codehaus.groovy.runtime.callsite.AbstractCallSite.callCurrent;org.codehaus.groovy.runtime.callsite.CallSiteArray.defaultCallCurrent;org.codehaus.groovy.runtime.callsite.PogoInterceptableSite.callCurrent;org.codehaus.groovy.runtime.callsite.PogoInterceptableSite.call;io.restassured.internal.RequestSpecificationImpl.invokeMethod;groovy.lang.MetaClassImpl.invokeMethod;groovy.lang.MetaClassImpl.invokeMethod;groovy.lang.MetaClassImpl.invokeMethod;groovy.lang.MetaClassImpl.doInvokeMethod;groovy.lang.MetaMethod.doMethodInvoke;org.codehaus.groovy.reflection.CachedMethod.invoke;java.lang.reflect.Method.invoke;jdk.internal.reflect.DirectMethodHandleAccessor.invoke;jdk.internal.reflect.DirectMethodHandleAccessor.invokeImpl;java.lang.invoke.Invokers$Holder.invokeExact_MT;java.lang.invoke.LambdaForm$MH/0x000001f9e618e400.invoke;java.lang.invoke.LambdaForm$DMH/0x000001f9e602c000.invokeVirtual;io.restassured.internal.RequestSpecificationImpl.this$2$applyProxySettings;io.restassured.internal.RequestSpecificationImpl.applyProxySettings;org.codehaus.groovy.runtime.callsite.AbstractCallSite.callGetProperty;org.codehaus.groovy.runtime.callsite.GetEffectivePojoPropertySite.getProperty;org.codehaus.groovy.runtime.metaclass.MethodMetaProperty$GetBeanMethodMetaProperty.getProperty;groovy.lang.MetaMethod.doMethodInvoke;org.codehaus.groovy.reflection.CachedMethod.invoke;java.lang.reflect.Method.invoke;jdk.internal.reflect.DirectMethodHandleAccessor.invoke;jdk.internal.reflect.DirectMethodHandleAccessor.invokeImpl;java.lang.invoke.Invokers$Holder.invokeExact_MT;java.lang.invoke.LambdaForm$MH/0x000001f9e6020000.invoke;java.lang.invoke.LambdaForm$DMH/0x000001f9e6034000.invokeInterface;org.apache.http.impl.client.AbstractHttpClient.getConnectionManager;org.apache.http.impl.client.AbstractHttpClient.createClientConnectionManager;org.apache.http.impl.conn.SchemeRegistryFactory.createDefault;org.apache.http.conn.ssl.SSLSocketFactory.getSocketFactory;org.apache.http.conn.ssl.SSLContexts.createDefault;javax.net.ssl.SSLContext.getInstance;sun.security.jca.GetInstance.getInstance;sun.security.jca.GetInstance.getInstance;java.security.Provider$Service.newInstance;java.security.Provider$Service.newInstanceUtil;java.security.Provider$Service.newInstanceOf;java.security.Provider$Service.getDefaultConstructor;java.security.Provider$Service.getImplClass;java.lang.Class.forName;java.lang.Class.forName;java.lang.Class.forName0;sun.security.ssl.SSLContextImpl$AbstractTLSContext.<clinit>;sun.security.ssl.SSLContextImpl.getApplicableSupportedCipherSuites;sun.security.ssl.CipherSuite.<clinit>;sun.security.ssl.CipherSuite$KeyExchange.<clinit>;sun.security.ssl.NamedGroup$NamedGroupSpec.<clinit>,0.0000
org.apache.maven.surefire.booter.ForkedBooter.main;org.apache.maven.surefire.booter.ForkedBooter.run;org.apache.maven.surefire.booter.ForkedBooter.execute;org.apache.maven.surefire.booter.ForkedBooter.runSuitesInProcess;org.apache.maven.surefire.junitplatform.JUnitPlatformProvider.invoke;org.apache.maven.surefire.junitplatform.JUnitPlatformProvider.invokeAllTests;org.apache.maven.surefire.junitplatform.JUnitPlatformProvider.execute;org.apache.maven.surefire.junitplatform.LazyLauncher.execute;org.junit.platform.launcher.core.DelegatingLauncher.execute;org.junit.platform.launcher.core.DefaultLauncher.execute;org.junit.platform.launcher.core.DefaultLauncher.execute;org.junit.platform.launcher.core.EngineExecutionOrchestrator.execute;org.junit.platform.launcher.core.EngineExecutionOrchestrator.withInterceptedStreams;org.junit.platform.launcher.core.EngineExecutionOrchestrator$$Lambda/0x000001f9e60a6e28.accept;org.junit.platform.launcher.core.EngineExecutionOrchestrator.lambda$execute$0;org.junit.platform.launcher.core.EngineExecutionOrchestrator.execute;org.junit.platform.launcher.core.EngineExecutionOrchestrator.execute;org.junit.platform.launcher.core.EngineExecutionOrchestrator.execute;org.junit.platform.engine.support.hierarchical.HierarchicalTestEngine.execute;org.junit.platform.engine.support.hierarchical.HierarchicalTestExecutor.execute;org.junit.platform.engine.support.hierarchical.SameThreadHierarchicalTestExecutorService.submit;org.junit.platform.engine.support.hierarchical.NodeTestTask.execute;org.junit.platform.engine.support.hierarchical.NodeTestTask.executeRecursively;org.junit.platform.engine.support.hierarchical.ThrowableCollector.execute;org.junit.platform.engine.support.hierarchical.NodeTestTask$$Lambda/0x000001f9e60b6e68.execute;org.junit.platform.engine.support.hierarchical.NodeTestTask.lambda$executeRecursively$9;org.junit.platform.engine.support.hierarchical.Node.around;org.junit.platform.engine.support.hierarchical.NodeTestTask$$Lambda/0x000001f9e60b7290.invoke;org.junit.platform.engine.support.hierarchical.NodeTestTask.lambda$executeRecursively$8;org.junit.platform.engine.support.hierarchical.ThrowableCollector.execute;org.junit.platform.engine.support.hierarchical.NodeTestTask$$Lambda/0x000001f9e60b74b8.execute;org.junit.platform.engine.support.hierarchical.NodeTestTask.lambda$executeRecursively$6;org.junit.platform.engine.support.hierarchical.SameThreadHierarchicalTestExecutorService.invokeAll;java.util.ArrayList.forEach;org.junit.platform.engine.support.hierarchical.SameThreadHierarchicalTestExecutorService$$Lambda/0x000001f9e60bc000.accept;org.junit.platform.engine.support.hierarchical.NodeTestTask.execute;org.junit.platform.engine.support.hierarchical.NodeTestTask.executeRecursively;org.junit.platform.engine.support.hierarchical.ThrowableCollector.execute;org.junit.platform.engine.support.hierarchical.NodeTestTask$$Lambda/0x000001f9e60b6e68.execute;org.junit.platform.engine.support.hierarchical.NodeTestTask.lambda$executeRecursively$9;org.junit.platform.engine.support.hierarchical.Node.around;org.junit.platform.engine.support.hierarchical.NodeTestTask$$Lambda/0x000001f9e60b7290.invoke;org.junit.platform.engine.support.hierarchical.NodeTestTask.lambda$executeRecursively$8;org.junit.platform.engine.support.hierarchical.ThrowableCollector.execute;org.junit.platform.engine.support.hierarchical.NodeTestTask$$Lambda/0x000001f9e60b74b8.execute;org.junit.platform.engine.support.hierarchical.NodeTestTask.lambda$executeRecursively$6;org.junit.platform.engine.support.hierarchical.SameThreadHierarchicalTestExecutorService.invokeAll;java.util.ArrayList.forEach;org.junit.platform.engine.support.hierarchical.SameThreadHierarchicalTestExecutorService$$Lambda/0x000001f9e60bc000.accept;org.junit.platform.engine.support.hierarchical.NodeTestTask.execute;org.junit.platform.engine.support.hierarchical.NodeTestTask.executeRecursively;org.junit.platform.engine.support.hierarchical.ThrowableCollector.execute;org.junit.platform.engine.support.hierarchical.NodeTestTask$$Lambda/0x000001f9e60b6e68.execute;org.junit.platform.engine.support.hierarchical.NodeTestTask.lambda$executeRecursively$9;org.junit.platform.engine.support.hierarchical.Node.around;org.junit.platform.engine.support.hierarchical.NodeTestTask$$Lambda/0x000001f9e60b7290.invoke;org.junit.platform.engine.support.hierarchical.NodeTestTask.lambda$executeRecursively$8;org.junit.platform.engine.support.hierarchical.ThrowableCollector.execute;org.junit.platform.engine.support.hierarchical.NodeTestTask$$Lambda/0x000001f9e60b74b8.execute;org.junit.platform.engine.support.hierarchical.NodeTestTask.lambda$executeRecursively$6;org.junit.jupiter.engine.descriptor.TestMethodTestDescriptor.execute;org.junit.jupiter.engine.descriptor.TestMethodTestDescriptor.execute;org.junit.jupiter.engine.descriptor.TestMethodTestDescriptor.invokeTestMethod;org.junit.platform.engine.support.hierarchical.ThrowableCollector.execute;org.junit.jupiter.engine.descriptor.TestMethodTestDescriptor$$Lambda/0x000001f9e6176848.execute;org.junit.jupiter.engine.descriptor.TestMethodTestDescriptor.lambda$invokeTestMethod$7;org.junit.jupiter.engine.execution.InterceptingExecutableInvoker.invoke;org.junit.jupiter.engine.execution.InterceptingExecutableInvoker.invoke;org.junit.jupiter.engine.execution.InvocationInterceptorChain.invoke;org.junit.jupiter.engine.execution.InvocationInterceptorChain.chainAndInvoke;org.junit.jupiter.engine.execution.InvocationInterceptorChain.proceed;org.junit.jupiter.engine.execution.InvocationInterceptorChain$InterceptedInvocation.proceed;org.junit.jupiter.engine.execution.InterceptingExecutableInvoker$$Lambda/0x000001f9e6104a00.apply;org.junit.jupiter.engine.execution.InterceptingExecutableInvoker.lambda$invoke$0;org.junit.jupiter.engine.execution.InterceptingExecutableInvoker$ReflectiveInterceptorCall$$Lambda/0x000001f9e60930f0.apply;org.junit.jupiter.engine.execution.InterceptingExecutableInvoker$ReflectiveInterceptorCall.lambda$ofVoidMethod$0;org.junit.jupiter.engine.descriptor.TestMethodTestDescriptor$$Lambda/0x000001f9e6092cd0.apply;org.junit.jupiter.engine.extension.TimeoutExtension.interceptTestMethod;org.junit.jupiter.engine.extension.TimeoutExtension.interceptTestableMethod;org.junit.jupiter.engine.extension.TimeoutExtension.intercept;org.junit.jupiter.engine.execution.InvocationInterceptorChain$ValidatingInvocation.proceed;org.junit.jupiter.engine.execution.MethodInvocation.proceed;org.junit.platform.commons.util.ReflectionUtils.invokeMethod;java.lang.reflect.Method.invoke;jdk.internal.reflect.DirectMethodHandleAccessor.invoke;jdk.internal.reflect.DirectMethodHandleAccessor.invokeImpl;java.lang.invoke.Invokers$Holder.invokeExact_MT;java.lang.invoke.LambdaForm$MH/0x000001f9e6171000.invoke;java.lang.invoke.LambdaForm$DMH/0x000001f9e6170800.invokeVirtual;com.collaboration.petclinic.api.tests.PetAPITests.testAddPetSuccessfully;io.restassured.internal.RequestSpecificationImpl.post;io.restassured.internal.RequestSpecificationImpl.post;org.codehaus.groovy.runtime.callsite.AbstractCallSite.callCurrent;org.codehaus.groovy.runtime.callsite.AbstractCallSite.callCurrent;org.codehaus.groovy.runtime.callsite.CallSiteArray.defaultCallCurrent;org.codehaus.groovy.runtime.callsite.PogoInterceptableSite.callCurrent;org.codehaus.groovy.runtime.callsite.PogoInterceptableSite.call;io.restassured.internal.RequestSpecificationImpl.invokeMethod;groovy.lang.MetaClassImpl.invokeMethod;groovy.lang.MetaClassImpl.invokeMethod;groovy.lang.MetaClassImpl.invokeMethod;groovy.lang.MetaClassImpl.doInvokeMethod;groovy.lang.MetaMethod.doMethodInvoke;org.codehaus.groovy.reflection.CachedMethod.invoke;java.lang.reflect.Method.invoke;jdk.internal.reflect.DirectMethodHandleAccessor.invoke;jdk.internal.reflect.DirectMethodHandleAccessor.invokeImpl;java.lang.invoke.Invokers$Holder.invokeExact_MT;java.lang.invoke.LambdaForm$MH/0x000001f9e61a3400.invoke;java.lang.invoke.LambdaForm$DMH/0x000001f9e61a2400.invokeVirtual;io.restassured.internal.RequestSpecificationImpl.this$2$applyPathParamsAndSendRequest;io.restassured.internal.RequestSpecificationImpl.applyPathParamsAndSendRequest;org.codehaus.groovy.runtime.callsite.AbstractCallSite.callCurrent;org.codehaus.groovy.runtime.callsite.AbstractCallSite.callCurrent;org.codehaus.groovy.runtime.callsite.CallSiteArray.defaultCallCurrent;org.codehaus.groovy.runtime.callsite.PogoInterceptableSite.callCurrent;org.codehaus.groovy.runtime.callsite.PogoInterceptableSite.call;io.restassured.internal.RequestSpecificationImpl.invokeMethod;groovy.lang.MetaClassImpl.invokeMethod;groovy.lang.MetaClassImpl.invokeMethod;groovy.lang.MetaClassImpl.invokeMethod;groovy.lang.MetaClassImpl.doInvokeMethod;groovy.lang.MetaMethod.doMethodInvoke;org.codehaus.groovy.reflection.CachedMethod.invoke;java.lang.reflect.Method.invoke;jdk.internal.reflect.DirectMethodHandleAccessor.invoke;jdk.internal.reflect.DirectMethodHandleAccessor.invokeImpl;java.lang.invoke.Invokers$Holder.invokeExact_MT;java.lang.invoke.LambdaForm$MH/0x000001f9e61a4400.invoke;java.lang.invoke.LambdaForm$DMH/0x000001f9e61a2400.invokeVirtual;io.restassured.internal.RequestSpecificationImpl.this$2$applyPathParamsAndSendRequest;io.restassured.internal.RequestSpecificationImpl.applyPathParamsAndSendRequest;org.codehaus.groovy.runtime.callsite.AbstractCallSite.call;org.codehaus.groovy.runtime.callsite.AbstractCallSite.call;org.codehaus.groovy.runtime.callsite.CallSiteArray.defaultCall;io.restassured.filter.FilterContext$next.call;io.restassured.internal.filter.FilterContextImpl.next;org.codehaus.groovy.runtime.callsite.AbstractCallSite.call;org.codehaus.groovy.runtime.callsite.AbstractCallSite.call;org.codehaus.groovy.runtime.callsite.CallSiteArray.defaultCall;io.restassured.filter.Filter$filter.call;io.restassured.internal.filter.CsrfFilter.filter;org.codehaus.groovy.runtime.callsite.AbstractCallSite.call;org.codehaus.groovy.runtime.callsite.AbstractCallSite.call;org.codehaus.groovy.runtime.callsite.CallSiteArray.defaultCall;io.restassured.filter.FilterContext$next.call;io.restassured.internal.filter.FilterContextImpl.next;io.restassured.filter.Filter$filter.call;org.codehaus.groovy.runtime.callsite.CallSiteArray.defaultCall;io.restassured.filter.Filter$filter$0.call;io.restassured.filter.time.TimingFilter.filter;io.restassured.internal.filter.FilterContextImpl.next;io.restassured.filter.Filter$filter$0.call;org.codehaus.groovy.runtime.callsite.CallSiteArray.defaultCall;io.restassured.filter.Filter$filter.call;io.restassured.internal.filter.SendRequestFilter.filter;org.codehaus.groovy.runtime.callsite.AbstractCallSite.call;org.codehaus.groovy.runtime.callsite.AbstractCallSite.call;org.codehaus.groovy.runtime.callsite.CallSiteArray.defaultCall;org.codehaus.groovy.runtime.callsite.PogoInterceptableSite.call;io.restassured.internal.RequestSpecificationImpl.invokeMethod;groovy.lang.MetaClassImpl.invokeMethod;groovy.lang.MetaClassImpl.invokeMethod;groovy.lang.MetaClassImpl.invokeMethod;groovy.lang.MetaClassImpl.doInvokeMethod;groovy.lang.MetaMethod.doMethodInvoke;org.codehaus.groovy.reflection.CachedMethod.invoke;java.lang.reflect.Method.invoke;jdk.internal.reflect.DirectMethodHandleAccessor.invoke;jdk.internal.reflect.DirectMethodHandleAccessor.invokeImpl;java.lang.invoke.Invokers$Holder.invokeExact_MT;java.lang.invoke.LambdaForm$MH/0x000001f9e6211000.invoke;java.lang.invoke.LambdaForm$DMH/0x000001f9e6210000.invokeVirtual;io.restassured.internal.RequestSpecificationImpl.this$2$sendRequest;io.restassured.internal.RequestSpecificationImpl.sendRequest;org.codehaus.groovy.runtime.callsite.AbstractCallSite.callCurrent;org.codehaus.groovy.runtime.callsite.AbstractCallSite.callCurrent;org.codehaus.groovy.runtime.callsite.CallSiteArray.defaultCallCurrent;org.codehaus.groovy.runtime.callsite.PogoInterceptableSite.callCurrent;org.codehaus.groovy.runtime.callsite.PogoInterceptableSite.call;io.restassured.internal.RequestSpecificationImpl.invokeMethod;groovy.lang.MetaClassImpl.invokeMethod;groovy.lang.MetaClassImpl.invokeMethod;groovy.lang.MetaClassImpl.invokeMethod;groovy.lang.MetaClassImpl.doInvokeMethod;groovy.lang.MetaMethod.doMethodInvoke;org.codehaus.groovy.reflection.CachedMethod.invoke;java.lang.reflect.Method.invoke;jdk.internal.reflect.DirectMethodHandleAccessor.invoke;jdk.internal.reflect.DirectMethodHandleAccessor.invokeImpl;java.lang.invoke.Invokers$Holder.invokeExact_MT;java.lang.invoke.LambdaForm$MH/0x000001f9e618e400.invoke;java.lang.invoke.LambdaForm$DMH/0x000001f9e602c000.invokeVirtual;io.restassured.internal.RequestSpecificationImpl.this$2$applyProxySettings;io.restassured.internal.RequestSpecificationImpl.applyProxySettings;org.codehaus.groovy.runtime.callsite.AbstractCallSite.callGetProperty;org.codehaus.groovy.runtime.callsite.GetEffectivePojoPropertySite.getProperty;org.codehaus.groovy.runtime.metaclass.MethodMetaProperty$GetBeanMethodMetaProperty.getProperty;groovy.lang.MetaMethod.doMethodInvoke;org.codehaus.groovy.reflection.CachedMethod.invoke;java.lang.reflect.Method.invoke;jdk.internal.reflect.DirectMethodHandleAccessor.invoke;jdk.internal.reflect.DirectMethodHandleAccessor.invokeImpl;java.lang.invoke.Invokers$Holder.invokeExact_MT;java.lang.invoke.LambdaForm$MH/0x000001f9e6020000.invoke;java.lang.invoke.LambdaForm$DMH/0x000001f9e6034000.invokeInterface;org.apache.http.impl.client.AbstractHttpClient.getConnectionManager;org.apache.http.impl.client.AbstractHttpClient.createClientConnectionManager;org.apache.http.impl.conn.SchemeRegistryFactory.createDefault;org.apache.http.conn.ssl.SSLSocketFactory.getSocketFactory;org.apache.http.conn.ssl.SSLContexts.createDefault;javax.net.ssl.SSLContext.getInstance;sun.security.jca.GetInstance.getInstance;sun.security.jca.GetInstance.getInstance;java.security.Provider$Service.newInstance;java.security.Provider$Service.newInstanceUtil;java.security.Provider$Service.newInstanceOf;java.security.Provider$Service.getDefaultConstructor;java.security.Provider$Service.getImplClass;java.lang.Class.forName;java.lang.Class.forName;java.lang.Class.forName0;sun.security.ssl.SSLContextImpl$AbstractTLSContext.<clinit>;sun.security.ssl.SSLContextImpl.getApplicableSupportedCipherSuites,0.0000
org.apache.maven.surefire.booter.ForkedBooter.main;org.apache.maven.surefire.booter.ForkedBooter.run;org.apache.maven.surefire.booter.ForkedBooter.execute;org.apache.maven.surefire.booter.ForkedBooter.runSuitesInProcess;org.apache.maven.surefire.junitplatform.JUnitPlatformProvider.invoke;org.apache.maven.surefire.junitplatform.JUnitPlatformProvider.scanClasspath;org.apache.maven.surefire.api.util.DefaultScanResult.applyFilter;org.apache.maven.surefire.junitplatform.TestPlanScannerFilter.accept;org.apache.maven.surefire.junitplatform.LazyLauncher.discover;org.junit.platform.launcher.core.DelegatingLauncher.discover;org.junit.platform.launcher.core.DefaultLauncher.discover;org.junit.platform.launcher.core.DefaultLauncher.discover;org.junit.platform.launcher.core.EngineDiscoveryOrchestrator.discover;org.junit.platform.launcher.core.EngineDiscoveryOrchestrator.discover;org.junit.platform.launcher.core.EngineDiscoveryOrchestrator.discoverSafely;org.junit.platform.launcher.core.EngineDiscoveryOrchestrator.discoverEngineRoot;org.junit.jupiter.engine.JupiterTestEngine.discover;org.junit.jupiter.engine.discovery.DiscoverySelectorResolver.resolveSelectors;org.junit.platform.engine.support.discovery.EngineDiscoveryRequestResolver.resolve;org.junit.platform.engine.support.discovery.EngineDiscoveryRequestResolution.run;org.junit.platform.engine.support.discovery.EngineDiscoveryRequestResolution.resolveCompletely;org.junit.platform.engine.support.discovery.EngineDiscoveryRequestResolution.resolve;org.junit.platform.engine.support.discovery.EngineDiscoveryRequestResolution.resolve;java.util.stream.ReferencePipeline.findFirst;java.util.stream.AbstractPipeline.evaluate;java.util.stream.FindOps$FindOp.evaluateSequential;java.util.stream.AbstractPipeline.wrapAndCopyInto;java.util.stream.AbstractPipeline.copyInto;java.util.stream.AbstractPipeline.copyIntoWithCancel;java.util.stream.ReferencePipeline.forEachWithCancel;java.util.ArrayList$ArrayListSpliterator.tryAdvance;java.util.stream.ReferencePipeline$3$1.accept;org.junit.platform.engine.support.discovery.EngineDiscoveryRequestResolution$$Lambda/0x000001f9e6080000.apply;org.junit.platform.engine.support.discovery.EngineDiscoveryRequestResolution.lambda$resolve$2;org.junit.jupiter.engine.discovery.ClassSelectorResolver.resolve;org.junit.jupiter.engine.discovery.predicates.IsTestClassWithTests.test;org.junit.jupiter.engine.discovery.predicates.IsTestClassWithTests.hasTestOrTestFactoryOrTestTemplateMethods;org.junit.platform.commons.util.ReflectionUtils.isMethodPresent;org.junit.platform.commons.util.ReflectionUtils.findMethod;java.util.function.Predicate$$Lambda/0x000001f9e6075880.test;java.util.function.Predicate.lambda$or$2;java.util.function.Predicate$$Lambda/0x000001f9e6075880.test;java.util.function.Predicate.lambda$or$2;org.junit.jupiter.engine.discovery.predicates.IsTestableMethod.test;org.junit.jupiter.engine.discovery.predicates.IsTestMethod.test;org.junit.jupiter.engine.discovery.predicates.IsTestableMethod.test;org.junit.platform.commons.util.AnnotationUtils.isAnnotated;org.junit.platform.commons.util.AnnotationUtils.findAnnotation;java.lang.Class.isAnnotationPresent;java.lang.reflect.AnnotatedElement.isAnnotationPresent;java.lang.Class.getAnnotation;java.lang.Class.annotationData;java.lang.Class.createAnnotationData;sun.reflect.annotation.AnnotationParser.parseAnnotations;sun.reflect.annotation.AnnotationParser.parseAnnotations2;sun.reflect.annotation.AnnotationParser.parseAnnotation2;sun.reflect.annotation.AnnotationType.getInstance;sun.reflect.annotation.AnnotationType.<init>;sun.reflect.annotation.AnnotationParser.parseSelectAnnotations;sun.reflect.annotation.AnnotationParser.parseAnnotations2;sun.reflect.annotation.AnnotationParser.parseAnnotation2;sun.reflect.annotation.AnnotationParser.annotationForMap;java.security.AccessController.doPrivileged;java.security.AccessController.executePrivileged;sun.reflect.annotation.AnnotationParser$1.run;sun.reflect.annotation.AnnotationParser$1.run;java.lang.reflect.Proxy.newProxyInstance;java.lang.reflect.Proxy.getProxyConstructor;jdk.internal.loader.AbstractClassLoaderValue.computeIfAbsent;jdk.internal.loader.AbstractClassLoaderValue$Memoizer.get;java.lang.reflect.Proxy$$Lambda/0x000001f9e607f4d0.apply;java.lang.reflect.Proxy.lambda$getProxyConstructor$0;java.lang.reflect.Proxy$ProxyBuilder.build;java.lang.reflect.Proxy$ProxyBuilder.defineProxyClass;java.lang.reflect.ProxyGenerator.<clinit>;java.lang.classfile.ClassFile.of;jdk.internal.classfile.impl.ClassFileImpl.withOptions;jdk.internal.classfile.impl.ClassFileImpl.withOptions;java.lang.invoke.MethodHandleNatives.linkCallSite;java.lang.invoke.MethodHandleNatives.linkCallSiteImpl;java.lang.invoke.CallSite.makeSite;java.lang.invoke.BootstrapMethodInvoker.invoke;java.lang.invoke.Invokers$Holder.invokeExact_MT;java.lang.invoke.DelegatingMethodHandle$Holder.delegate;java.lang.invoke.DirectMethodHandle$Holder.invokeStaticInit;java.lang.runtime.SwitchBootstraps.typeSwitch;java.lang.runtime.SwitchBootstraps.generateTypeSwitch;java.lang.runtime.SwitchBootstraps.typeSwitchClassName;java.lang.StringBuilder.append;java.lang.AbstractStringBuilder.append;java.lang.AbstractStringBuilder.ensureCapacityInternal,0.0000
org.apache.maven.surefire.booter.ForkedBooter.main;org.apache.maven.surefire.booter.ForkedBooter.run;org.apache.maven.surefire.booter.ForkedBooter.execute;org.apache.maven.surefire.booter.ForkedBooter.runSuitesInProcess;org.apache.maven.surefire.junitplatform.JUnitPlatformProvider.invoke;org.apache.maven.surefire.junitplatform.JUnitPlatformProvider.invokeAllTests;org.apache.maven.surefire.junitplatform.JUnitPlatformProvider.execute;org.apache.maven.surefire.junitplatform.LazyLauncher.execute;org.junit.platform.launcher.core.DelegatingLauncher.execute;org.junit.platform.launcher.core.DefaultLauncher.execute;org.junit.platform.launcher.core.DefaultLauncher.execute;org.junit.platform.launcher.core.EngineExecutionOrchestrator.execute;org.junit.platform.launcher.core.EngineExecutionOrchestrator.withInterceptedStreams;org.junit.platform.launcher.core.EngineExecutionOrchestrator$$Lambda/0x000001f9e60a6e28.accept;org.junit.platform.launcher.core.EngineExecutionOrchestrator.lambda$execute$0;org.junit.platform.launcher.core.EngineExecutionOrchestrator.execute;org.junit.platform.launcher.core.EngineExecutionOrchestrator.execute;org.junit.platform.launcher.core.EngineExecutionOrchestrator.execute;org.junit.platform.engine.support.hierarchical.HierarchicalTestEngine.execute;org.junit.platform.engine.support.hierarchical.HierarchicalTestExecutor.execute;org.junit.platform.engine.support.hierarchical.SameThreadHierarchicalTestExecutorService.submit;org.junit.platform.engine.support.hierarchical.NodeTestTask.execute;org.junit.platform.engine.support.hierarchical.NodeTestTask.executeRecursively;org.junit.platform.engine.support.hierarchical.ThrowableCollector.execute;org.junit.platform.engine.support.hierarchical.NodeTestTask$$Lambda/0x000001f9e60b6e68.execute;org.junit.platform.engine.support.hierarchical.NodeTestTask.lambda$executeRecursively$9;org.junit.platform.engine.support.hierarchical.Node.around;org.junit.platform.engine.support.hierarchical.NodeTestTask$$Lambda/0x000001f9e60b7290.invoke;org.junit.platform.engine.support.hierarchical.NodeTestTask.lambda$executeRecursively$8;org.junit.platform.engine.support.hierarchical.ThrowableCollector.execute;org.junit.platform.engine.support.hierarchical.NodeTestTask$$Lambda/0x000001f9e60b74b8.execute;org.junit.platform.engine.support.hierarchical.NodeTestTask.lambda$executeRecursively$6;org.junit.platform.engine.support.hierarchical.SameThreadHierarchicalTestExecutorService.invokeAll;java.util.ArrayList.forEach;org.junit.platform.engine.support.hierarchical.SameThreadHierarchicalTestExecutorService$$Lambda/0x000001f9e60bc000.accept;org.junit.platform.engine.support.hierarchical.NodeTestTask.execute;org.junit.platform.engine.support.hierarchical.NodeTestTask.executeRecursively;org.junit.platform.engine.support.hierarchical.ThrowableCollector.execute;org.junit.platform.engine.support.hierarchical.NodeTestTask$$Lambda/0x000001f9e60b6e68.execute;org.junit.platform.engine.support.hierarchical.NodeTestTask.lambda$executeRecursively$9;org.junit.platform.engine.support.hierarchical.Node.around;org.junit.platform.engine.support.hierarchical.NodeTestTask$$Lambda/0x000001f9e60b7290.invoke;org.junit.platform.engine.support.hierarchical.NodeTestTask.lambda$executeRecursively$8;org.junit.platform.engine.support.hierarchical.ThrowableCollector.execute;org.junit.platform.engine.support.hierarchical.NodeTestTask$$Lambda/0x000001f9e60b74b8.execute;org.junit.platform.engine.support.hierarchical.NodeTestTask.lambda$executeRecursively$6;org.junit.jupiter.engine.descriptor.ClassBasedTestDescriptor.before;org.junit.jupiter.engine.descriptor.ClassBasedTestDescriptor.before;org.junit.jupiter.engine.descriptor.ClassBasedTestDescriptor.invokeBeforeAllMethods;org.junit.platform.engine.support.hierarchical.ThrowableCollector.execute;org.junit.jupiter.engine.descriptor.ClassBasedTestDescriptor$$Lambda/0x000001f9e6105478.execute;org.junit.jupiter.engine.descriptor.ClassBasedTestDescriptor.lambda$invokeBeforeAllMethods$13;org.junit.jupiter.engine.execution.InterceptingExecutableInvoker.invoke;org.junit.jupiter.engine.execution.InterceptingExecutableInvoker.invoke;org.junit.jupiter.engine.execution.InvocationInterceptorChain.invoke;org.junit.jupiter.engine.execution.InvocationInterceptorChain.chainAndInvoke;org.junit.jupiter.engine.execution.InvocationInterceptorChain.proceed;org.junit.jupiter.engine.execution.InvocationInterceptorChain$InterceptedInvocation.proceed;org.junit.jupiter.engine.execution.InterceptingExecutableInvoker$$Lambda/0x000001f9e6104a00.apply;org.junit.jupiter.engine.execution.InterceptingExecutableInvoker.lambda$invoke$0;org.junit.jupiter.engine.execution.InterceptingExecutableInvoker$ReflectiveInterceptorCall$$Lambda/0x000001f9e60930f0.apply;org.junit.jupiter.engine.execution.InterceptingExecutableInvoker$ReflectiveInterceptorCall.lambda$ofVoidMethod$0;org.junit.jupiter.engine.descriptor.ClassBasedTestDescriptor$$Lambda/0x000001f9e61056a0.apply;org.junit.jupiter.engine.extension.TimeoutExtension.interceptBeforeAllMethod;org.junit.jupiter.engine.extension.TimeoutExtension.interceptLifecycleMethod;org.junit.jupiter.engine.extension.TimeoutExtension.intercept;org.junit.jupiter.engine.execution.InvocationInterceptorChain$ValidatingInvocation.proceed;org.junit.jupiter.engine.execution.MethodInvocation.proceed;org.junit.platform.commons.util.ReflectionUtils.invokeMethod;java.lang.reflect.Method.invoke;jdk.internal.reflect.DirectMethodHandleAccessor.invoke;jdk.internal.reflect.DirectMethodHandleAccessor.invokeImpl;java.lang.invoke.Invokers$Holder.invokeExact_MT;java.lang.invoke.LambdaForm$MH/0x000001f9e610c400.invoke;java.lang.invoke.DirectMethodHandle$Holder.invokeStatic;com.collaboration.petclinic.api.tests.PetAPITests.setup;io.restassured.RestAssured.<clinit>;io.restassured.config.RestAssuredConfig.<init>;io.restassured.config.SSLConfig.<init>;io.restassured.config.SSLConfig.<init>;io.restassured.internal.common.assertion.AssertParameter.notNull;org.codehaus.groovy.runtime.callsite.AbstractCallSite.call;org.codehaus.groovy.runtime.callsite.AbstractCallSite.call;org.codehaus.groovy.runtime.callsite.CallSiteArray.defaultCall;org.codehaus.groovy.runtime.callsite.CallSiteArray.createCallSite;org.codehaus.groovy.runtime.callsite.CallSiteArray.createCallStaticSite;groovy.lang.MetaClassImpl.createStaticSite;groovy.lang.MetaClassImpl.retrieveStaticMethod;groovy.lang.MetaClassImpl.pickStaticMethod;org.codehaus.groovy.runtime.metaclass.MetaClassRegistryImpl.getMetaClass;org.codehaus.groovy.reflection.ClassInfo.getMetaClass;org.codehaus.groovy.reflection.ClassInfo.getMetaClassUnderLock;groovy.lang.MetaClassImpl.initialize;groovy.lang.MetaClassImpl.reinitialize;groovy.lang.MetaClassImpl.addProperties;groovy.lang.MetaClassImpl.doPrivileged;java.security.AccessController.doPrivileged;java.security.AccessController.executePrivileged;groovy.lang.MetaClassImpl$$Lambda/0x000001f9e61424f0.run;groovy.lang.MetaClassImpl.lambda$addProperties$25;java.beans.Introspector.getBeanInfo;java.beans.Introspector.getBeanInfo;java.beans.Introspector.getTargetMethodInfo;java.beans.MethodDescriptor.<init>;java.beans.MethodDescriptor.<init>;java.beans.MethodDescriptor.setMethod;java.beans.MethodRef.set;java.lang.reflect.Method.toGenericString,0.0000
org.apache.maven.surefire.booter.ForkedBooter.main;org.apache.maven.surefire.booter.ForkedBooter.run;org.apache.maven.surefire.booter.ForkedBooter.execute;org.apache.maven.surefire.booter.ForkedBooter.runSuitesInProcess;org.apache.maven.surefire.junitplatform.JUnitPlatformProvider.invoke;org.apache.maven.surefire.junitplatform.JUnitPlatformProvider.invokeAllTests;org.apache.maven.surefire.junitplatform.JUnitPlatformProvider.execute;org.apache.maven.surefire.junitplatform.LazyLauncher.execute;org.junit.platform.launcher.core.DelegatingLauncher.execute;org.junit.platform.launcher.core.DefaultLauncher.execute;org.junit.platform.launcher.core.DefaultLauncher.execute;org.junit.platform.launcher.core.EngineExecutionOrchestrator.execute;org.junit.platform.launcher.core.EngineExecutionOrchestrator.withInterceptedStreams;org.junit.platform.launcher.core.EngineExecutionOrchestrator$$Lambda/0x000001f9e60a6e28.accept;org.junit.platform.launcher.core.EngineExecutionOrchestrator.lambda$execute$0;org.junit.platform.launcher.core.EngineExecutionOrchestrator.execute;org.junit.platform.launcher.core.EngineExecutionOrchestrator.execute;org.junit.platform.launcher.core.EngineExecutionOrchestrator.execute;org.junit.platform.engine.support.hierarchical.HierarchicalTestEngine.execute;org.junit.platform.engine.support.hierarchical.HierarchicalTestExecutor.execute;org.junit.platform.engine.support.hierarchical.SameThreadHierarchicalTestExecutorService.submit;org.junit.platform.engine.support.hierarchical.NodeTestTask.execute;org.junit.platform.engine.support.hierarchical.NodeTestTask.executeRecursively;org.junit.platform.engine.support.hierarchical.ThrowableCollector.execute;org.junit.platform.engine.support.hierarchical.NodeTestTask$$Lambda/0x000001f9e60b6e68.execute;org.junit.platform.engine.support.hierarchical.NodeTestTask.lambda$executeRecursively$9;org.junit.platform.engine.support.hierarchical.Node.around;org.junit.platform.engine.support.hierarchical.NodeTestTask$$Lambda/0x000001f9e60b7290.invoke;org.junit.platform.engine.support.hierarchical.NodeTestTask.lambda$executeRecursively$8;org.junit.platform.engine.support.hierarchical.ThrowableCollector.execute;org.junit.platform.engine.support.hierarchical.NodeTestTask$$Lambda/0x000001f9e60b74b8.execute;org.junit.platform.engine.support.hierarchical.NodeTestTask.lambda$executeRecursively$6;org.junit.platform.engine.support.hierarchical.SameThreadHierarchicalTestExecutorService.invokeAll;java.util.ArrayList.forEach;org.junit.platform.engine.support.hierarchical.SameThreadHierarchicalTestExecutorService$$Lambda/0x000001f9e60bc000.accept;org.junit.platform.engine.support.hierarchical.NodeTestTask.execute;org.junit.platform.engine.support.hierarchical.NodeTestTask.executeRecursively;org.junit.platform.engine.support.hierarchical.ThrowableCollector.execute;org.junit.platform.engine.support.hierarchical.NodeTestTask$$Lambda/0x000001f9e60b6e68.execute;org.junit.platform.engine.support.hierarchical.NodeTestTask.lambda$executeRecursively$9;org.junit.platform.engine.support.hierarchical.Node.around;org.junit.platform.engine.support.hierarchical.NodeTestTask$$Lambda/0x000001f9e60b7290.invoke;org.junit.platform.engine.support.hierarchical.NodeTestTask.lambda$executeRecursively$8;org.junit.platform.engine.support.hierarchical.ThrowableCollector.execute;org.junit.platform.engine.support.hierarchical.NodeTestTask$$Lambda/0x000001f9e60b74b8.execute;org.junit.platform.engine.support.hierarchical.NodeTestTask.lambda$executeRecursively$6;org.junit.jupiter.engine.descriptor.ClassBasedTestDescriptor.before;org.junit.jupiter.engine.descriptor.ClassBasedTestDescriptor.before;org.junit.jupiter.engine.descriptor.ClassBasedTestDescriptor.invokeBeforeAllMethods;org.junit.platform.engine.support.hierarchical.ThrowableCollector.execute;org.junit.jupiter.engine.descriptor.ClassBasedTestDescriptor$$Lambda/0x000001f9e6105478.execute;org.junit.jupiter.engine.descriptor.ClassBasedTestDescriptor.lambda$invokeBeforeAllMethods$13;org.junit.jupiter.engine.execution.InterceptingExecutableInvoker.invoke;org.junit.jupiter.engine.execution.InterceptingExecutableInvoker.invoke;org.junit.jupiter.engine.execution.InvocationInterceptorChain.invoke;org.junit.jupiter.engine.execution.InvocationInterceptorChain.chainAndInvoke;org.junit.jupiter.engine.execution.InvocationInterceptorChain.proceed;org.junit.jupiter.engine.execution.InvocationInterceptorChain$InterceptedInvocation.proceed;org.junit.jupiter.engine.execution.InterceptingExecutableInvoker$$Lambda/0x000001f9e6104a00.apply;org.junit.jupiter.engine.execution.InterceptingExecutableInvoker.lambda$invoke$0;org.junit.jupiter.engine.execution.InterceptingExecutableInvoker$ReflectiveInterceptorCall$$Lambda/0x000001f9e60930f0.apply;org.junit.jupiter.engine.execution.InterceptingExecutableInvoker$ReflectiveInterceptorCall.lambda$ofVoidMethod$0;org.junit.jupiter.engine.descriptor.ClassBasedTestDescriptor$$Lambda/0x000001f9e61056a0.apply;org.junit.jupiter.engine.extension.TimeoutExtension.interceptBeforeAllMethod;org.junit.jupiter.engine.extension.TimeoutExtension.interceptLifecycleMethod;org.junit.jupiter.engine.extension.TimeoutExtension.intercept;org.junit.jupiter.engine.execution.InvocationInterceptorChain$ValidatingInvocation.proceed;org.junit.jupiter.engine.execution.MethodInvocation.proceed;org.junit.platform.commons.util.ReflectionUtils.invokeMethod;java.lang.reflect.Method.invoke;jdk.internal.reflect.DirectMethodHandleAccessor.invoke;jdk.internal.reflect.DirectMethodHandleAccessor.invokeImpl;java.lang.invoke.Invokers$Holder.invokeExact_MT;java.lang.invoke.LambdaForm$MH/0x000001f9e610c400.invoke;java.lang.invoke.DirectMethodHandle$Holder.invokeStatic;com.collaboration.petclinic.api.tests.PetAPITests.setup;io.restassured.RestAssured.<clinit>;io.restassured.authentication.NoAuthScheme.<init>;io.restassured.authentication.NoAuthScheme.$getStaticMetaClass;org.codehaus.groovy.reflection.ClassInfo.getMetaClass;org.codehaus.groovy.reflection.ClassInfo.getMetaClassForClass;org.codehaus.groovy.reflection.ClassInfo.isValidWeakMetaClass;groovy.lang.GroovySystem.<clinit>;org.codehaus.groovy.runtime.metaclass.MetaClassRegistryImpl.<init>;org.codehaus.groovy.runtime.metaclass.MetaClassRegistryImpl.<init>;org.codehaus.groovy.runtime.metaclass.MetaClassRegistryImpl.registerMethods;org.codehaus.groovy.reflection.ReflectionCache.getCachedClass;org.codehaus.groovy.reflection.ClassInfo.getCachedClass;org.codehaus.groovy.util.LazyReference.get;org.codehaus.groovy.util.LazyReference.getLocked;org.codehaus.groovy.reflection.ClassInfo$LazyCachedClassRef.initValue;org.codehaus.groovy.reflection.ClassInfo$LazyCachedClassRef.initValue;org.codehaus.groovy.reflection.ClassInfo.access$300;org.codehaus.groovy.reflection.ClassInfo.createCachedClass;org.codehaus.groovy.reflection.stdclasses.CachedClosureClass.<init>;org.codehaus.groovy.reflection.CachedClass.getMethods;org.codehaus.groovy.util.LazyReference.get;org.codehaus.groovy.util.LazyReference.getLocked;org.codehaus.groovy.reflection.CachedClass$3.initValue;org.codehaus.groovy.reflection.CachedClass$3.initValue;org.codehaus.groovy.reflection.CachedClass.access$000;org.codehaus.groovy.reflection.CachedClass.doPrivileged;java.security.AccessController.doPrivileged;java.security.AccessController.executePrivileged;org.codehaus.groovy.reflection.CachedClass$3$$Lambda/0x000001f9e611e5d8.run;org.codehaus.groovy.reflection.CachedClass$3.lambda$initValue$4;java.util.stream.ReferencePipeline.toArray;java.util.stream.AbstractPipeline.evaluateToArrayNode;java.util.stream.AbstractPipeline.evaluate;java.util.stream.AbstractPipeline.wrapAndCopyInto;java.util.stream.AbstractPipeline.copyInto;java.util.Spliterators$ArraySpliterator.forEachRemaining;java.util.stream.ReferencePipeline$2$1.accept;java.util.stream.ReferencePipeline$2$1.accept;org.codehaus.groovy.reflection.CachedClass$3$$Lambda/0x000001f9e6124a08.test;org.codehaus.groovy.reflection.CachedClass$3.lambda$initValue$1;org.codehaus.groovy.reflection.ReflectionUtils.<clinit>;org.codehaus.groovy.vmplugin.VMPluginFactory.<clinit>;org.codehaus.groovy.vmplugin.VMPluginFactory.createPlugin;org.codehaus.groovy.vmplugin.VMPluginFactory.doPrivileged;java.security.AccessController.doPrivileged;java.security.AccessController.executePrivileged;org.codehaus.groovy.vmplugin.VMPluginFactory$$Lambda/0x000001f9e61256d0.run;org.codehaus.groovy.vmplugin.VMPluginFactory.lambda$createPlugin$0;java.lang.ClassLoader.loadClass;jdk.internal.loader.ClassLoaders$AppClassLoader.loadClass;jdk.internal.loader.BuiltinClassLoader.loadClass;jdk.internal.loader.BuiltinClassLoader.loadClassOrNull;jdk.internal.loader.BuiltinClassLoader.findClassOnClassPathOrNull;jdk.internal.loader.BuiltinClassLoader.defineClass;java.security.SecureClassLoader.defineClass;java.lang.ClassLoader.defineClass;java.lang.ClassLoader.defineClass1,0.0000
org.apache.maven.surefire.booter.ForkedBooter.main;org.apache.maven.surefire.booter.ForkedBooter.run;org.apache.maven.surefire.booter.ForkedBooter.execute;org.apache.maven.surefire.booter.ForkedBooter.runSuitesInProcess;org.apache.maven.surefire.junitplatform.JUnitPlatformProvider.invoke;org.apache.maven.surefire.junitplatform.JUnitPlatformProvider.invokeAllTests;org.apache.maven.surefire.junitplatform.JUnitPlatformProvider.execute;org.apache.maven.surefire.junitplatform.LazyLauncher.execute;org.junit.platform.launcher.core.DelegatingLauncher.execute;org.junit.platform.launcher.core.DefaultLauncher.execute;org.junit.platform.launcher.core.DefaultLauncher.execute;org.junit.platform.launcher.core.EngineExecutionOrchestrator.execute;org.junit.platform.launcher.core.EngineExecutionOrchestrator.withInterceptedStreams;org.junit.platform.launcher.core.EngineExecutionOrchestrator$$Lambda/0x000001f9e60a6e28.accept;org.junit.platform.launcher.core.EngineExecutionOrchestrator.lambda$execute$0;org.junit.platform.launcher.core.EngineExecutionOrchestrator.execute;org.junit.platform.launcher.core.EngineExecutionOrchestrator.execute;org.junit.platform.launcher.core.EngineExecutionOrchestrator.execute;org.junit.platform.engine.support.hierarchical.HierarchicalTestEngine.execute;org.junit.platform.engine.support.hierarchical.HierarchicalTestExecutor.execute;org.junit.platform.engine.support.hierarchical.SameThreadHierarchicalTestExecutorService.submit;org.junit.platform.engine.support.hierarchical.NodeTestTask.execute;org.junit.platform.engine.support.hierarchical.NodeTestTask.executeRecursively;org.junit.platform.engine.support.hierarchical.ThrowableCollector.execute;org.junit.platform.engine.support.hierarchical.NodeTestTask$$Lambda/0x000001f9e60b6e68.execute;org.junit.platform.engine.support.hierarchical.NodeTestTask.lambda$executeRecursively$9;org.junit.platform.engine.support.hierarchical.Node.around;org.junit.platform.engine.support.hierarchical.NodeTestTask$$Lambda/0x000001f9e60b7290.invoke;org.junit.platform.engine.support.hierarchical.NodeTestTask.lambda$executeRecursively$8;org.junit.platform.engine.support.hierarchical.ThrowableCollector.execute;org.junit.platform.engine.support.hierarchical.NodeTestTask$$Lambda/0x000001f9e60b74b8.execute;org.junit.platform.engine.support.hierarchical.NodeTestTask.lambda$executeRecursively$6;org.junit.platform.engine.support.hierarchical.SameThreadHierarchicalTestExecutorService.invokeAll;java.util.ArrayList.forEach;org.junit.platform.engine.support.hierarchical.SameThreadHierarchicalTestExecutorService$$Lambda/0x000001f9e60bc000.accept;org.junit.platform.engine.support.hierarchical.NodeTestTask.execute;org.junit.platform.engine.support.hierarchical.NodeTestTask.executeRecursively;org.junit.platform.engine.support.hierarchical.ThrowableCollector.execute;org.junit.platform.engine.support.hierarchical.NodeTestTask$$Lambda/0x000001f9e60b6e68.execute;org.junit.platform.engine.support.hierarchical.NodeTestTask.lambda$executeRecursively$9;org.junit.platform.engine.support.hierarchical.Node.around;org.junit.platform.engine.support.hierarchical.NodeTestTask$$Lambda/0x000001f9e60b7290.invoke;org.junit.platform.engine.support.hierarchical.NodeTestTask.lambda$executeRecursively$8;org.junit.platform.engine.support.hierarchical.ThrowableCollector.execute;org.junit.platform.engine.support.hierarchical.NodeTestTask$$Lambda/0x000001f9e60b74b8.execute;org.junit.platform.engine.support.hierarchical.NodeTestTask.lambda$executeRecursively$6;org.junit.platform.engine.support.hierarchical.SameThreadHierarchicalTestExecutorService.invokeAll;java.util.ArrayList.forEach;org.junit.platform.engine.support.hierarchical.SameThreadHierarchicalTestExecutorService$$Lambda/0x000001f9e60bc000.accept;org.junit.platform.engine.support.hierarchical.NodeTestTask.execute;org.junit.platform.engine.support.hierarchical.NodeTestTask.executeRecursively;org.junit.platform.engine.support.hierarchical.ThrowableCollector.execute;org.junit.platform.engine.support.hierarchical.NodeTestTask$$Lambda/0x000001f9e60b6e68.execute;org.junit.platform.engine.support.hierarchical.NodeTestTask.lambda$executeRecursively$9;org.junit.platform.engine.support.hierarchical.Node.around;org.junit.platform.engine.support.hierarchical.NodeTestTask$$Lambda/0x000001f9e60b7290.invoke;org.junit.platform.engine.support.hierarchical.NodeTestTask.lambda$executeRecursively$8;org.junit.platform.engine.support.hierarchical.ThrowableCollector.execute;org.junit.platform.engine.support.hierarchical.NodeTestTask$$Lambda/0x000001f9e60b74b8.execute;org.junit.platform.engine.support.hierarchical.NodeTestTask.lambda$executeRecursively$6;org.junit.jupiter.engine.descriptor.TestMethodTestDescriptor.execute;org.junit.jupiter.engine.descriptor.TestMethodTestDescriptor.execute;org.junit.jupiter.engine.descriptor.TestMethodTestDescriptor.invokeTestMethod;org.junit.platform.engine.support.hierarchical.ThrowableCollector.execute;org.junit.jupiter.engine.descriptor.TestMethodTestDescriptor$$Lambda/0x000001f9e6176848.execute;org.junit.jupiter.engine.descriptor.TestMethodTestDescriptor.lambda$invokeTestMethod$7;org.junit.jupiter.engine.execution.InterceptingExecutableInvoker.invoke;org.junit.jupiter.engine.execution.InterceptingExecutableInvoker.invoke;org.junit.jupiter.engine.execution.InvocationInterceptorChain.invoke;org.junit.jupiter.engine.execution.InvocationInterceptorChain.chainAndInvoke;org.junit.jupiter.engine.execution.InvocationInterceptorChain.proceed;org.junit.jupiter.engine.execution.InvocationInterceptorChain$InterceptedInvocation.proceed;org.junit.jupiter.engine.execution.InterceptingExecutableInvoker$$Lambda/0x000001f9e6104a00.apply;org.junit.jupiter.engine.execution.InterceptingExecutableInvoker.lambda$invoke$0;org.junit.jupiter.engine.execution.InterceptingExecutableInvoker$ReflectiveInterceptorCall$$Lambda/0x000001f9e60930f0.apply;org.junit.jupiter.engine.execution.InterceptingExecutableInvoker$ReflectiveInterceptorCall.lambda$ofVoidMethod$0;org.junit.jupiter.engine.descriptor.TestMethodTestDescriptor$$Lambda/0x000001f9e6092cd0.apply;org.junit.jupiter.engine.extension.TimeoutExtension.interceptTestMethod;org.junit.jupiter.engine.extension.TimeoutExtension.interceptTestableMethod;org.junit.jupiter.engine.extension.TimeoutExtension.intercept;org.junit.jupiter.engine.execution.InvocationInterceptorChain$ValidatingInvocation.proceed;org.junit.jupiter.engine.execution.MethodInvocation.proceed;org.junit.platform.commons.util.ReflectionUtils.invokeMethod;java.lang.reflect.Method.invoke;jdk.internal.reflect.DirectMethodHandleAccessor.invoke;jdk.internal.reflect.DirectMethodHandleAccessor.invokeImpl;java.lang.invoke.Invokers$Holder.invokeExact_MT;java.lang.invoke.LambdaForm$MH/0x000001f9e6171000.invoke;java.lang.invoke.LambdaForm$DMH/0x000001f9e6170800.invokeVirtual;com.collaboration.petclinic.api.tests.PetAPITests.testAddPetSuccessfully;io.restassured.internal.ValidatableResponseOptionsImpl.body;io.restassured.internal.ResponseSpecificationImpl.body;org.codehaus.groovy.runtime.callsite.AbstractCallSite.callCurrent;org.codehaus.groovy.runtime.callsite.AbstractCallSite.callCurrent;org.codehaus.groovy.runtime.callsite.CallSiteArray.defaultCallCurrent;io.restassured.specification.ResponseSpecification$body$1.callCurrent;io.restassured.internal.ResponseSpecificationImpl.body;org.codehaus.groovy.runtime.callsite.AbstractCallSite.callCurrent;org.codehaus.groovy.runtime.callsite.AbstractCallSite.callCurrent;org.codehaus.groovy.runtime.callsite.CallSiteArray.defaultCallCurrent;org.codehaus.groovy.runtime.callsite.PogoMetaMethodSite.callCurrent;org.codehaus.groovy.runtime.callsite.PogoMetaMethodSite$PogoCachedMethodSiteNoUnwrapNoCoerce.invoke;org.codehaus.groovy.runtime.callsite.PlainObjectMetaMethodSite.doInvoke;java.lang.reflect.Method.invoke;jdk.internal.reflect.DirectMethodHandleAccessor.invoke;jdk.internal.reflect.DirectMethodHandleAccessor.invokeImpl;java.lang.invoke.Invokers$Holder.invokeExact_MT;java.lang.invoke.LambdaForm$MH/0x000001f9e6192800.invoke;java.lang.invoke.DirectMethodHandle$Holder.invokeVirtual;io.restassured.internal.ResponseSpecificationImpl.this$2$validateResponseIfRequired;io.restassured.internal.ResponseSpecificationImpl.validateResponseIfRequired;io.restassured.internal.ResponseSpecificationImpl$HamcrestAssertionClosure$validate$1.call;io.restassured.internal.ResponseSpecificationImpl$HamcrestAssertionClosure.validate;org.codehaus.groovy.runtime.callsite.AbstractCallSite.call;org.codehaus.groovy.runtime.callsite.AbstractCallSite.call;org.codehaus.groovy.runtime.callsite.CallSiteArray.defaultCall;io.restassured.internal.assertion.BodyMatcherGroup$validate$3.call;io.restassured.internal.assertion.BodyMatcherGroup.validate;java.util.stream.ReferencePipeline.collect;java.util.stream.AbstractPipeline.evaluate;java.util.stream.ReduceOps$ReduceOp.evaluateSequential;java.util.stream.AbstractPipeline.wrapAndCopyInto;java.util.stream.AbstractPipeline.copyInto;java.util.ArrayList$ArrayListSpliterator.forEachRemaining;java.util.stream.ReferencePipeline$3$1.accept;io.restassured.internal.assertion.BodyMatcherGroup$$Lambda/0x000001f9e6306840.apply;io.restassured.internal.assertion.BodyMatcherGroup.lambda$validate$0;io.restassured.internal.assertion.BodyMatcher.validate;io.restassured.internal.path.json.JSONAssertion.getResult;org.codehaus.groovy.runtime.callsite.AbstractCallSite.callCurrent;org.codehaus.groovy.runtime.callsite.AbstractCallSite.callCurrent;org.codehaus.groovy.runtime.callsite.CallSiteArray.defaultCallCurrent;io.restassured.internal.path.json.JSONAssertion$getAsJsonObject.callCurrent;io.restassured.internal.path.json.JSONAssertion.getAsJsonObject;org.codehaus.groovy.runtime.callsite.AbstractCallSite.callStatic;org.codehaus.groovy.runtime.callsite.CallSiteArray.defaultCallStatic;org.codehaus.groovy.runtime.callsite.StaticMetaMethodSite.callStatic;org.codehaus.groovy.runtime.callsite.StaticMetaMethodSite.invoke;groovy.lang.MetaMethod.doMethodInvoke;org.codehaus.groovy.reflection.CachedMethod.invoke;java.lang.reflect.Method.invoke;jdk.internal.reflect.DirectMethodHandleAccessor.invoke;jdk.internal.reflect.DirectMethodHandleAccessor.invokeImpl;java.lang.invoke.LambdaForm$MH/0x000001f9e6004000.invokeExact_MT;java.lang.invoke.LambdaForm$MH/0x000001f9e61ea400.invoke;java.lang.invoke.DirectMethodHandle$Holder.invokeStatic;io.restassured.internal.common.assertion.AssertionSupport.escapePath;org.codehaus.groovy.runtime.callsite.AbstractCallSite.call;org.codehaus.groovy.runtime.callsite.AbstractCallSite.call;org.codehaus.groovy.runtime.callsite.CallSiteArray.defaultCall;org.codehaus.groovy.runtime.callsite.CallSiteArray.createCallSite;org.codehaus.groovy.runtime.callsite.CallSiteArray.createPojoSite;groovy.lang.MetaClassImpl.createPojoCallSite;groovy.lang.MetaClassImpl.getMethodWithCachingInternal;groovy.lang.MetaClassImpl.chooseMethod;groovy.lang.MetaClassImpl.chooseMethodInternal;org.codehaus.groovy.reflection.GeneratedMetaMethod$Proxy.isValidMethod;org.codehaus.groovy.reflection.GeneratedMetaMethod$Proxy.proxy;org.codehaus.groovy.reflection.GeneratedMetaMethod$Proxy.createProxy;java.lang.ClassLoader.loadClass;jdk.internal.loader.ClassLoaders$AppClassLoader.loadClass;jdk.internal.loader.BuiltinClassLoader.loadClass;jdk.internal.loader.BuiltinClassLoader.loadClassOrNull;jdk.internal.loader.BuiltinClassLoader.loadClassOrNull;jdk.internal.loader.BuiltinClassLoader.loadClassOrNull;jdk.internal.loader.BuiltinClassLoader.loadClassOrNull;jdk.internal.loader.ClassLoaders$BootClassLoader.loadClassOrNull;java.lang.System$2.findBootstrapClassOrNull;java.lang.ClassLoader.findBootstrapClassOrNull;java.lang.ClassLoader.findBootstrapClass,0.0000
org.apache.maven.surefire.booter.ForkedBooter.main;org.apache.maven.surefire.booter.ForkedBooter.run;org.apache.maven.surefire.booter.ForkedBooter.execute;org.apache.maven.surefire.booter.ForkedBooter.runSuitesInProcess;org.apache.maven.surefire.junitplatform.JUnitPlatformProvider.invoke;org.apache.maven.surefire.junitplatform.JUnitPlatformProvider.invokeAllTests;org.apache.maven.surefire.junitplatform.JUnitPlatformProvider.execute;org.apache.maven.surefire.junitplatform.LazyLauncher.execute;org.junit.platform.launcher.core.DelegatingLauncher.execute;org.junit.platform.launcher.core.DefaultLauncher.execute;org.junit.platform.launcher.core.DefaultLauncher.execute;org.junit.platform.launcher.core.EngineExecutionOrchestrator.execute;org.junit.platform.launcher.core.EngineExecutionOrchestrator.withInterceptedStreams;org.junit.platform.launcher.core.EngineExecutionOrchestrator$$Lambda/0x000001f9e60a6e28.accept;org.junit.platform.launcher.core.EngineExecutionOrchestrator.lambda$execute$0;org.junit.platform.launcher.core.EngineExecutionOrchestrator.execute;org.junit.platform.launcher.core.EngineExecutionOrchestrator.execute;org.junit.platform.launcher.core.EngineExecutionOrchestrator.execute;org.junit.platform.engine.support.hierarchical.HierarchicalTestEngine.execute;org.junit.platform.engine.support.hierarchical.HierarchicalTestExecutor.execute;org.junit.platform.engine.support.hierarchical.SameThreadHierarchicalTestExecutorService.submit;org.junit.platform.engine.support.hierarchical.NodeTestTask.execute;org.junit.platform.engine.support.hierarchical.NodeTestTask.executeRecursively;org.junit.platform.engine.support.hierarchical.ThrowableCollector.execute;org.junit.platform.engine.support.hierarchical.NodeTestTask$$Lambda/0x000001f9e60b6e68.execute;org.junit.platform.engine.support.hierarchical.NodeTestTask.lambda$executeRecursively$9;org.junit.platform.engine.support.hierarchical.Node.around;org.junit.platform.engine.support.hierarchical.NodeTestTask$$Lambda/0x000001f9e60b7290.invoke;org.junit.platform.engine.support.hierarchical.NodeTestTask.lambda$executeRecursively$8;org.junit.platform.engine.support.hierarchical.ThrowableCollector.execute;org.junit.platform.engine.support.hierarchical.NodeTestTask$$Lambda/0x000001f9e60b74b8.execute;org.junit.platform.engine.support.hierarchical.NodeTestTask.lambda$executeRecursively$6;org.junit.platform.engine.support.hierarchical.SameThreadHierarchicalTestExecutorService.invokeAll;java.util.ArrayList.forEach;org.junit.platform.engine.support.hierarchical.SameThreadHierarchicalTestExecutorService$$Lambda/0x000001f9e60bc000.accept;org.junit.platform.engine.support.hierarchical.NodeTestTask.execute;org.junit.platform.engine.support.hierarchical.NodeTestTask.executeRecursively;org.junit.platform.engine.support.hierarchical.ThrowableCollector.execute;org.junit.platform.engine.support.hierarchical.NodeTestTask$$Lambda/0x000001f9e60b6e68.execute;org.junit.platform.engine.support.hierarchical.NodeTestTask.lambda$executeRecursively$9;org.junit.platform.engine.support.hierarchical.Node.around;org.junit.platform.engine.support.hierarchical.NodeTestTask$$Lambda/0x000001f9e60b7290.invoke;org.junit.platform.engine.support.hierarchical.NodeTestTask.lambda$executeRecursively$8;org.junit.platform.engine.support.hierarchical.ThrowableCollector.execute;org.junit.platform.engine.support.hierarchical.NodeTestTask$$Lambda/0x000001f9e60b74b8.execute;org.junit.platform.engine.support.hierarchical.NodeTestTask.lambda$executeRecursively$6;org.junit.platform.engine.support.hierarchical.SameThreadHierarchicalTestExecutorService.invokeAll;java.util.ArrayList.forEach;org.junit.platform.engine.support.hierarchical.SameThreadHierarchicalTestExecutorService$$Lambda/0x000001f9e60bc000.accept;org.junit.platform.engine.support.hierarchical.NodeTestTask.execute;org.junit.platform.engine.support.hierarchical.NodeTestTask.executeRecursively;org.junit.platform.engine.support.hierarchical.ThrowableCollector.execute;org.junit.platform.engine.support.hierarchical.NodeTestTask$$Lambda/0x000001f9e60b6e68.execute;org.junit.platform.engine.support.hierarchical.NodeTestTask.lambda$executeRecursively$9;org.junit.platform.engine.support.hierarchical.Node.around;org.junit.platform.engine.support.hierarchical.NodeTestTask$$Lambda/0x000001f9e60b7290.invoke;org.junit.platform.engine.support.hierarchical.NodeTestTask.lambda$executeRecursively$8;org.junit.platform.engine.support.hierarchical.ThrowableCollector.execute;org.junit.platform.engine.support.hierarchical.NodeTestTask$$Lambda/0x000001f9e60b74b8.execute;org.junit.platform.engine.support.hierarchical.NodeTestTask.lambda$executeRecursively$6;org.junit.jupiter.engine.descriptor.TestMethodTestDescriptor.execute;org.junit.jupiter.engine.descriptor.TestMethodTestDescriptor.execute;org.junit.jupiter.engine.descriptor.TestMethodTestDescriptor.invokeTestMethod;org.junit.platform.engine.support.hierarchical.ThrowableCollector.execute;org.junit.jupiter.engine.descriptor.TestMethodTestDescriptor$$Lambda/0x000001f9e6176848.execute;org.junit.jupiter.engine.descriptor.TestMethodTestDescriptor.lambda$invokeTestMethod$7;org.junit.jupiter.engine.execution.InterceptingExecutableInvoker.invoke;org.junit.jupiter.engine.execution.InterceptingExecutableInvoker.invoke;org.junit.jupiter.engine.execution.InvocationInterceptorChain.invoke;org.junit.jupiter.engine.execution.InvocationInterceptorChain.chainAndInvoke;org.junit.jupiter.engine.execution.InvocationInterceptorChain.proceed;org.junit.jupiter.engine.execution.InvocationInterceptorChain$InterceptedInvocation.proceed;org.junit.jupiter.engine.execution.InterceptingExecutableInvoker$$Lambda/0x000001f9e6104a00.apply;org.junit.jupiter.engine.execution.InterceptingExecutableInvoker.lambda$invoke$0;org.junit.jupiter.engine.execution.InterceptingExecutableInvoker$ReflectiveInterceptorCall$$Lambda/0x000001f9e60930f0.apply;org.junit.jupiter.engine.execution.InterceptingExecutableInvoker$ReflectiveInterceptorCall.lambda$ofVoidMethod$0;org.junit.jupiter.engine.descriptor.TestMethodTestDescriptor$$Lambda/0x000001f9e6092cd0.apply;org.junit.jupiter.engine.extension.TimeoutExtension.interceptTestMethod;org.junit.jupiter.engine.extension.TimeoutExtension.interceptTestableMethod;org.junit.jupiter.engine.extension.TimeoutExtension.intercept;org.junit.jupiter.engine.execution.InvocationInterceptorChain$ValidatingInvocation.proceed;org.junit.jupiter.engine.execution.MethodInvocation.proceed;org.junit.platform.commons.util.ReflectionUtils.invokeMethod;java.lang.reflect.Method.invoke;jdk.internal.reflect.DirectMethodHandleAccessor.invoke;jdk.internal.reflect.DirectMethodHandleAccessor.invokeImpl;java.lang.invoke.Invokers$Holder.invokeExact_MT;java.lang.invoke.LambdaForm$MH/0x000001f9e6171000.invoke;java.lang.invoke.LambdaForm$DMH/0x000001f9e6170800.invokeVirtual;com.collaboration.petclinic.api.tests.PetAPITests.testAddPetSuccessfully;io.restassured.internal.RequestSpecificationImpl.post;io.restassured.internal.RequestSpecificationImpl.post;org.codehaus.groovy.runtime.callsite.AbstractCallSite.callCurrent;org.codehaus.groovy.runtime.callsite.AbstractCallSite.callCurrent;org.codehaus.groovy.runtime.callsite.CallSiteArray.defaultCallCurrent;org.codehaus.groovy.runtime.callsite.PogoInterceptableSite.callCurrent;org.codehaus.groovy.runtime.callsite.PogoInterceptableSite.call;io.restassured.internal.RequestSpecificationImpl.invokeMethod;groovy.lang.MetaClassImpl.invokeMethod;groovy.lang.MetaClassImpl.invokeMethod;groovy.lang.MetaClassImpl.invokeMethod;groovy.lang.MetaClassImpl.doInvokeMethod;groovy.lang.MetaMethod.doMethodInvoke;org.codehaus.groovy.reflection.CachedMethod.invoke;java.lang.reflect.Method.invoke;jdk.internal.reflect.DirectMethodHandleAccessor.invoke;jdk.internal.reflect.DirectMethodHandleAccessor.invokeImpl;java.lang.invoke.Invokers$Holder.invokeExact_MT;java.lang.invoke.LambdaForm$MH/0x000001f9e61a3400.invoke;java.lang.invoke.LambdaForm$DMH/0x000001f9e61a2400.invokeVirtual;io.restassured.internal.RequestSpecificationImpl.this$2$applyPathParamsAndSendRequest;io.restassured.internal.RequestSpecificationImpl.applyPathParamsAndSendRequest;org.codehaus.groovy.runtime.callsite.AbstractCallSite.callCurrent;org.codehaus.groovy.runtime.callsite.AbstractCallSite.callCurrent;org.codehaus.groovy.runtime.callsite.CallSiteArray.defaultCallCurrent;org.codehaus.groovy.runtime.callsite.PogoInterceptableSite.callCurrent;org.codehaus.groovy.runtime.callsite.PogoInterceptableSite.call;io.restassured.internal.RequestSpecificationImpl.invokeMethod;groovy.lang.MetaClassImpl.invokeMethod;groovy.lang.MetaClassImpl.invokeMethod;groovy.lang.MetaClassImpl.invokeMethod;groovy.lang.MetaClassImpl.doInvokeMethod;groovy.lang.MetaMethod.doMethodInvoke;org.codehaus.groovy.reflection.CachedMethod.invoke;java.lang.reflect.Method.invoke;jdk.internal.reflect.DirectMethodHandleAccessor.invoke;jdk.internal.reflect.DirectMethodHandleAccessor.invokeImpl;java.lang.invoke.Invokers$Holder.invokeExact_MT;java.lang.invoke.LambdaForm$MH/0x000001f9e61a4400.invoke;java.lang.invoke.LambdaForm$DMH/0x000001f9e61a2400.invokeVirtual;io.restassured.internal.RequestSpecificationImpl.this$2$applyPathParamsAndSendRequest;io.restassured.internal.RequestSpecificationImpl.applyPathParamsAndSendRequest;org.codehaus.groovy.runtime.callsite.AbstractCallSite.call;org.codehaus.groovy.runtime.callsite.AbstractCallSite.call;org.codehaus.groovy.runtime.callsite.CallSiteArray.defaultCall;io.restassured.filter.FilterContext$next.call;io.restassured.internal.filter.FilterContextImpl.next;org.codehaus.groovy.runtime.callsite.AbstractCallSite.call;org.codehaus.groovy.runtime.callsite.AbstractCallSite.call;org.codehaus.groovy.runtime.callsite.CallSiteArray.defaultCall;io.restassured.filter.Filter$filter.call;io.restassured.internal.filter.CsrfFilter.filter;org.codehaus.groovy.runtime.callsite.AbstractCallSite.call;org.codehaus.groovy.runtime.callsite.AbstractCallSite.call;org.codehaus.groovy.runtime.callsite.CallSiteArray.defaultCall;io.restassured.filter.FilterContext$next.call;io.restassured.internal.filter.FilterContextImpl.next;io.restassured.filter.Filter$filter.call;org.codehaus.groovy.runtime.callsite.CallSiteArray.defaultCall;io.restassured.filter.Filter$filter$0.call;io.restassured.filter.time.TimingFilter.filter;io.restassured.internal.filter.FilterContextImpl.next;io.restassured.filter.Filter$filter$0.call;org.codehaus.groovy.runtime.callsite.CallSiteArray.defaultCall;io.restassured.filter.Filter$filter.call;io.restassured.internal.filter.SendRequestFilter.filter;org.codehaus.groovy.runtime.callsite.AbstractCallSite.call;org.codehaus.groovy.runtime.callsite.AbstractCallSite.call;org.codehaus.groovy.runtime.callsite.CallSiteArray.defaultCall;org.codehaus.groovy.runtime.callsite.PogoInterceptableSite.call;io.restassured.internal.RequestSpecificationImpl.invokeMethod;groovy.lang.MetaClassImpl.invokeMethod;groovy.lang.MetaClassImpl.invokeMethod;groovy.lang.MetaClassImpl.invokeMethod;groovy.lang.MetaClassImpl.doInvokeMethod;groovy.lang.MetaMethod.doMethodInvoke;org.codehaus.groovy.reflection.CachedMethod.invoke;java.lang.reflect.Method.invoke;jdk.internal.reflect.DirectMethodHandleAccessor.invoke;jdk.internal.reflect.DirectMethodHandleAccessor.invokeImpl;java.lang.invoke.Invokers$Holder.invokeExact_MT;java.lang.invoke.LambdaForm$MH/0x000001f9e6211000.invoke;java.lang.invoke.LambdaForm$DMH/0x000001f9e6210000.invokeVirtual;io.restassured.internal.RequestSpecificationImpl.this$2$sendRequest;io.restassured.internal.RequestSpecificationImpl.sendRequest;org.codehaus.groovy.runtime.callsite.AbstractCallSite.callCurrent;org.codehaus.groovy.runtime.callsite.AbstractCallSite.callCurrent;org.codehaus.groovy.runtime.callsite.CallSiteArray.defaultCallCurrent;org.codehaus.groovy.runtime.callsite.PogoInterceptableSite.callCurrent;org.codehaus.groovy.runtime.callsite.PogoInterceptableSite.call;io.restassured.internal.RequestSpecificationImpl.invokeMethod;groovy.lang.MetaClassImpl.invokeMethod;groovy.lang.MetaClassImpl.invokeMethod;groovy.lang.MetaClassImpl.invokeMethod;groovy.lang.MetaClassImpl.doInvokeMethod;groovy.lang.MetaMethod.doMethodInvoke;org.codehaus.groovy.reflection.CachedMethod.invoke;java.lang.reflect.Method.invoke;jdk.internal.reflect.DirectMethodHandleAccessor.invoke;jdk.internal.reflect.DirectMethodHandleAccessor.invokeImpl;java.lang.invoke.Invokers$Holder.invokeExact_MT;java.lang.invoke.LambdaForm$MH/0x000001f9e618e400.invoke;java.lang.invoke.LambdaForm$DMH/0x000001f9e602c000.invokeVirtual;io.restassured.internal.RequestSpecificationImpl.this$2$applyProxySettings;io.restassured.internal.RequestSpecificationImpl.applyProxySettings;org.codehaus.groovy.runtime.callsite.AbstractCallSite.callGetProperty;org.codehaus.groovy.runtime.callsite.GetEffectivePojoPropertySite.getProperty;org.codehaus.groovy.runtime.metaclass.MethodMetaProperty$GetBeanMethodMetaProperty.getProperty;groovy.lang.MetaMethod.doMethodInvoke;org.codehaus.groovy.reflection.CachedMethod.invoke;java.lang.reflect.Method.invoke;jdk.internal.reflect.DirectMethodHandleAccessor.invoke;jdk.internal.reflect.DirectMethodHandleAccessor.invokeImpl;java.lang.invoke.Invokers$Holder.invokeExact_MT;java.lang.invoke.LambdaForm$MH/0x000001f9e6020000.invoke;java.lang.invoke.LambdaForm$DMH/0x000001f9e6034000.invokeInterface;org.apache.http.impl.client.AbstractHttpClient.getConnectionManager;org.apache.http.impl.client.AbstractHttpClient.createClientConnectionManager;org.apache.http.impl.conn.SchemeRegistryFactory.createDefault;org.apache.http.conn.ssl.SSLSocketFactory.getSocketFactory;org.apache.http.conn.ssl.SSLContexts.createDefault;javax.net.ssl.SSLContext.init;sun.security.ssl.SSLContextImpl.engineInit;javax.net.ssl.TrustManagerFactory.init;sun.security.ssl.TrustManagerFactoryImpl.engineInit;sun.security.ssl.TrustStoreManager.getTrustedCerts;sun.security.ssl.TrustStoreManager$TrustAnchorManager.getTrustedCerts;sun.security.ssl.TrustStoreManager$TrustAnchorManager.loadKeyStore;java.security.KeyStore.load;sun.security.util.KeyStoreDelegator.engineLoad;sun.security.pkcs12.PKCS12KeyStore.engineLoad;sun.security.pkcs12.PKCS12KeyStore.loadSafeContents;java.security.cert.CertificateFactory.generateCertificate;sun.security.provider.X509Factory.engineGenerateCertificate;sun.security.provider.X509Factory.cachedGetX509Cert;sun.security.x509.X509CertImpl.<init>;sun.security.x509.X509CertImpl.parse;sun.security.x509.X509CertInfo.<init>;sun.security.x509.X509CertInfo.parse;sun.security.x509.CertificateExtensions.<init>;sun.security.x509.CertificateExtensions.init;sun.security.x509.CertificateExtensions.parseExtension;java.lang.reflect.Constructor.newInstance;java.lang.reflect.Constructor.newInstanceWithCaller;jdk.internal.reflect.DirectConstructorHandleAccessor.newInstance;jdk.internal.reflect.DirectConstructorHandleAccessor.invokeImpl;java.lang.invoke.Invokers$Holder.invokeExact_MT;java.lang.invoke.LambdaForm$MH/0x000001f9e6194000.invoke;java.lang.invoke.DirectMethodHandle$Holder.newInvokeSpecial;sun.security.x509.KeyUsageExtension.<init>;sun.security.util.DerValue.getUnalignedBitString;sun.security.util.DerValue.getUnalignedBitString;sun.security.util.BitArray.<init>,0.0000
org.apache.maven.surefire.booter.ForkedBooter.main;org.apache.maven.surefire.booter.ForkedBooter.run;org.apache.maven.surefire.booter.ForkedBooter.execute;org.apache.maven.surefire.booter.ForkedBooter.runSuitesInProcess;org.apache.maven.surefire.junitplatform.JUnitPlatformProvider.invoke;org.apache.maven.surefire.junitplatform.JUnitPlatformProvider.invokeAllTests;org.apache.maven.surefire.junitplatform.JUnitPlatformProvider.execute;org.apache.maven.surefire.junitplatform.LazyLauncher.execute;org.junit.platform.launcher.core.DelegatingLauncher.execute;org.junit.platform.launcher.core.DefaultLauncher.execute;org.junit.platform.launcher.core.DefaultLauncher.execute;org.junit.platform.launcher.core.EngineExecutionOrchestrator.execute;org.junit.platform.launcher.core.EngineExecutionOrchestrator.withInterceptedStreams;org.junit.platform.launcher.core.EngineExecutionOrchestrator$$Lambda/0x000001f9e60a6e28.accept;org.junit.platform.launcher.core.EngineExecutionOrchestrator.lambda$execute$0;org.junit.platform.launcher.core.EngineExecutionOrchestrator.execute;org.junit.platform.launcher.core.EngineExecutionOrchestrator.execute;org.junit.platform.launcher.core.EngineExecutionOrchestrator.execute;org.junit.platform.engine.support.hierarchical.HierarchicalTestEngine.execute;org.junit.platform.engine.support.hierarchical.HierarchicalTestExecutor.execute;org.junit.platform.engine.support.hierarchical.SameThreadHierarchicalTestExecutorService.submit;org.junit.platform.engine.support.hierarchical.NodeTestTask.execute;org.junit.platform.engine.support.hierarchical.NodeTestTask.executeRecursively;org.junit.platform.engine.support.hierarchical.ThrowableCollector.execute;org.junit.platform.engine.support.hierarchical.NodeTestTask$$Lambda/0x000001f9e60b6e68.execute;org.junit.platform.engine.support.hierarchical.NodeTestTask.lambda$executeRecursively$9;org.junit.platform.engine.support.hierarchical.Node.around;org.junit.platform.engine.support.hierarchical.NodeTestTask$$Lambda/0x000001f9e60b7290.invoke;org.junit.platform.engine.support.hierarchical.NodeTestTask.lambda$executeRecursively$8;org.junit.platform.engine.support.hierarchical.ThrowableCollector.execute;org.junit.platform.engine.support.hierarchical.NodeTestTask$$Lambda/0x000001f9e60b74b8.execute;org.junit.platform.engine.support.hierarchical.NodeTestTask.lambda$executeRecursively$6;org.junit.platform.engine.support.hierarchical.SameThreadHierarchicalTestExecutorService.invokeAll;java.util.ArrayList.forEach;org.junit.platform.engine.support.hierarchical.SameThreadHierarchicalTestExecutorService$$Lambda/0x000001f9e60bc000.accept;org.junit.platform.engine.support.hierarchical.NodeTestTask.execute;org.junit.platform.engine.support.hierarchical.NodeTestTask.executeRecursively;org.junit.platform.engine.support.hierarchical.ThrowableCollector.execute;org.junit.platform.engine.support.hierarchical.NodeTestTask$$Lambda/0x000001f9e60b6e68.execute;org.junit.platform.engine.support.hierarchical.NodeTestTask.lambda$executeRecursively$9;org.junit.platform.engine.support.hierarchical.Node.around;org.junit.platform.engine.support.hierarchical.NodeTestTask$$Lambda/0x000001f9e60b7290.invoke;org.junit.platform.engine.support.hierarchical.NodeTestTask.lambda$executeRecursively$8;org.junit.platform.engine.support.hierarchical.ThrowableCollector.execute;org.junit.platform.engine.support.hierarchical.NodeTestTask$$Lambda/0x000001f9e60b74b8.execute;org.junit.platform.engine.support.hierarchical.NodeTestTask.lambda$executeRecursively$6;org.junit.jupiter.engine.descriptor.ClassBasedTestDescriptor.before;org.junit.jupiter.engine.descriptor.ClassBasedTestDescriptor.before;org.junit.jupiter.engine.descriptor.ClassBasedTestDescriptor.invokeBeforeAllMethods;org.junit.platform.engine.support.hierarchical.ThrowableCollector.execute;org.junit.jupiter.engine.descriptor.ClassBasedTestDescriptor$$Lambda/0x000001f9e6105478.execute;org.junit.jupiter.engine.descriptor.ClassBasedTestDescriptor.lambda$invokeBeforeAllMethods$13;org.junit.jupiter.engine.execution.InterceptingExecutableInvoker.invoke;org.junit.jupiter.engine.execution.InterceptingExecutableInvoker.invoke;org.junit.jupiter.engine.execution.InvocationInterceptorChain.invoke;org.junit.jupiter.engine.execution.InvocationInterceptorChain.chainAndInvoke;org.junit.jupiter.engine.execution.InvocationInterceptorChain.proceed;org.junit.jupiter.engine.execution.InvocationInterceptorChain$InterceptedInvocation.proceed;org.junit.jupiter.engine.execution.InterceptingExecutableInvoker$$Lambda/0x000001f9e6104a00.apply;org.junit.jupiter.engine.execution.InterceptingExecutableInvoker.lambda$invoke$0;org.junit.jupiter.engine.execution.InterceptingExecutableInvoker$ReflectiveInterceptorCall$$Lambda/0x000001f9e60930f0.apply;org.junit.jupiter.engine.execution.InterceptingExecutableInvoker$ReflectiveInterceptorCall.lambda$ofVoidMethod$0;org.junit.jupiter.engine.descriptor.ClassBasedTestDescriptor$$Lambda/0x000001f9e61056a0.apply;org.junit.jupiter.engine.extension.TimeoutExtension.interceptBeforeAllMethod;org.junit.jupiter.engine.extension.TimeoutExtension.interceptLifecycleMethod;org.junit.jupiter.engine.extension.TimeoutExtension.intercept;org.junit.jupiter.engine.execution.InvocationInterceptorChain$ValidatingInvocation.proceed;org.junit.jupiter.engine.execution.MethodInvocation.proceed;org.junit.platform.commons.util.ReflectionUtils.invokeMethod;java.lang.reflect.Method.invoke;jdk.internal.reflect.DirectMethodHandleAccessor.invoke;jdk.internal.reflect.DirectMethodHandleAccessor.invokeImpl;java.lang.invoke.Invokers$Holder.invokeExact_MT;java.lang.invoke.LambdaForm$MH/0x000001f9e610c400.invoke;java.lang.invoke.DirectMethodHandle$Holder.invokeStatic;com.collaboration.petclinic.api.tests.PetAPITests.setup;io.restassured.RestAssured.<clinit>;io.restassured.config.RestAssuredConfig.<init>;io.restassured.config.SSLConfig.<init>;io.restassured.config.SSLConfig.<init>;io.restassured.internal.common.assertion.AssertParameter.notNull;org.codehaus.groovy.runtime.callsite.AbstractCallSite.call;org.codehaus.groovy.runtime.callsite.AbstractCallSite.call;org.codehaus.groovy.runtime.callsite.CallSiteArray.defaultCall;org.codehaus.groovy.runtime.callsite.CallSiteArray.createCallSite;org.codehaus.groovy.runtime.callsite.CallSiteArray.createCallStaticSite;groovy.lang.MetaClassImpl.createStaticSite;org.codehaus.groovy.runtime.callsite.StaticMetaMethodSite.createStaticMetaMethodSite;org.codehaus.groovy.reflection.CachedMethod.createStaticMetaMethodSite;org.codehaus.groovy.runtime.callsite.CallSiteGenerator.compileStaticMethod;org.codehaus.groovy.runtime.callsite.CallSiteGenerator.genStaticMetaMethodSite;org.codehaus.groovy.runtime.callsite.CallSiteGenerator.genConstructor;groovyjarjarasm.asm.ClassWriter.visitMethod,0.0000
org.apache.maven.surefire.booter.ForkedBooter.main;org.apache.maven.surefire.booter.ForkedBooter.run;org.apache.maven.surefire.booter.ForkedBooter.execute;org.apache.maven.surefire.booter.ForkedBooter.runSuitesInProcess;org.apache.maven.surefire.junitplatform.JUnitPlatformProvider.invoke;org.apache.maven.surefire.junitplatform.JUnitPlatformProvider.scanClasspath;org.apache.maven.surefire.api.util.DefaultScanResult.applyFilter;org.apache.maven.surefire.junitplatform.TestPlanScannerFilter.accept;org.apache.maven.surefire.junitplatform.LazyLauncher.discover;org.junit.platform.launcher.core.DelegatingLauncher.discover;org.junit.platform.launcher.core.DefaultLauncher.discover;org.junit.platform.launcher.core.DefaultLauncher.discover;org.junit.platform.launcher.core.EngineDiscoveryOrchestrator.discover;org.junit.platform.launcher.core.EngineDiscoveryOrchestrator.discover;org.junit.platform.launcher.core.EngineDiscoveryOrchestrator.discoverSafely;org.junit.platform.launcher.core.EngineDiscoveryOrchestrator.discoverEngineRoot;org.junit.jupiter.engine.JupiterTestEngine.discover;org.junit.jupiter.engine.discovery.DiscoverySelectorResolver.resolveSelectors;org.junit.platform.engine.support.discovery.EngineDiscoveryRequestResolver.resolve;org.junit.platform.engine.support.discovery.EngineDiscoveryRequestResolution.run;java.util.ArrayList.forEach;org.junit.platform.engine.support.discovery.EngineDiscoveryRequestResolution$$Lambda/0x000001f9e6093bb0.accept;org.junit.platform.engine.TestDescriptor.accept;java.lang.Iterable.forEach;org.junit.platform.engine.TestDescriptor$$Lambda/0x000001f9e6099eb8.accept;org.junit.platform.engine.TestDescriptor.lambda$accept$0;org.junit.platform.engine.TestDescriptor.accept;org.junit.jupiter.engine.discovery.MethodOrderingVisitor.visit;org.junit.jupiter.engine.discovery.AbstractOrderingVisitor.doWithMatchingDescriptor;org.junit.jupiter.engine.discovery.MethodOrderingVisitor$$Lambda/0x000001f9e609a0f0.accept;org.junit.jupiter.engine.discovery.MethodOrderingVisitor.lambda$visit$0;org.junit.jupiter.engine.discovery.MethodOrderingVisitor.orderContainedMethods;java.util.Optional.ifPresent;org.junit.jupiter.engine.discovery.MethodOrderingVisitor$$Lambda/0x000001f9e609b4b8.accept;org.junit.jupiter.engine.discovery.MethodOrderingVisitor.lambda$orderContainedMethods$6;java.lang.ClassLoader.loadClass;jdk.internal.loader.ClassLoaders$AppClassLoader.loadClass;jdk.internal.loader.BuiltinClassLoader.loadClass;jdk.internal.loader.BuiltinClassLoader.loadClassOrNull;jdk.internal.loader.BuiltinClassLoader.findClassOnClassPathOrNull;jdk.internal.loader.BuiltinClassLoader.defineClass;java.security.SecureClassLoader.defineClass;java.lang.ClassLoader.defineClass;java.lang.ClassLoader.defineClass1,0.0000
org.apache.maven.surefire.booter.ForkedBooter.main;org.apache.maven.surefire.booter.ForkedBooter.run;org.apache.maven.surefire.booter.ForkedBooter.execute;org.apache.maven.surefire.booter.ForkedBooter.runSuitesInProcess;org.apache.maven.surefire.junitplatform.JUnitPlatformProvider.invoke;org.apache.maven.surefire.junitplatform.JUnitPlatformProvider.invokeAllTests;org.apache.maven.surefire.junitplatform.JUnitPlatformProvider.execute;org.apache.maven.surefire.junitplatform.LazyLauncher.execute;org.junit.platform.launcher.core.DelegatingLauncher.execute;org.junit.platform.launcher.core.DefaultLauncher.execute;org.junit.platform.launcher.core.DefaultLauncher.execute;org.junit.platform.launcher.core.EngineExecutionOrchestrator.execute;org.junit.platform.launcher.core.EngineExecutionOrchestrator.withInterceptedStreams;org.junit.platform.launcher.core.EngineExecutionOrchestrator$$Lambda/0x000001f9e60a6e28.accept;org.junit.platform.launcher.core.EngineExecutionOrchestrator.lambda$execute$0;org.junit.platform.launcher.core.EngineExecutionOrchestrator.execute;org.junit.platform.launcher.core.EngineExecutionOrchestrator.execute;org.junit.platform.launcher.core.EngineExecutionOrchestrator.execute;org.junit.platform.engine.support.hierarchical.HierarchicalTestEngine.execute;org.junit.platform.engine.support.hierarchical.HierarchicalTestExecutor.execute;org.junit.platform.engine.support.hierarchical.SameThreadHierarchicalTestExecutorService.submit;org.junit.platform.engine.support.hierarchical.NodeTestTask.execute;org.junit.platform.engine.support.hierarchical.NodeTestTask.executeRecursively;org.junit.platform.engine.support.hierarchical.ThrowableCollector.execute;org.junit.platform.engine.support.hierarchical.NodeTestTask$$Lambda/0x000001f9e60b6e68.execute;org.junit.platform.engine.support.hierarchical.NodeTestTask.lambda$executeRecursively$9;org.junit.platform.engine.support.hierarchical.Node.around;org.junit.platform.engine.support.hierarchical.NodeTestTask$$Lambda/0x000001f9e60b7290.invoke;org.junit.platform.engine.support.hierarchical.NodeTestTask.lambda$executeRecursively$8;org.junit.platform.engine.support.hierarchical.ThrowableCollector.execute;org.junit.platform.engine.support.hierarchical.NodeTestTask$$Lambda/0x000001f9e60b74b8.execute;org.junit.platform.engine.support.hierarchical.NodeTestTask.lambda$executeRecursively$6;org.junit.platform.engine.support.hierarchical.SameThreadHierarchicalTestExecutorService.invokeAll;java.util.ArrayList.forEach;org.junit.platform.engine.support.hierarchical.SameThreadHierarchicalTestExecutorService$$Lambda/0x000001f9e60bc000.accept;org.junit.platform.engine.support.hierarchical.NodeTestTask.execute;org.junit.platform.engine.support.hierarchical.NodeTestTask.executeRecursively;org.junit.platform.engine.support.hierarchical.ThrowableCollector.execute;org.junit.platform.engine.support.hierarchical.NodeTestTask$$Lambda/0x000001f9e60b6e68.execute;org.junit.platform.engine.support.hierarchical.NodeTestTask.lambda$executeRecursively$9;org.junit.platform.engine.support.hierarchical.Node.around;org.junit.platform.engine.support.hierarchical.NodeTestTask$$Lambda/0x000001f9e60b7290.invoke;org.junit.platform.engine.support.hierarchical.NodeTestTask.lambda$executeRecursively$8;org.junit.platform.engine.support.hierarchical.ThrowableCollector.execute;org.junit.platform.engine.support.hierarchical.NodeTestTask$$Lambda/0x000001f9e60b74b8.execute;org.junit.platform.engine.support.hierarchical.NodeTestTask.lambda$executeRecursively$6;org.junit.platform.engine.support.hierarchical.SameThreadHierarchicalTestExecutorService.invokeAll;java.util.ArrayList.forEach;org.junit.platform.engine.support.hierarchical.SameThreadHierarchicalTestExecutorService$$Lambda/0x000001f9e60bc000.accept;org.junit.platform.engine.support.hierarchical.NodeTestTask.execute;org.junit.platform.engine.support.hierarchical.NodeTestTask.executeRecursively;org.junit.platform.engine.support.hierarchical.ThrowableCollector.execute;org.junit.platform.engine.support.hierarchical.NodeTestTask$$Lambda/0x000001f9e60b6e68.execute;org.junit.platform.engine.support.hierarchical.NodeTestTask.lambda$executeRecursively$9;org.junit.platform.engine.support.hierarchical.Node.around;org.junit.platform.engine.support.hierarchical.NodeTestTask$$Lambda/0x000001f9e60b7290.invoke;org.junit.platform.engine.support.hierarchical.NodeTestTask.lambda$executeRecursively$8;org.junit.platform.engine.support.hierarchical.ThrowableCollector.execute;org.junit.platform.engine.support.hierarchical.NodeTestTask$$Lambda/0x000001f9e60b74b8.execute;org.junit.platform.engine.support.hierarchical.NodeTestTask.lambda$executeRecursively$6;org.junit.jupiter.engine.descriptor.TestMethodTestDescriptor.execute;org.junit.jupiter.engine.descriptor.TestMethodTestDescriptor.execute;org.junit.jupiter.engine.descriptor.TestMethodTestDescriptor.invokeTestMethod;org.junit.platform.engine.support.hierarchical.ThrowableCollector.execute;org.junit.jupiter.engine.descriptor.TestMethodTestDescriptor$$Lambda/0x000001f9e6176848.execute;org.junit.jupiter.engine.descriptor.TestMethodTestDescriptor.lambda$invokeTestMethod$7;org.junit.jupiter.engine.execution.InterceptingExecutableInvoker.invoke;org.junit.jupiter.engine.execution.InterceptingExecutableInvoker.invoke;org.junit.jupiter.engine.execution.InvocationInterceptorChain.invoke;org.junit.jupiter.engine.execution.InvocationInterceptorChain.chainAndInvoke;org.junit.jupiter.engine.execution.InvocationInterceptorChain.proceed;org.junit.jupiter.engine.execution.InvocationInterceptorChain$InterceptedInvocation.proceed;org.junit.jupiter.engine.execution.InterceptingExecutableInvoker$$Lambda/0x000001f9e6104a00.apply;org.junit.jupiter.engine.execution.InterceptingExecutableInvoker.lambda$invoke$0;org.junit.jupiter.engine.execution.InterceptingExecutableInvoker$ReflectiveInterceptorCall$$Lambda/0x000001f9e60930f0.apply;org.junit.jupiter.engine.execution.InterceptingExecutableInvoker$ReflectiveInterceptorCall.lambda$ofVoidMethod$0;org.junit.jupiter.engine.descriptor.TestMethodTestDescriptor$$Lambda/0x000001f9e6092cd0.apply;org.junit.jupiter.engine.extension.TimeoutExtension.interceptTestMethod;org.junit.jupiter.engine.extension.TimeoutExtension.interceptTestableMethod;org.junit.jupiter.engine.extension.TimeoutExtension.intercept;org.junit.jupiter.engine.execution.InvocationInterceptorChain$ValidatingInvocation.proceed;org.junit.jupiter.engine.execution.MethodInvocation.proceed;org.junit.platform.commons.util.ReflectionUtils.invokeMethod;java.lang.reflect.Method.invoke;jdk.internal.reflect.DirectMethodHandleAccessor.invoke;jdk.internal.reflect.DirectMethodHandleAccessor.invokeImpl;java.lang.invoke.Invokers$Holder.invokeExact_MT;java.lang.invoke.LambdaForm$MH/0x000001f9e6171000.invoke;java.lang.invoke.LambdaForm$DMH/0x000001f9e6170800.invokeVirtual;com.collaboration.petclinic.api.tests.PetAPITests.testAddPetSuccessfully;io.restassured.internal.ValidatableResponseOptionsImpl.body;io.restassured.internal.ResponseSpecificationImpl.body;org.codehaus.groovy.runtime.callsite.AbstractCallSite.callCurrent;org.codehaus.groovy.runtime.callsite.AbstractCallSite.callCurrent;org.codehaus.groovy.runtime.callsite.CallSiteArray.defaultCallCurrent;io.restassured.specification.ResponseSpecification$body$1.callCurrent;io.restassured.internal.ResponseSpecificationImpl.body;org.codehaus.groovy.runtime.callsite.AbstractCallSite.callCurrent;org.codehaus.groovy.runtime.callsite.AbstractCallSite.callCurrent;org.codehaus.groovy.runtime.callsite.CallSiteArray.defaultCallCurrent;org.codehaus.groovy.runtime.callsite.PogoMetaMethodSite.callCurrent;org.codehaus.groovy.runtime.callsite.PogoMetaMethodSite$PogoCachedMethodSiteNoUnwrapNoCoerce.invoke;org.codehaus.groovy.runtime.callsite.PlainObjectMetaMethodSite.doInvoke;java.lang.reflect.Method.invoke;jdk.internal.reflect.DirectMethodHandleAccessor.invoke;jdk.internal.reflect.DirectMethodHandleAccessor.invokeImpl;java.lang.invoke.Invokers$Holder.invokeExact_MT;java.lang.invoke.LambdaForm$MH/0x000001f9e6192800.invoke;java.lang.invoke.DirectMethodHandle$Holder.invokeVirtual;io.restassured.internal.ResponseSpecificationImpl.this$2$validateResponseIfRequired;io.restassured.internal.ResponseSpecificationImpl.validateResponseIfRequired;io.restassured.internal.ResponseSpecificationImpl$HamcrestAssertionClosure$validate$1.call;io.restassured.internal.ResponseSpecificationImpl$HamcrestAssertionClosure.validate;org.codehaus.groovy.runtime.callsite.AbstractCallSite.call;org.codehaus.groovy.runtime.callsite.AbstractCallSite.call;org.codehaus.groovy.runtime.callsite.CallSiteArray.defaultCall;io.restassured.internal.assertion.BodyMatcherGroup$validate$3.call;io.restassured.internal.assertion.BodyMatcherGroup.validate;java.util.stream.ReferencePipeline.collect;java.util.stream.AbstractPipeline.evaluate;java.util.stream.ReduceOps$ReduceOp.evaluateSequential;java.util.stream.AbstractPipeline.wrapAndCopyInto;java.util.stream.AbstractPipeline.copyInto;java.util.ArrayList$ArrayListSpliterator.forEachRemaining;java.util.stream.ReferencePipeline$3$1.accept;io.restassured.internal.assertion.BodyMatcherGroup$$Lambda/0x000001f9e6306840.apply;io.restassured.internal.assertion.BodyMatcherGroup.lambda$validate$0;io.restassured.internal.assertion.BodyMatcher.validate;io.restassured.internal.path.json.JSONAssertion.getResult;org.codehaus.groovy.runtime.callsite.AbstractCallSite.callCurrent;org.codehaus.groovy.runtime.callsite.AbstractCallSite.callCurrent;org.codehaus.groovy.runtime.callsite.CallSiteArray.defaultCallCurrent;io.restassured.internal.path.json.JSONAssertion$getAsJsonObject.callCurrent;io.restassured.internal.path.json.JSONAssertion.getAsJsonObject;org.codehaus.groovy.runtime.callsite.AbstractCallSite.callCurrent;org.codehaus.groovy.runtime.callsite.AbstractCallSite.callCurrent;org.codehaus.groovy.runtime.callsite.CallSiteArray.defaultCallCurrent;org.codehaus.groovy.runtime.callsite.PogoMetaMethodSite.callCurrent;org.codehaus.groovy.runtime.callsite.PogoMetaMethodSite$PogoCachedMethodSiteNoUnwrapNoCoerce.invoke;org.codehaus.groovy.runtime.callsite.PlainObjectMetaMethodSite.doInvoke;java.lang.reflect.Method.invoke;jdk.internal.reflect.DirectMethodHandleAccessor.invoke;jdk.internal.reflect.DirectMethodHandleAccessor.invokeImpl;java.lang.invoke.Invokers$Holder.invokeExact_MT;java.lang.invoke.LambdaForm$MH/0x000001f9e61a2800.invoke;java.lang.invoke.LambdaForm$DMH/0x000001f9e61a2400.invokeVirtual;io.restassured.internal.path.json.JSONAssertion.this$2$eval;io.restassured.internal.path.json.JSONAssertion.eval;org.codehaus.groovy.runtime.callsite.AbstractCallSite.callConstructor;org.codehaus.groovy.runtime.callsite.AbstractCallSite.callConstructor;org.codehaus.groovy.runtime.callsite.CallSiteArray.defaultCallConstructor;org.codehaus.groovy.runtime.callsite.ConstructorSite$ConstructorSiteNoUnwrapNoCoerce.callConstructor;org.codehaus.groovy.reflection.CachedConstructor.invoke;java.lang.reflect.Constructor.newInstance;java.lang.reflect.Constructor.newInstanceWithCaller;jdk.internal.reflect.DirectConstructorHandleAccessor.newInstance;jdk.internal.reflect.DirectConstructorHandleAccessor.invokeImpl;java.lang.invoke.Invokers$Holder.invokeExact_MT;java.lang.invoke.LambdaForm$MH/0x000001f9e6020000.invoke;java.lang.invoke.DirectMethodHandle$Holder.newInvokeSpecial;groovy.lang.GroovyShell.<init>;groovy.lang.GroovyShell.<init>;groovy.lang.GroovyShell.<init>;java.lang.invoke.MethodHandleNatives.linkCallSite;java.lang.invoke.MethodHandleNatives.linkCallSiteImpl;java.lang.invoke.CallSite.makeSite;java.lang.invoke.BootstrapMethodInvoker.invoke;java.lang.invoke.Invokers$Holder.invokeExact_MT;java.lang.invoke.LambdaForm$DMH/0x000001f9e603c400.invokeStatic;java.lang.invoke.LambdaMetafactory.metafactory;java.lang.invoke.InnerClassLambdaMetafactory.buildCallSite;java.lang.invoke.InnerClassLambdaMetafactory.spinInnerClass;java.lang.invoke.InnerClassLambdaMetafactory.generateInnerClass;java.lang.invoke.MethodHandles$Lookup$ClassDefiner.defineClass;java.lang.System$2.defineClass;java.lang.ClassLoader.defineClass0,0.0000
org.apache.maven.surefire.booter.ForkedBooter.main;org.apache.maven.surefire.booter.ForkedBooter.run;org.apache.maven.surefire.booter.ForkedBooter.execute;org.apache.maven.surefire.booter.ForkedBooter.runSuitesInProcess;org.apache.maven.surefire.junitplatform.JUnitPlatformProvider.invoke;org.apache.maven.surefire.junitplatform.JUnitPlatformProvider.invokeAllTests;org.apache.maven.surefire.junitplatform.JUnitPlatformProvider.execute;org.apache.maven.surefire.junitplatform.LazyLauncher.execute;org.junit.platform.launcher.core.DelegatingLauncher.execute;org.junit.platform.launcher.core.DefaultLauncher.execute;org.junit.platform.launcher.core.DefaultLauncher.execute;org.junit.platform.launcher.core.EngineExecutionOrchestrator.execute;org.junit.platform.launcher.core.EngineExecutionOrchestrator.withInterceptedStreams;org.junit.platform.launcher.core.EngineExecutionOrchestrator$$Lambda/0x000001f9e60a6e28.accept;org.junit.platform.launcher.core.EngineExecutionOrchestrator.lambda$execute$0;org.junit.platform.launcher.core.EngineExecutionOrchestrator.execute;org.junit.platform.launcher.core.EngineExecutionOrchestrator.execute;org.junit.platform.launcher.core.EngineExecutionOrchestrator.execute;org.junit.platform.engine.support.hierarchical.HierarchicalTestEngine.execute;org.junit.platform.engine.support.hierarchical.HierarchicalTestExecutor.execute;org.junit.platform.engine.support.hierarchical.SameThreadHierarchicalTestExecutorService.submit;org.junit.platform.engine.support.hierarchical.NodeTestTask.execute;org.junit.platform.engine.support.hierarchical.NodeTestTask.executeRecursively;org.junit.platform.engine.support.hierarchical.ThrowableCollector.execute;org.junit.platform.engine.support.hierarchical.NodeTestTask$$Lambda/0x000001f9e60b6e68.execute;org.junit.platform.engine.support.hierarchical.NodeTestTask.lambda$executeRecursively$9;org.junit.platform.engine.support.hierarchical.Node.around;org.junit.platform.engine.support.hierarchical.NodeTestTask$$Lambda/0x000001f9e60b7290.invoke;org.junit.platform.engine.support.hierarchical.NodeTestTask.lambda$executeRecursively$8;org.junit.platform.engine.support.hierarchical.ThrowableCollector.execute;org.junit.platform.engine.support.hierarchical.NodeTestTask$$Lambda/0x000001f9e60b74b8.execute;org.junit.platform.engine.support.hierarchical.NodeTestTask.lambda$executeRecursively$6;org.junit.platform.engine.support.hierarchical.SameThreadHierarchicalTestExecutorService.invokeAll;java.util.ArrayList.forEach;org.junit.platform.engine.support.hierarchical.SameThreadHierarchicalTestExecutorService$$Lambda/0x000001f9e60bc000.accept;org.junit.platform.engine.support.hierarchical.NodeTestTask.execute;org.junit.platform.engine.support.hierarchical.NodeTestTask.executeRecursively;org.junit.platform.engine.support.hierarchical.ThrowableCollector.execute;org.junit.platform.engine.support.hierarchical.NodeTestTask$$Lambda/0x000001f9e60b6e68.execute;org.junit.platform.engine.support.hierarchical.NodeTestTask.lambda$executeRecursively$9;org.junit.platform.engine.support.hierarchical.Node.around;org.junit.platform.engine.support.hierarchical.NodeTestTask$$Lambda/0x000001f9e60b7290.invoke;org.junit.platform.engine.support.hierarchical.NodeTestTask.lambda$executeRecursively$8;org.junit.platform.engine.support.hierarchical.ThrowableCollector.execute;org.junit.platform.engine.support.hierarchical.NodeTestTask$$Lambda/0x000001f9e60b74b8.execute;org.junit.platform.engine.support.hierarchical.NodeTestTask.lambda$executeRecursively$6;org.junit.platform.engine.support.hierarchical.SameThreadHierarchicalTestExecutorService.invokeAll;java.util.ArrayList.forEach;org.junit.platform.engine.support.hierarchical.SameThreadHierarchicalTestExecutorService$$Lambda/0x000001f9e60bc000.accept;org.junit.platform.engine.support.hierarchical.NodeTestTask.execute;org.junit.platform.engine.support.hierarchical.NodeTestTask.executeRecursively;org.junit.platform.engine.support.hierarchical.ThrowableCollector.execute;org.junit.platform.engine.support.hierarchical.NodeTestTask$$Lambda/0x000001f9e60b6e68.execute;org.junit.platform.engine.support.hierarchical.NodeTestTask.lambda$executeRecursively$9;org.junit.platform.engine.support.hierarchical.Node.around;org.junit.platform.engine.support.hierarchical.NodeTestTask$$Lambda/0x000001f9e60b7290.invoke;org.junit.platform.engine.support.hierarchical.NodeTestTask.lambda$executeRecursively$8;org.junit.platform.engine.support.hierarchical.ThrowableCollector.execute;org.junit.platform.engine.support.hierarchical.NodeTestTask$$Lambda/0x000001f9e60b74b8.execute;org.junit.platform.engine.support.hierarchical.NodeTestTask.lambda$executeRecursively$6;org.junit.jupiter.engine.descriptor.TestMethodTestDescriptor.execute;org.junit.jupiter.engine.descriptor.TestMethodTestDescriptor.execute;org.junit.jupiter.engine.descriptor.TestMethodTestDescriptor.invokeTestMethod;org.junit.platform.engine.support.hierarchical.ThrowableCollector.execute;org.junit.jupiter.engine.descriptor.TestMethodTestDescriptor$$Lambda/0x000001f9e6176848.execute;org.junit.jupiter.engine.descriptor.TestMethodTestDescriptor.lambda$invokeTestMethod$7;org.junit.jupiter.engine.execution.InterceptingExecutableInvoker.invoke;org.junit.jupiter.engine.execution.InterceptingExecutableInvoker.invoke;org.junit.jupiter.engine.execution.InvocationInterceptorChain.invoke;org.junit.jupiter.engine.execution.InvocationInterceptorChain.chainAndInvoke;org.junit.jupiter.engine.execution.InvocationInterceptorChain.proceed;org.junit.jupiter.engine.execution.InvocationInterceptorChain$InterceptedInvocation.proceed;org.junit.jupiter.engine.execution.InterceptingExecutableInvoker$$Lambda/0x000001f9e6104a00.apply;org.junit.jupiter.engine.execution.InterceptingExecutableInvoker.lambda$invoke$0;org.junit.jupiter.engine.execution.InterceptingExecutableInvoker$ReflectiveInterceptorCall$$Lambda/0x000001f9e60930f0.apply;org.junit.jupiter.engine.execution.InterceptingExecutableInvoker$ReflectiveInterceptorCall.lambda$ofVoidMethod$0;org.junit.jupiter.engine.descriptor.TestMethodTestDescriptor$$Lambda/0x000001f9e6092cd0.apply;org.junit.jupiter.engine.extension.TimeoutExtension.interceptTestMethod;org.junit.jupiter.engine.extension.TimeoutExtension.interceptTestableMethod;org.junit.jupiter.engine.extension.TimeoutExtension.intercept;org.junit.jupiter.engine.execution.InvocationInterceptorChain$ValidatingInvocation.proceed;org.junit.jupiter.engine.execution.MethodInvocation.proceed;org.junit.platform.commons.util.ReflectionUtils.invokeMethod;java.lang.reflect.Method.invoke;jdk.internal.reflect.DirectMethodHandleAccessor.invoke;jdk.internal.reflect.DirectMethodHandleAccessor.invokeImpl;java.lang.invoke.Invokers$Holder.invokeExact_MT;java.lang.invoke.LambdaForm$MH/0x000001f9e6171000.invoke;java.lang.invoke.LambdaForm$DMH/0x000001f9e6170800.invokeVirtual;com.collaboration.petclinic.api.tests.PetAPITests.testAddPetSuccessfully;io.restassured.internal.RequestSpecificationImpl.post;io.restassured.internal.RequestSpecificationImpl.post;org.codehaus.groovy.runtime.callsite.AbstractCallSite.callCurrent;org.codehaus.groovy.runtime.callsite.AbstractCallSite.callCurrent;org.codehaus.groovy.runtime.callsite.CallSiteArray.defaultCallCurrent;org.codehaus.groovy.runtime.callsite.PogoInterceptableSite.callCurrent;org.codehaus.groovy.runtime.callsite.PogoInterceptableSite.call;io.restassured.internal.RequestSpecificationImpl.invokeMethod;groovy.lang.MetaClassImpl.invokeMethod;groovy.lang.MetaClassImpl.invokeMethod;groovy.lang.MetaClassImpl.invokeMethod;groovy.lang.MetaClassImpl.doInvokeMethod;groovy.lang.MetaMethod.doMethodInvoke;org.codehaus.groovy.reflection.CachedMethod.invoke;java.lang.reflect.Method.invoke;jdk.internal.reflect.DirectMethodHandleAccessor.invoke;jdk.internal.reflect.DirectMethodHandleAccessor.invokeImpl;java.lang.invoke.Invokers$Holder.invokeExact_MT;java.lang.invoke.LambdaForm$MH/0x000001f9e61a3400.invoke;java.lang.invoke.LambdaForm$DMH/0x000001f9e61a2400.invokeVirtual;io.restassured.internal.RequestSpecificationImpl.this$2$applyPathParamsAndSendRequest;io.restassured.internal.RequestSpecificationImpl.applyPathParamsAndSendRequest;org.codehaus.groovy.runtime.callsite.AbstractCallSite.callCurrent;org.codehaus.groovy.runtime.callsite.AbstractCallSite.callCurrent;org.codehaus.groovy.runtime.callsite.CallSiteArray.defaultCallCurrent;org.codehaus.groovy.runtime.callsite.PogoInterceptableSite.callCurrent;org.codehaus.groovy.runtime.callsite.PogoInterceptableSite.call;io.restassured.internal.RequestSpecificationImpl.invokeMethod;groovy.lang.MetaClassImpl.invokeMethod;groovy.lang.MetaClassImpl.invokeMethod;groovy.lang.MetaClassImpl.invokeMethod;groovy.lang.MetaClassImpl.doInvokeMethod;groovy.lang.MetaMethod.doMethodInvoke;org.codehaus.groovy.reflection.CachedMethod.invoke;java.lang.reflect.Method.invoke;jdk.internal.reflect.DirectMethodHandleAccessor.invoke;jdk.internal.reflect.DirectMethodHandleAccessor.invokeImpl;java.lang.invoke.Invokers$Holder.invokeExact_MT;java.lang.invoke.LambdaForm$MH/0x000001f9e61a4400.invoke;java.lang.invoke.LambdaForm$DMH/0x000001f9e61a2400.invokeVirtual;io.restassured.internal.RequestSpecificationImpl.this$2$applyPathParamsAndSendRequest;io.restassured.internal.RequestSpecificationImpl.applyPathParamsAndSendRequest;org.codehaus.groovy.runtime.callsite.AbstractCallSite.call;org.codehaus.groovy.runtime.callsite.AbstractCallSite.call;org.codehaus.groovy.runtime.callsite.CallSiteArray.defaultCall;io.restassured.filter.FilterContext$next.call;io.restassured.internal.filter.FilterContextImpl.next;org.codehaus.groovy.runtime.callsite.AbstractCallSite.call;org.codehaus.groovy.runtime.callsite.AbstractCallSite.call;org.codehaus.groovy.runtime.callsite.CallSiteArray.defaultCall;io.restassured.filter.Filter$filter.call;io.restassured.internal.filter.CsrfFilter.filter;org.codehaus.groovy.runtime.callsite.AbstractCallSite.call;org.codehaus.groovy.runtime.callsite.AbstractCallSite.call;org.codehaus.groovy.runtime.callsite.CallSiteArray.defaultCall;io.restassured.filter.FilterContext$next.call;io.restassured.internal.filter.FilterContextImpl.next;io.restassured.filter.Filter$filter.call;org.codehaus.groovy.runtime.callsite.CallSiteArray.defaultCall;io.restassured.filter.Filter$filter$0.call;io.restassured.filter.time.TimingFilter.filter;io.restassured.internal.filter.FilterContextImpl.next;io.restassured.filter.Filter$filter$0.call;org.codehaus.groovy.runtime.callsite.CallSiteArray.defaultCall;io.restassured.filter.Filter$filter.call;io.restassured.internal.filter.SendRequestFilter.filter;org.codehaus.groovy.runtime.callsite.AbstractCallSite.call;org.codehaus.groovy.runtime.callsite.AbstractCallSite.call;org.codehaus.groovy.runtime.callsite.CallSiteArray.defaultCall;org.codehaus.groovy.runtime.callsite.PogoInterceptableSite.call;io.restassured.internal.RequestSpecificationImpl.invokeMethod;groovy.lang.MetaClassImpl.invokeMethod;groovy.lang.MetaClassImpl.invokeMethod;groovy.lang.MetaClassImpl.invokeMethod;groovy.lang.MetaClassImpl.doInvokeMethod;groovy.lang.MetaMethod.doMethodInvoke;org.codehaus.groovy.reflection.CachedMethod.invoke;java.lang.reflect.Method.invoke;jdk.internal.reflect.DirectMethodHandleAccessor.invoke;jdk.internal.reflect.DirectMethodHandleAccessor.invokeImpl;java.lang.invoke.Invokers$Holder.invokeExact_MT;java.lang.invoke.LambdaForm$MH/0x000001f9e6211000.invoke;java.lang.invoke.LambdaForm$DMH/0x000001f9e6210000.invokeVirtual;io.restassured.internal.RequestSpecificationImpl.this$2$sendRequest;io.restassured.internal.RequestSpecificationImpl.sendRequest;org.codehaus.groovy.runtime.callsite.AbstractCallSite.callCurrent;org.codehaus.groovy.runtime.callsite.AbstractCallSite.callCurrent;org.codehaus.groovy.runtime.callsite.CallSiteArray.defaultCallCurrent;org.codehaus.groovy.runtime.callsite.PogoInterceptableSite.callCurrent;org.codehaus.groovy.runtime.callsite.PogoInterceptableSite.call;io.restassured.internal.RequestSpecificationImpl.invokeMethod;groovy.lang.MetaClassImpl.invokeMethod;groovy.lang.MetaClassImpl.invokeMethod;groovy.lang.MetaClassImpl.invokeMethod;groovy.lang.MetaClassImpl.doInvokeMethod;groovy.lang.MetaMethod.doMethodInvoke;org.codehaus.groovy.reflection.CachedMethod.invoke;java.lang.reflect.Method.invoke;jdk.internal.reflect.DirectMethodHandleAccessor.invoke;jdk.internal.reflect.DirectMethodHandleAccessor.invokeImpl;java.lang.invoke.Invokers$Holder.invokeExact_MT;java.lang.invoke.LambdaForm$MH/0x000001f9e6171000.invoke;java.lang.invoke.LambdaForm$DMH/0x000001f9e6170800.invokeVirtual;io.restassured.internal.RequestSpecificationImpl.assertCorrectNumberOfPathParams;org.codehaus.groovy.runtime.callsite.AbstractCallSite.callCurrent;org.codehaus.groovy.runtime.callsite.AbstractCallSite.callCurrent;org.codehaus.groovy.runtime.callsite.CallSiteArray.defaultCallCurrent;org.codehaus.groovy.runtime.callsite.PogoInterceptableSite.callCurrent;org.codehaus.groovy.runtime.callsite.PogoInterceptableSite.call;io.restassured.internal.RequestSpecificationImpl.invokeMethod;groovy.lang.MetaClassImpl.invokeMethod;groovy.lang.MetaClassImpl.invokeMethod;groovy.lang.MetaClassImpl.invokeMethod;groovy.lang.MetaClassImpl.doInvokeMethod;groovy.lang.MetaMethod.doMethodInvoke;org.codehaus.groovy.reflection.CachedMethod.invoke;java.lang.reflect.Method.invoke;jdk.internal.reflect.DirectMethodHandleAccessor.invoke;jdk.internal.reflect.DirectMethodHandleAccessor.invokeImpl;java.lang.invoke.Invokers$Holder.invokeExact_MT;java.lang.invoke.LambdaForm$MH/0x000001f9e6020000.invoke;java.lang.invoke.DirectMethodHandle$Holder.invokeVirtual;io.restassured.internal.RequestSpecificationImpl.getRedundantNamedPathParams;org.codehaus.groovy.runtime.callsite.AbstractCallSite.call;org.codehaus.groovy.runtime.callsite.AbstractCallSite.call;org.codehaus.groovy.runtime.callsite.CallSiteArray.defaultCall;org.codehaus.groovy.runtime.callsite.CallSiteArray.createCallSite;org.codehaus.groovy.runtime.callsite.CallSiteArray.createPojoSite;org.codehaus.groovy.runtime.InvokerHelper.getMetaClass;org.codehaus.groovy.runtime.metaclass.MetaClassRegistryImpl.getMetaClass;org.codehaus.groovy.reflection.ClassInfo.getMetaClass;org.codehaus.groovy.reflection.ClassInfo.getMetaClass;org.codehaus.groovy.reflection.ClassInfo.getMetaClassUnderLock;groovy.lang.MetaClassImpl.initialize;groovy.lang.MetaClassImpl.reinitialize;groovy.lang.MetaClassImpl.addProperties;groovy.lang.MetaClassImpl.doPrivileged;java.security.AccessController.doPrivileged;java.security.AccessController.executePrivileged;groovy.lang.MetaClassImpl$$Lambda/0x000001f9e61424f0.run;groovy.lang.MetaClassImpl.lambda$addProperties$25;java.beans.Introspector.getBeanInfo;java.beans.Introspector.getBeanInfo;java.beans.Introspector.getTargetMethodInfo;java.beans.MethodDescriptor.<init>;java.beans.MethodDescriptor.<init>;java.beans.MethodDescriptor.setMethod;java.beans.MethodRef.set;java.lang.reflect.Method.toGenericString;java.lang.reflect.Executable.sharedToGenericString;java.util.stream.ReferencePipeline.collect;java.util.stream.AbstractPipeline.evaluate;java.util.stream.ReduceOps$ReduceOp.evaluateSequential;java.util.stream.AbstractPipeline.wrapAndCopyInto;java.util.stream.AbstractPipeline.copyInto;java.util.Spliterators$ArraySpliterator.forEachRemaining;java.util.stream.ReferencePipeline$3$1.accept;java.util.stream.ReduceOps$3ReducingSink.accept;java.util.stream.Collectors$$Lambda/0x800000042.accept,0.0000
org.apache.maven.surefire.booter.ForkedBooter.main;org.apache.maven.surefire.booter.ForkedBooter.run;org.apache.maven.surefire.booter.ForkedBooter.execute;org.apache.maven.surefire.booter.ForkedBooter.runSuitesInProcess;org.apache.maven.surefire.junitplatform.JUnitPlatformProvider.invoke;org.apache.maven.surefire.junitplatform.JUnitPlatformProvider.invokeAllTests;org.apache.maven.surefire.junitplatform.JUnitPlatformProvider.execute;org.apache.maven.surefire.junitplatform.LazyLauncher.execute;org.junit.platform.launcher.core.DelegatingLauncher.execute;org.junit.platform.launcher.core.DefaultLauncher.execute;org.junit.platform.launcher.core.DefaultLauncher.execute;org.junit.platform.launcher.core.EngineExecutionOrchestrator.execute;org.junit.platform.launcher.core.EngineExecutionOrchestrator.withInterceptedStreams;org.junit.platform.launcher.core.EngineExecutionOrchestrator$$Lambda/0x000001f9e60a6e28.accept;org.junit.platform.launcher.core.EngineExecutionOrchestrator.lambda$execute$0;org.junit.platform.launcher.core.EngineExecutionOrchestrator.execute;org.junit.platform.launcher.core.EngineExecutionOrchestrator.execute;org.junit.platform.launcher.core.EngineExecutionOrchestrator.execute;org.junit.platform.engine.support.hierarchical.HierarchicalTestEngine.execute;org.junit.platform.engine.support.hierarchical.HierarchicalTestExecutor.execute;org.junit.platform.engine.support.hierarchical.SameThreadHierarchicalTestExecutorService.submit;org.junit.platform.engine.support.hierarchical.NodeTestTask.execute;org.junit.platform.engine.support.hierarchical.NodeTestTask.executeRecursively;org.junit.platform.engine.support.hierarchical.ThrowableCollector.execute;org.junit.platform.engine.support.hierarchical.NodeTestTask$$Lambda/0x000001f9e60b6e68.execute;org.junit.platform.engine.support.hierarchical.NodeTestTask.lambda$executeRecursively$9;org.junit.platform.engine.support.hierarchical.Node.around;org.junit.platform.engine.support.hierarchical.NodeTestTask$$Lambda/0x000001f9e60b7290.invoke;org.junit.platform.engine.support.hierarchical.NodeTestTask.lambda$executeRecursively$8;org.junit.platform.engine.support.hierarchical.ThrowableCollector.execute;org.junit.platform.engine.support.hierarchical.NodeTestTask$$Lambda/0x000001f9e60b74b8.execute;org.junit.platform.engine.support.hierarchical.NodeTestTask.lambda$executeRecursively$6;org.junit.platform.engine.support.hierarchical.SameThreadHierarchicalTestExecutorService.invokeAll;java.util.ArrayList.forEach;org.junit.platform.engine.support.hierarchical.SameThreadHierarchicalTestExecutorService$$Lambda/0x000001f9e60bc000.accept;org.junit.platform.engine.support.hierarchical.NodeTestTask.execute;org.junit.platform.engine.support.hierarchical.NodeTestTask.executeRecursively;org.junit.platform.engine.support.hierarchical.ThrowableCollector.execute;org.junit.platform.engine.support.hierarchical.NodeTestTask$$Lambda/0x000001f9e60b6e68.execute;org.junit.platform.engine.support.hierarchical.NodeTestTask.lambda$executeRecursively$9;org.junit.platform.engine.support.hierarchical.Node.around;org.junit.platform.engine.support.hierarchical.NodeTestTask$$Lambda/0x000001f9e60b7290.invoke;org.junit.platform.engine.support.hierarchical.NodeTestTask.lambda$executeRecursively$8;org.junit.platform.engine.support.hierarchical.ThrowableCollector.execute;org.junit.platform.engine.support.hierarchical.NodeTestTask$$Lambda/0x000001f9e60b74b8.execute;org.junit.platform.engine.support.hierarchical.NodeTestTask.lambda$executeRecursively$6;org.junit.platform.engine.support.hierarchical.SameThreadHierarchicalTestExecutorService.invokeAll;java.util.ArrayList.forEach;org.junit.platform.engine.support.hierarchical.SameThreadHierarchicalTestExecutorService$$Lambda/0x000001f9e60bc000.accept;org.junit.platform.engine.support.hierarchical.NodeTestTask.execute;org.junit.platform.engine.support.hierarchical.NodeTestTask.executeRecursively;org.junit.platform.engine.support.hierarchical.ThrowableCollector.execute;org.junit.platform.engine.support.hierarchical.NodeTestTask$$Lambda/0x000001f9e60b6e68.execute;org.junit.platform.engine.support.hierarchical.NodeTestTask.lambda$executeRecursively$9;org.junit.platform.engine.support.hierarchical.Node.around;org.junit.platform.engine.support.hierarchical.NodeTestTask$$Lambda/0x000001f9e60b7290.invoke;org.junit.platform.engine.support.hierarchical.NodeTestTask.lambda$executeRecursively$8;org.junit.platform.engine.support.hierarchical.ThrowableCollector.execute;org.junit.platform.engine.support.hierarchical.NodeTestTask$$Lambda/0x000001f9e60b74b8.execute;org.junit.platform.engine.support.hierarchical.NodeTestTask.lambda$executeRecursively$6;org.junit.jupiter.engine.descriptor.TestMethodTestDescriptor.execute;org.junit.jupiter.engine.descriptor.TestMethodTestDescriptor.execute;org.junit.jupiter.engine.descriptor.TestMethodTestDescriptor.invokeTestMethod;org.junit.platform.engine.support.hierarchical.ThrowableCollector.execute;org.junit.jupiter.engine.descriptor.TestMethodTestDescriptor$$Lambda/0x000001f9e6176848.execute;org.junit.jupiter.engine.descriptor.TestMethodTestDescriptor.lambda$invokeTestMethod$7;org.junit.jupiter.engine.execution.InterceptingExecutableInvoker.invoke;org.junit.jupiter.engine.execution.InterceptingExecutableInvoker.invoke;org.junit.jupiter.engine.execution.InvocationInterceptorChain.invoke;org.junit.jupiter.engine.execution.InvocationInterceptorChain.chainAndInvoke;org.junit.jupiter.engine.execution.InvocationInterceptorChain.proceed;org.junit.jupiter.engine.execution.InvocationInterceptorChain$InterceptedInvocation.proceed;org.junit.jupiter.engine.execution.InterceptingExecutableInvoker$$Lambda/0x000001f9e6104a00.apply;org.junit.jupiter.engine.execution.InterceptingExecutableInvoker.lambda$invoke$0;org.junit.jupiter.engine.execution.InterceptingExecutableInvoker$ReflectiveInterceptorCall$$Lambda/0x000001f9e60930f0.apply;org.junit.jupiter.engine.execution.InterceptingExecutableInvoker$ReflectiveInterceptorCall.lambda$ofVoidMethod$0;org.junit.jupiter.engine.descriptor.TestMethodTestDescriptor$$Lambda/0x000001f9e6092cd0.apply;org.junit.jupiter.engine.extension.TimeoutExtension.interceptTestMethod;org.junit.jupiter.engine.extension.TimeoutExtension.interceptTestableMethod;org.junit.jupiter.engine.extension.TimeoutExtension.intercept;org.junit.jupiter.engine.execution.InvocationInterceptorChain$ValidatingInvocation.proceed;org.junit.jupiter.engine.execution.MethodInvocation.proceed;org.junit.platform.commons.util.ReflectionUtils.invokeMethod;java.lang.reflect.Method.invoke;jdk.internal.reflect.DirectMethodHandleAccessor.invoke;jdk.internal.reflect.DirectMethodHandleAccessor.invokeImpl;java.lang.invoke.Invokers$Holder.invokeExact_MT;java.lang.invoke.LambdaForm$MH/0x000001f9e6171000.invoke;java.lang.invoke.LambdaForm$DMH/0x000001f9e6170800.invokeVirtual;com.collaboration.petclinic.api.tests.PetAPITests.testAddPetSuccessfully;io.restassured.internal.ValidatableResponseOptionsImpl.statusCode;io.restassured.internal.ResponseSpecificationImpl.statusCode;org.codehaus.groovy.runtime.callsite.AbstractCallSite.callStatic;org.codehaus.groovy.runtime.callsite.AbstractCallSite.callStatic;org.codehaus.groovy.runtime.callsite.CallSiteArray.defaultCallStatic;org.codehaus.groovy.runtime.callsite.CallSiteArray.createCallStaticSite;org.codehaus.groovy.runtime.InvokerHelper.getMetaClass;org.codehaus.groovy.runtime.metaclass.MetaClassRegistryImpl.getMetaClass;org.codehaus.groovy.reflection.ClassInfo.getMetaClass;org.codehaus.groovy.reflection.ClassInfo.getMetaClassUnderLock;groovy.lang.MetaClassImpl.initialize;groovy.lang.MetaClassImpl.reinitialize;groovy.lang.MetaClassImpl.addProperties;groovy.lang.MetaClassImpl.doPrivileged;java.security.AccessController.doPrivileged;java.security.AccessController.executePrivileged;groovy.lang.MetaClassImpl$$Lambda/0x000001f9e61424f0.run;groovy.lang.MetaClassImpl.lambda$addProperties$25;java.beans.Introspector.getBeanInfo;java.beans.Introspector.getBeanInfo;java.beans.Introspector.getTargetMethodInfo;com.sun.beans.introspect.ClassInfo.getMethods;com.sun.beans.introspect.MethodInfo.get;java.lang.Class.getMethods;java.lang.Class.privateGetPublicMethods;java.lang.Class.privateGetDeclaredMethods;java.lang.Class.getDeclaredMethods0,0.0000
org.apache.maven.surefire.booter.ForkedBooter.main;org.apache.maven.surefire.booter.ForkedBooter.run;org.apache.maven.surefire.booter.ForkedBooter.execute;org.apache.maven.surefire.booter.ForkedBooter.runSuitesInProcess;org.apache.maven.surefire.junitplatform.JUnitPlatformProvider.invoke;org.apache.maven.surefire.junitplatform.JUnitPlatformProvider.invokeAllTests;org.apache.maven.surefire.junitplatform.JUnitPlatformProvider.execute;org.apache.maven.surefire.junitplatform.LazyLauncher.execute;org.junit.platform.launcher.core.DelegatingLauncher.execute;org.junit.platform.launcher.core.DefaultLauncher.execute;org.junit.platform.launcher.core.DefaultLauncher.execute;org.junit.platform.launcher.core.EngineExecutionOrchestrator.execute;org.junit.platform.launcher.core.EngineExecutionOrchestrator.withInterceptedStreams;org.junit.platform.launcher.core.EngineExecutionOrchestrator$$Lambda/0x000001f9e60a6e28.accept;org.junit.platform.launcher.core.EngineExecutionOrchestrator.lambda$execute$0;org.junit.platform.launcher.core.EngineExecutionOrchestrator.execute;org.junit.platform.launcher.core.EngineExecutionOrchestrator.execute;org.junit.platform.launcher.core.EngineExecutionOrchestrator.execute;org.junit.platform.engine.support.hierarchical.HierarchicalTestEngine.execute;org.junit.platform.engine.support.hierarchical.HierarchicalTestExecutor.execute;org.junit.platform.engine.support.hierarchical.SameThreadHierarchicalTestExecutorService.submit;org.junit.platform.engine.support.hierarchical.NodeTestTask.execute;org.junit.platform.engine.support.hierarchical.NodeTestTask.executeRecursively;org.junit.platform.engine.support.hierarchical.ThrowableCollector.execute;org.junit.platform.engine.support.hierarchical.NodeTestTask$$Lambda/0x000001f9e60b6e68.execute;org.junit.platform.engine.support.hierarchical.NodeTestTask.lambda$executeRecursively$9;org.junit.platform.engine.support.hierarchical.Node.around;org.junit.platform.engine.support.hierarchical.NodeTestTask$$Lambda/0x000001f9e60b7290.invoke;org.junit.platform.engine.support.hierarchical.NodeTestTask.lambda$executeRecursively$8;org.junit.platform.engine.support.hierarchical.ThrowableCollector.execute;org.junit.platform.engine.support.hierarchical.NodeTestTask$$Lambda/0x000001f9e60b74b8.execute;org.junit.platform.engine.support.hierarchical.NodeTestTask.lambda$executeRecursively$6;org.junit.platform.engine.support.hierarchical.SameThreadHierarchicalTestExecutorService.invokeAll;java.util.ArrayList.forEach;org.junit.platform.engine.support.hierarchical.SameThreadHierarchicalTestExecutorService$$Lambda/0x000001f9e60bc000.accept;org.junit.platform.engine.support.hierarchical.NodeTestTask.execute;org.junit.platform.engine.support.hierarchical.NodeTestTask.executeRecursively;org.junit.platform.engine.support.hierarchical.ThrowableCollector.execute;org.junit.platform.engine.support.hierarchical.NodeTestTask$$Lambda/0x000001f9e60b6e68.execute;org.junit.platform.engine.support.hierarchical.NodeTestTask.lambda$executeRecursively$9;org.junit.platform.engine.support.hierarchical.Node.around;org.junit.platform.engine.support.hierarchical.NodeTestTask$$Lambda/0x000001f9e60b7290.invoke;org.junit.platform.engine.support.hierarchical.NodeTestTask.lambda$executeRecursively$8;org.junit.platform.engine.support.hierarchical.ThrowableCollector.execute;org.junit.platform.engine.support.hierarchical.NodeTestTask$$Lambda/0x000001f9e60b74b8.execute;org.junit.platform.engine.support.hierarchical.NodeTestTask.lambda$executeRecursively$6;org.junit.platform.engine.support.hierarchical.SameThreadHierarchicalTestExecutorService.invokeAll;java.util.ArrayList.forEach;org.junit.platform.engine.support.hierarchical.SameThreadHierarchicalTestExecutorService$$Lambda/0x000001f9e60bc000.accept;org.junit.platform.engine.support.hierarchical.NodeTestTask.execute;org.junit.platform.engine.support.hierarchical.NodeTestTask.executeRecursively;org.junit.platform.engine.support.hierarchical.ThrowableCollector.execute;org.junit.platform.engine.support.hierarchical.NodeTestTask$$Lambda/0x000001f9e60b6e68.execute;org.junit.platform.engine.support.hierarchical.NodeTestTask.lambda$executeRecursively$9;org.junit.platform.engine.support.hierarchical.Node.around;org.junit.platform.engine.support.hierarchical.NodeTestTask$$Lambda/0x000001f9e60b7290.invoke;org.junit.platform.engine.support.hierarchical.NodeTestTask.lambda$executeRecursively$8;org.junit.platform.engine.support.hierarchical.ThrowableCollector.execute;org.junit.platform.engine.support.hierarchical.NodeTestTask$$Lambda/0x000001f9e60b74b8.execute;org.junit.platform.engine.support.hierarchical.NodeTestTask.lambda$executeRecursively$6;org.junit.jupiter.engine.descriptor.TestMethodTestDescriptor.execute;org.junit.jupiter.engine.descriptor.TestMethodTestDescriptor.execute;org.junit.jupiter.engine.descriptor.TestMethodTestDescriptor.invokeTestMethod;org.junit.platform.engine.support.hierarchical.ThrowableCollector.execute;org.junit.jupiter.engine.descriptor.TestMethodTestDescriptor$$Lambda/0x000001f9e6176848.execute;org.junit.jupiter.engine.descriptor.TestMethodTestDescriptor.lambda$invokeTestMethod$7;org.junit.jupiter.engine.execution.InterceptingExecutableInvoker.invoke;org.junit.jupiter.engine.execution.InterceptingExecutableInvoker.invoke;org.junit.jupiter.engine.execution.InvocationInterceptorChain.invoke;org.junit.jupiter.engine.execution.InvocationInterceptorChain.chainAndInvoke;org.junit.jupiter.engine.execution.InvocationInterceptorChain.proceed;org.junit.jupiter.engine.execution.InvocationInterceptorChain$InterceptedInvocation.proceed;org.junit.jupiter.engine.execution.InterceptingExecutableInvoker$$Lambda/0x000001f9e6104a00.apply;org.junit.jupiter.engine.execution.InterceptingExecutableInvoker.lambda$invoke$0;org.junit.jupiter.engine.execution.InterceptingExecutableInvoker$ReflectiveInterceptorCall$$Lambda/0x000001f9e60930f0.apply;org.junit.jupiter.engine.execution.InterceptingExecutableInvoker$ReflectiveInterceptorCall.lambda$ofVoidMethod$0;org.junit.jupiter.engine.descriptor.TestMethodTestDescriptor$$Lambda/0x000001f9e6092cd0.apply;org.junit.jupiter.engine.extension.TimeoutExtension.interceptTestMethod;org.junit.jupiter.engine.extension.TimeoutExtension.interceptTestableMethod;org.junit.jupiter.engine.extension.TimeoutExtension.intercept;org.junit.jupiter.engine.execution.InvocationInterceptorChain$ValidatingInvocation.proceed;org.junit.jupiter.engine.execution.MethodInvocation.proceed;org.junit.platform.commons.util.ReflectionUtils.invokeMethod;java.lang.reflect.Method.invoke;jdk.internal.reflect.DirectMethodHandleAccessor.invoke;jdk.internal.reflect.DirectMethodHandleAccessor.invokeImpl;java.lang.invoke.Invokers$Holder.invokeExact_MT;java.lang.invoke.LambdaForm$MH/0x000001f9e6171000.invoke;java.lang.invoke.LambdaForm$DMH/0x000001f9e6170800.invokeVirtual;com.collaboration.petclinic.api.tests.PetAPITests.testAddPetSuccessfully;io.restassured.internal.RequestSpecificationImpl.post;io.restassured.internal.RequestSpecificationImpl.post;org.codehaus.groovy.runtime.callsite.AbstractCallSite.callCurrent;org.codehaus.groovy.runtime.callsite.AbstractCallSite.callCurrent;org.codehaus.groovy.runtime.callsite.CallSiteArray.defaultCallCurrent;org.codehaus.groovy.runtime.callsite.PogoInterceptableSite.callCurrent;org.codehaus.groovy.runtime.callsite.PogoInterceptableSite.call;io.restassured.internal.RequestSpecificationImpl.invokeMethod;groovy.lang.MetaClassImpl.invokeMethod;groovy.lang.MetaClassImpl.invokeMethod;groovy.lang.MetaClassImpl.invokeMethod;groovy.lang.MetaClassImpl.doInvokeMethod;groovy.lang.MetaMethod.doMethodInvoke;org.codehaus.groovy.reflection.CachedMethod.invoke;java.lang.reflect.Method.invoke;jdk.internal.reflect.DirectMethodHandleAccessor.invoke;jdk.internal.reflect.DirectMethodHandleAccessor.invokeImpl;java.lang.invoke.Invokers$Holder.invokeExact_MT;java.lang.invoke.LambdaForm$MH/0x000001f9e61a3400.invoke;java.lang.invoke.LambdaForm$DMH/0x000001f9e61a2400.invokeVirtual;io.restassured.internal.RequestSpecificationImpl.this$2$applyPathParamsAndSendRequest;io.restassured.internal.RequestSpecificationImpl.applyPathParamsAndSendRequest;org.codehaus.groovy.runtime.callsite.AbstractCallSite.callCurrent;org.codehaus.groovy.runtime.callsite.AbstractCallSite.callCurrent;org.codehaus.groovy.runtime.callsite.CallSiteArray.defaultCallCurrent;org.codehaus.groovy.runtime.callsite.PogoInterceptableSite.callCurrent;org.codehaus.groovy.runtime.callsite.PogoInterceptableSite.call;io.restassured.internal.RequestSpecificationImpl.invokeMethod;groovy.lang.MetaClassImpl.invokeMethod;groovy.lang.MetaClassImpl.invokeMethod;groovy.lang.MetaClassImpl.invokeMethod;groovy.lang.MetaClassImpl.doInvokeMethod;groovy.lang.MetaMethod.doMethodInvoke;org.codehaus.groovy.reflection.CachedMethod.invoke;java.lang.reflect.Method.invoke;jdk.internal.reflect.DirectMethodHandleAccessor.invoke;jdk.internal.reflect.DirectMethodHandleAccessor.invokeImpl;java.lang.invoke.Invokers$Holder.invokeExact_MT;java.lang.invoke.LambdaForm$MH/0x000001f9e61a4400.invoke;java.lang.invoke.LambdaForm$DMH/0x000001f9e61a2400.invokeVirtual;io.restassured.internal.RequestSpecificationImpl.this$2$applyPathParamsAndSendRequest;io.restassured.internal.RequestSpecificationImpl.applyPathParamsAndSendRequest;org.codehaus.groovy.runtime.callsite.AbstractCallSite.call;org.codehaus.groovy.runtime.callsite.AbstractCallSite.call;org.codehaus.groovy.runtime.callsite.CallSiteArray.defaultCall;io.restassured.filter.FilterContext$next.call;io.restassured.internal.filter.FilterContextImpl.next;org.codehaus.groovy.runtime.callsite.AbstractCallSite.call;org.codehaus.groovy.runtime.callsite.AbstractCallSite.call;org.codehaus.groovy.runtime.callsite.CallSiteArray.defaultCall;io.restassured.filter.Filter$filter.call;io.restassured.internal.filter.CsrfFilter.filter;org.codehaus.groovy.runtime.callsite.AbstractCallSite.call;org.codehaus.groovy.runtime.callsite.AbstractCallSite.call;org.codehaus.groovy.runtime.callsite.CallSiteArray.defaultCall;io.restassured.filter.FilterContext$next.call;io.restassured.internal.filter.FilterContextImpl.next;io.restassured.filter.Filter$filter.call;org.codehaus.groovy.runtime.callsite.CallSiteArray.defaultCall;io.restassured.filter.Filter$filter$0.call;io.restassured.filter.time.TimingFilter.filter;io.restassured.internal.filter.FilterContextImpl.next;io.restassured.filter.Filter$filter$0.call;org.codehaus.groovy.runtime.callsite.CallSiteArray.defaultCall;io.restassured.filter.Filter$filter.call;io.restassured.internal.filter.SendRequestFilter.filter;org.codehaus.groovy.runtime.callsite.AbstractCallSite.call;org.codehaus.groovy.runtime.callsite.AbstractCallSite.call;org.codehaus.groovy.runtime.callsite.CallSiteArray.defaultCall;org.codehaus.groovy.runtime.callsite.PogoInterceptableSite.call;io.restassured.internal.RequestSpecificationImpl.invokeMethod;groovy.lang.MetaClassImpl.invokeMethod;groovy.lang.MetaClassImpl.invokeMethod;groovy.lang.MetaClassImpl.invokeMethod;groovy.lang.MetaClassImpl.doInvokeMethod;groovy.lang.MetaMethod.doMethodInvoke;org.codehaus.groovy.reflection.CachedMethod.invoke;java.lang.reflect.Method.invoke;jdk.internal.reflect.DirectMethodHandleAccessor.invoke;jdk.internal.reflect.DirectMethodHandleAccessor.invokeImpl;java.lang.invoke.Invokers$Holder.invokeExact_MT;java.lang.invoke.LambdaForm$MH/0x000001f9e6211000.invoke;java.lang.invoke.LambdaForm$DMH/0x000001f9e6210000.invokeVirtual;io.restassured.internal.RequestSpecificationImpl.this$2$sendRequest;io.restassured.internal.RequestSpecificationImpl.sendRequest;org.codehaus.groovy.runtime.callsite.AbstractCallSite.callCurrent;org.codehaus.groovy.runtime.callsite.AbstractCallSite.callCurrent;org.codehaus.groovy.runtime.callsite.CallSiteArray.defaultCallCurrent;org.codehaus.groovy.runtime.callsite.PogoInterceptableSite.callCurrent;org.codehaus.groovy.runtime.callsite.PogoInterceptableSite.call;io.restassured.internal.RequestSpecificationImpl.invokeMethod;groovy.lang.MetaClassImpl.invokeMethod;groovy.lang.MetaClassImpl.invokeMethod;groovy.lang.MetaClassImpl.invokeMethod;groovy.lang.MetaClassImpl.doInvokeMethod;groovy.lang.MetaMethod.doMethodInvoke;org.codehaus.groovy.reflection.CachedMethod.invoke;java.lang.reflect.Method.invoke;jdk.internal.reflect.DirectMethodHandleAccessor.invoke;jdk.internal.reflect.DirectMethodHandleAccessor.invokeImpl;java.lang.invoke.Invokers$Holder.invokeExact_MT;java.lang.invoke.LambdaForm$MH/0x000001f9e618e400.invoke;java.lang.invoke.LambdaForm$DMH/0x000001f9e602c000.invokeVirtual;io.restassured.internal.RequestSpecificationImpl.this$2$applyProxySettings;io.restassured.internal.RequestSpecificationImpl.applyProxySettings;org.codehaus.groovy.runtime.callsite.AbstractCallSite.callGetProperty;org.codehaus.groovy.runtime.callsite.GetEffectivePojoPropertySite.getProperty;org.codehaus.groovy.runtime.metaclass.MethodMetaProperty$GetBeanMethodMetaProperty.getProperty;groovy.lang.MetaMethod.doMethodInvoke;org.codehaus.groovy.reflection.CachedMethod.invoke;java.lang.reflect.Method.invoke;jdk.internal.reflect.DirectMethodHandleAccessor.invoke;jdk.internal.reflect.DirectMethodHandleAccessor.invokeImpl;java.lang.invoke.Invokers$Holder.invokeExact_MT;java.lang.invoke.LambdaForm$MH/0x000001f9e6020000.invoke;java.lang.invoke.LambdaForm$DMH/0x000001f9e6034000.invokeInterface;org.apache.http.impl.client.AbstractHttpClient.getConnectionManager;org.apache.http.impl.client.AbstractHttpClient.createClientConnectionManager;java.lang.ClassLoader.loadClass;jdk.internal.loader.ClassLoaders$AppClassLoader.loadClass;jdk.internal.loader.BuiltinClassLoader.loadClass;jdk.internal.loader.BuiltinClassLoader.loadClassOrNull;jdk.internal.loader.BuiltinClassLoader.findClassOnClassPathOrNull;jdk.internal.loader.BuiltinClassLoader.defineClass;java.security.SecureClassLoader.defineClass;java.lang.ClassLoader.defineClass;java.lang.ClassLoader.defineClass1,0.0000
org.apache.maven.surefire.booter.ForkedBooter.main;org.apache.maven.surefire.booter.ForkedBooter.run;org.apache.maven.surefire.booter.ForkedBooter.execute;org.apache.maven.surefire.booter.ForkedBooter.runSuitesInProcess;org.apache.maven.surefire.junitplatform.JUnitPlatformProvider.invoke;org.apache.maven.surefire.junitplatform.JUnitPlatformProvider.invokeAllTests;org.apache.maven.surefire.junitplatform.JUnitPlatformProvider.execute;org.apache.maven.surefire.junitplatform.LazyLauncher.execute;org.junit.platform.launcher.core.DelegatingLauncher.execute;org.junit.platform.launcher.core.DefaultLauncher.execute;org.junit.platform.launcher.core.DefaultLauncher.execute;org.junit.platform.launcher.core.EngineExecutionOrchestrator.execute;org.junit.platform.launcher.core.EngineExecutionOrchestrator.withInterceptedStreams;org.junit.platform.launcher.core.EngineExecutionOrchestrator$$Lambda/0x000001f9e60a6e28.accept;org.junit.platform.launcher.core.EngineExecutionOrchestrator.lambda$execute$0;org.junit.platform.launcher.core.EngineExecutionOrchestrator.execute;org.junit.platform.launcher.core.EngineExecutionOrchestrator.execute;org.junit.platform.launcher.core.EngineExecutionOrchestrator.execute;org.junit.platform.engine.support.hierarchical.HierarchicalTestEngine.execute;org.junit.platform.engine.support.hierarchical.HierarchicalTestExecutor.execute;org.junit.platform.engine.support.hierarchical.SameThreadHierarchicalTestExecutorService.submit;org.junit.platform.engine.support.hierarchical.NodeTestTask.execute;org.junit.platform.engine.support.hierarchical.NodeTestTask.executeRecursively;org.junit.platform.engine.support.hierarchical.ThrowableCollector.execute;org.junit.platform.engine.support.hierarchical.NodeTestTask$$Lambda/0x000001f9e60b6e68.execute;org.junit.platform.engine.support.hierarchical.NodeTestTask.lambda$executeRecursively$9;org.junit.platform.engine.support.hierarchical.Node.around;org.junit.platform.engine.support.hierarchical.NodeTestTask$$Lambda/0x000001f9e60b7290.invoke;org.junit.platform.engine.support.hierarchical.NodeTestTask.lambda$executeRecursively$8;org.junit.platform.engine.support.hierarchical.ThrowableCollector.execute;org.junit.platform.engine.support.hierarchical.NodeTestTask$$Lambda/0x000001f9e60b74b8.execute;org.junit.platform.engine.support.hierarchical.NodeTestTask.lambda$executeRecursively$6;org.junit.platform.engine.support.hierarchical.SameThreadHierarchicalTestExecutorService.invokeAll;java.util.ArrayList.forEach;org.junit.platform.engine.support.hierarchical.SameThreadHierarchicalTestExecutorService$$Lambda/0x000001f9e60bc000.accept;org.junit.platform.engine.support.hierarchical.NodeTestTask.execute;org.junit.platform.engine.support.hierarchical.NodeTestTask.executeRecursively;org.junit.platform.engine.support.hierarchical.ThrowableCollector.execute;org.junit.platform.engine.support.hierarchical.NodeTestTask$$Lambda/0x000001f9e60b6e68.execute;org.junit.platform.engine.support.hierarchical.NodeTestTask.lambda$executeRecursively$9;org.junit.platform.engine.support.hierarchical.Node.around;org.junit.platform.engine.support.hierarchical.NodeTestTask$$Lambda/0x000001f9e60b7290.invoke;org.junit.platform.engine.support.hierarchical.NodeTestTask.lambda$executeRecursively$8;org.junit.platform.engine.support.hierarchical.ThrowableCollector.execute;org.junit.platform.engine.support.hierarchical.NodeTestTask$$Lambda/0x000001f9e60b74b8.execute;org.junit.platform.engine.support.hierarchical.NodeTestTask.lambda$executeRecursively$6;org.junit.jupiter.engine.descriptor.ClassBasedTestDescriptor.before;org.junit.jupiter.engine.descriptor.ClassBasedTestDescriptor.before;org.junit.jupiter.engine.descriptor.ClassBasedTestDescriptor.invokeBeforeAllCallbacks;org.junit.platform.engine.support.hierarchical.ThrowableCollector.execute;org.junit.jupiter.engine.descriptor.ClassBasedTestDescriptor$$Lambda/0x000001f9e6102378.execute;org.junit.jupiter.engine.descriptor.ClassBasedTestDescriptor.lambda$invokeBeforeAllCallbacks$12;org.junit.jupiter.engine.extension.TempDirectory.beforeAll;org.junit.jupiter.engine.extension.TempDirectory.injectStaticFields;org.junit.jupiter.engine.extension.TempDirectory.injectFields;org.junit.jupiter.engine.extension.TempDirectory.getScope;org.junit.jupiter.engine.execution.NamespaceAwareStore.getOrComputeIfAbsent;java.lang.invoke.Invokers$Holder.linkToTargetMethod;java.lang.invoke.DirectMethodHandle$Holder.newInvokeSpecial;org.junit.jupiter.engine.execution.NamespaceAwareStore$$Lambda/0x000001f9e6106ae0.<init>,0.0000
org.apache.maven.surefire.booter.ForkedBooter.main;org.apache.maven.surefire.booter.ForkedBooter.run;org.apache.maven.surefire.booter.ForkedBooter.execute;org.apache.maven.surefire.booter.ForkedBooter.runSuitesInProcess;org.apache.maven.surefire.junitplatform.JUnitPlatformProvider.invoke;org.apache.maven.surefire.junitplatform.JUnitPlatformProvider.invokeAllTests;org.apache.maven.surefire.junitplatform.JUnitPlatformProvider.execute;org.apache.maven.surefire.junitplatform.LazyLauncher.execute;org.junit.platform.launcher.core.DelegatingLauncher.execute;org.junit.platform.launcher.core.DefaultLauncher.execute;org.junit.platform.launcher.core.DefaultLauncher.execute;org.junit.platform.launcher.core.EngineExecutionOrchestrator.execute;org.junit.platform.launcher.core.EngineExecutionOrchestrator.withInterceptedStreams;org.junit.platform.launcher.core.EngineExecutionOrchestrator$$Lambda/0x000001f9e60a6e28.accept;org.junit.platform.launcher.core.EngineExecutionOrchestrator.lambda$execute$0;org.junit.platform.launcher.core.EngineExecutionOrchestrator.execute;org.junit.platform.launcher.core.EngineExecutionOrchestrator.execute;org.junit.platform.launcher.core.EngineExecutionOrchestrator.execute;org.junit.platform.engine.support.hierarchical.HierarchicalTestEngine.execute;org.junit.platform.engine.support.hierarchical.HierarchicalTestExecutor.execute;org.junit.platform.engine.support.hierarchical.SameThreadHierarchicalTestExecutorService.submit;org.junit.platform.engine.support.hierarchical.NodeTestTask.execute;org.junit.platform.engine.support.hierarchical.NodeTestTask.executeRecursively;org.junit.platform.engine.support.hierarchical.ThrowableCollector.execute;org.junit.platform.engine.support.hierarchical.NodeTestTask$$Lambda/0x000001f9e60b6e68.execute;org.junit.platform.engine.support.hierarchical.NodeTestTask.lambda$executeRecursively$9;org.junit.platform.engine.support.hierarchical.Node.around;org.junit.platform.engine.support.hierarchical.NodeTestTask$$Lambda/0x000001f9e60b7290.invoke;org.junit.platform.engine.support.hierarchical.NodeTestTask.lambda$executeRecursively$8;org.junit.platform.engine.support.hierarchical.ThrowableCollector.execute;org.junit.platform.engine.support.hierarchical.NodeTestTask$$Lambda/0x000001f9e60b74b8.execute;org.junit.platform.engine.support.hierarchical.NodeTestTask.lambda$executeRecursively$6;org.junit.platform.engine.support.hierarchical.SameThreadHierarchicalTestExecutorService.invokeAll;java.util.ArrayList.forEach;org.junit.platform.engine.support.hierarchical.SameThreadHierarchicalTestExecutorService$$Lambda/0x000001f9e60bc000.accept;org.junit.platform.engine.support.hierarchical.NodeTestTask.execute;org.junit.platform.engine.support.hierarchical.NodeTestTask.executeRecursively;org.junit.platform.engine.support.hierarchical.ThrowableCollector.execute;org.junit.platform.engine.support.hierarchical.NodeTestTask$$Lambda/0x000001f9e60b6e68.execute;org.junit.platform.engine.support.hierarchical.NodeTestTask.lambda$executeRecursively$9;org.junit.platform.engine.support.hierarchical.Node.around;org.junit.platform.engine.support.hierarchical.NodeTestTask$$Lambda/0x000001f9e60b7290.invoke;org.junit.platform.engine.support.hierarchical.NodeTestTask.lambda$executeRecursively$8;org.junit.platform.engine.support.hierarchical.ThrowableCollector.execute;org.junit.platform.engine.support.hierarchical.NodeTestTask$$Lambda/0x000001f9e60b74b8.execute;org.junit.platform.engine.support.hierarchical.NodeTestTask.lambda$executeRecursively$6;org.junit.platform.engine.support.hierarchical.SameThreadHierarchicalTestExecutorService.invokeAll;java.util.ArrayList.forEach;org.junit.platform.engine.support.hierarchical.SameThreadHierarchicalTestExecutorService$$Lambda/0x000001f9e60bc000.accept;org.junit.platform.engine.support.hierarchical.NodeTestTask.execute;org.junit.platform.engine.support.hierarchical.NodeTestTask.executeRecursively;org.junit.platform.engine.support.hierarchical.ThrowableCollector.execute;org.junit.platform.engine.support.hierarchical.NodeTestTask$$Lambda/0x000001f9e60b6e68.execute;org.junit.platform.engine.support.hierarchical.NodeTestTask.lambda$executeRecursively$9;org.junit.platform.engine.support.hierarchical.Node.around;org.junit.platform.engine.support.hierarchical.NodeTestTask$$Lambda/0x000001f9e60b7290.invoke;org.junit.platform.engine.support.hierarchical.NodeTestTask.lambda$executeRecursively$8;org.junit.platform.engine.support.hierarchical.ThrowableCollector.execute;org.junit.platform.engine.support.hierarchical.NodeTestTask$$Lambda/0x000001f9e60b74b8.execute;org.junit.platform.engine.support.hierarchical.NodeTestTask.lambda$executeRecursively$6;org.junit.jupiter.engine.descriptor.TestMethodTestDescriptor.execute;org.junit.jupiter.engine.descriptor.TestMethodTestDescriptor.execute;org.junit.jupiter.engine.descriptor.TestMethodTestDescriptor.invokeTestMethod;org.junit.platform.engine.support.hierarchical.ThrowableCollector.execute;org.junit.jupiter.engine.descriptor.TestMethodTestDescriptor$$Lambda/0x000001f9e6176848.execute;org.junit.jupiter.engine.descriptor.TestMethodTestDescriptor.lambda$invokeTestMethod$7;org.junit.jupiter.engine.execution.InterceptingExecutableInvoker.invoke;org.junit.jupiter.engine.execution.InterceptingExecutableInvoker.invoke;org.junit.jupiter.engine.execution.InvocationInterceptorChain.invoke;org.junit.jupiter.engine.execution.InvocationInterceptorChain.chainAndInvoke;org.junit.jupiter.engine.execution.InvocationInterceptorChain.proceed;org.junit.jupiter.engine.execution.InvocationInterceptorChain$InterceptedInvocation.proceed;org.junit.jupiter.engine.execution.InterceptingExecutableInvoker$$Lambda/0x000001f9e6104a00.apply;org.junit.jupiter.engine.execution.InterceptingExecutableInvoker.lambda$invoke$0;org.junit.jupiter.engine.execution.InterceptingExecutableInvoker$ReflectiveInterceptorCall$$Lambda/0x000001f9e60930f0.apply;org.junit.jupiter.engine.execution.InterceptingExecutableInvoker$ReflectiveInterceptorCall.lambda$ofVoidMethod$0;org.junit.jupiter.engine.descriptor.TestMethodTestDescriptor$$Lambda/0x000001f9e6092cd0.apply;org.junit.jupiter.engine.extension.TimeoutExtension.interceptTestMethod;org.junit.jupiter.engine.extension.TimeoutExtension.interceptTestableMethod;org.junit.jupiter.engine.extension.TimeoutExtension.intercept;org.junit.jupiter.engine.execution.InvocationInterceptorChain$ValidatingInvocation.proceed;org.junit.jupiter.engine.execution.MethodInvocation.proceed;org.junit.platform.commons.util.ReflectionUtils.invokeMethod;java.lang.reflect.Method.invoke;jdk.internal.reflect.DirectMethodHandleAccessor.invoke;jdk.internal.reflect.DirectMethodHandleAccessor.invokeImpl;java.lang.invoke.Invokers$Holder.invokeExact_MT;java.lang.invoke.LambdaForm$MH/0x000001f9e6171000.invoke;java.lang.invoke.LambdaForm$DMH/0x000001f9e6170800.invokeVirtual;com.collaboration.petclinic.api.tests.PetAPITests.testAddPetSuccessfully;io.restassured.internal.RequestSpecificationImpl.post;io.restassured.internal.RequestSpecificationImpl.post;org.codehaus.groovy.runtime.callsite.AbstractCallSite.callCurrent;org.codehaus.groovy.runtime.callsite.AbstractCallSite.callCurrent;org.codehaus.groovy.runtime.callsite.CallSiteArray.defaultCallCurrent;org.codehaus.groovy.runtime.callsite.PogoInterceptableSite.callCurrent;org.codehaus.groovy.runtime.callsite.PogoInterceptableSite.call;io.restassured.internal.RequestSpecificationImpl.invokeMethod;groovy.lang.MetaClassImpl.invokeMethod;groovy.lang.MetaClassImpl.invokeMethod;groovy.lang.MetaClassImpl.invokeMethod;groovy.lang.MetaClassImpl.doInvokeMethod;groovy.lang.MetaMethod.doMethodInvoke;org.codehaus.groovy.reflection.CachedMethod.invoke;java.lang.reflect.Method.invoke;jdk.internal.reflect.DirectMethodHandleAccessor.invoke;jdk.internal.reflect.DirectMethodHandleAccessor.invokeImpl;java.lang.invoke.Invokers$Holder.invokeExact_MT;java.lang.invoke.LambdaForm$MH/0x000001f9e61a3400.invoke;java.lang.invoke.LambdaForm$DMH/0x000001f9e61a2400.invokeVirtual;io.restassured.internal.RequestSpecificationImpl.this$2$applyPathParamsAndSendRequest;io.restassured.internal.RequestSpecificationImpl.applyPathParamsAndSendRequest;org.codehaus.groovy.runtime.callsite.AbstractCallSite.callCurrent;org.codehaus.groovy.runtime.callsite.AbstractCallSite.callCurrent;org.codehaus.groovy.runtime.callsite.CallSiteArray.defaultCallCurrent;org.codehaus.groovy.runtime.callsite.PogoInterceptableSite.callCurrent;org.codehaus.groovy.runtime.callsite.PogoInterceptableSite.call;io.restassured.internal.RequestSpecificationImpl.invokeMethod;groovy.lang.MetaClassImpl.invokeMethod;groovy.lang.MetaClassImpl.invokeMethod;groovy.lang.MetaClassImpl.invokeMethod;groovy.lang.MetaClassImpl.doInvokeMethod;groovy.lang.MetaMethod.doMethodInvoke;org.codehaus.groovy.reflection.CachedMethod.invoke;java.lang.reflect.Method.invoke;jdk.internal.reflect.DirectMethodHandleAccessor.invoke;jdk.internal.reflect.DirectMethodHandleAccessor.invokeImpl;java.lang.invoke.Invokers$Holder.invokeExact_MT;java.lang.invoke.LambdaForm$MH/0x000001f9e61a4400.invoke;java.lang.invoke.LambdaForm$DMH/0x000001f9e61a2400.invokeVirtual;io.restassured.internal.RequestSpecificationImpl.this$2$applyPathParamsAndSendRequest;io.restassured.internal.RequestSpecificationImpl.applyPathParamsAndSendRequest;org.codehaus.groovy.runtime.callsite.AbstractCallSite.callCurrent;org.codehaus.groovy.runtime.callsite.AbstractCallSite.callCurrent;org.codehaus.groovy.runtime.callsite.CallSiteArray.defaultCallCurrent;org.codehaus.groovy.runtime.callsite.PogoInterceptableSite.callCurrent;org.codehaus.groovy.runtime.callsite.PogoInterceptableSite.call;io.restassured.internal.RequestSpecificationImpl.invokeMethod;groovy.lang.MetaClassImpl.invokeMethod;groovy.lang.MetaClassImpl.invokeMethod;groovy.lang.MetaClassImpl.invokeMethod;groovy.lang.MetaClassImpl.doInvokeMethod;groovy.lang.MetaMethod.doMethodInvoke;org.codehaus.groovy.reflection.CachedMethod.invoke;java.lang.reflect.Method.invoke;jdk.internal.reflect.DirectMethodHandleAccessor.invoke;jdk.internal.reflect.DirectMethodHandleAccessor.invokeImpl;java.lang.invoke.Invokers$Holder.invokeExact_MT;java.lang.invoke.LambdaForm$MH/0x000001f9e61a2800.invoke;java.lang.invoke.LambdaForm$DMH/0x000001f9e61a2400.invokeVirtual;io.restassured.internal.RequestSpecificationImpl.newFilterContext;org.codehaus.groovy.runtime.callsite.AbstractCallSite.callCurrent;org.codehaus.groovy.runtime.callsite.AbstractCallSite.callCurrent;org.codehaus.groovy.runtime.callsite.CallSiteArray.defaultCallCurrent;org.codehaus.groovy.runtime.callsite.PogoInterceptableSite.callCurrent;org.codehaus.groovy.runtime.callsite.PogoInterceptableSite.call;io.restassured.internal.RequestSpecificationImpl.invokeMethod;groovy.lang.MetaClassImpl.invokeMethod;groovy.lang.MetaClassImpl.invokeMethod;groovy.lang.MetaClassImpl.invokeMethod;groovy.lang.MetaClassImpl.doInvokeMethod;groovy.lang.MetaMethod.doMethodInvoke;org.codehaus.groovy.reflection.CachedMethod.invoke;java.lang.reflect.Method.invoke;jdk.internal.reflect.DirectMethodHandleAccessor.invoke;jdk.internal.reflect.DirectMethodHandleAccessor.invokeImpl;java.lang.invoke.Invokers$Holder.invokeExact_MT;java.lang.invoke.LambdaForm$MH/0x000001f9e61b6000.invoke;java.lang.invoke.LambdaForm$DMH/0x000001f9e61b0400.invokeVirtual;io.restassured.internal.RequestSpecificationImpl.partiallyApplyPathParams;org.codehaus.groovy.runtime.typehandling.DefaultTypeTransformation.booleanUnbox;org.codehaus.groovy.runtime.typehandling.DefaultTypeTransformation.castToBoolean;org.codehaus.groovy.runtime.InvokerHelper.invokeMethod;org.codehaus.groovy.runtime.InvokerHelper.invokePojoMethod;org.codehaus.groovy.runtime.InvokerHelper.getMetaClass;org.codehaus.groovy.runtime.metaclass.MetaClassRegistryImpl.getMetaClass;org.codehaus.groovy.reflection.ClassInfo.getMetaClass;org.codehaus.groovy.reflection.ClassInfo.getMetaClass;org.codehaus.groovy.reflection.ClassInfo.getMetaClassUnderLock;groovy.lang.MetaClassImpl.initialize;groovy.lang.MetaClassImpl.reinitialize;groovy.lang.MetaClassImpl.fillMethodIndex;groovy.lang.MetaClassImpl.populateMethods;groovy.lang.MetaClassImpl.addMetaMethodToIndex;groovy.lang.MetaClassImpl.checkIfStdMethod;org.codehaus.groovy.runtime.typehandling.NumberMathModificationInfo.checkIfStdMethod;org.codehaus.groovy.runtime.typehandling.NumberMathModificationInfo.checkNumberOps;java.lang.invoke.MethodHandleNatives.linkMethodHandleConstant;java.lang.invoke.MethodHandles$Lookup.linkMethodHandleConstant;java.lang.invoke.MethodHandles$Lookup.resolveOrFail;java.lang.invoke.MemberName$Factory.resolveOrFail;java.lang.invoke.MemberName$Factory.resolve;java.lang.invoke.MemberName.ensureTypeVisible;sun.invoke.util.VerifyAccess.ensureTypeVisible;sun.invoke.util.VerifyAccess.ensureTypeVisible;java.security.AccessController.doPrivileged;java.security.AccessController.executePrivileged;sun.invoke.util.VerifyAccess$1.run;sun.invoke.util.VerifyAccess$1.run;java.lang.Class.forName;java.lang.Class.forName;java.lang.Class.forName0,0.0000
org.apache.maven.surefire.booter.ForkedBooter.main;org.apache.maven.surefire.booter.ForkedBooter.run;org.apache.maven.surefire.booter.ForkedBooter.execute;org.apache.maven.surefire.booter.ForkedBooter.runSuitesInProcess;org.apache.maven.surefire.junitplatform.JUnitPlatformProvider.invoke;org.apache.maven.surefire.junitplatform.JUnitPlatformProvider.scanClasspath;org.apache.maven.surefire.api.util.DefaultScanResult.applyFilter;org.apache.maven.surefire.junitplatform.TestPlanScannerFilter.accept;org.apache.maven.surefire.junitplatform.LazyLauncher.discover;org.junit.platform.launcher.core.DelegatingLauncher.discover;org.junit.platform.launcher.core.DefaultLauncher.discover;org.junit.platform.launcher.core.DefaultLauncher.discover;org.junit.platform.launcher.core.EngineDiscoveryOrchestrator.discover;org.junit.platform.launcher.core.EngineDiscoveryOrchestrator.discover;org.junit.platform.launcher.core.EngineDiscoveryOrchestrator.discoverSafely;org.junit.platform.launcher.core.EngineDiscoveryOrchestrator.discoverEngineRoot;org.junit.jupiter.engine.JupiterTestEngine.discover;org.junit.jupiter.engine.discovery.DiscoverySelectorResolver.resolveSelectors;org.junit.platform.engine.support.discovery.EngineDiscoveryRequestResolver.resolve;org.junit.platform.engine.support.discovery.EngineDiscoveryRequestResolution.run;org.junit.platform.engine.support.discovery.EngineDiscoveryRequestResolution.resolveCompletely;org.junit.platform.engine.support.discovery.EngineDiscoveryRequestResolution.resolve;org.junit.platform.engine.support.discovery.EngineDiscoveryRequestResolution.resolve;java.util.stream.ReferencePipeline.findFirst;java.util.stream.AbstractPipeline.evaluate;java.util.stream.FindOps$FindOp.evaluateSequential;java.util.stream.AbstractPipeline.wrapAndCopyInto;java.util.stream.AbstractPipeline.copyInto;java.util.stream.AbstractPipeline.copyIntoWithCancel;java.util.stream.ReferencePipeline.forEachWithCancel;java.util.ArrayList$ArrayListSpliterator.tryAdvance;java.util.stream.ReferencePipeline$3$1.accept;org.junit.platform.engine.support.discovery.EngineDiscoveryRequestResolution$$Lambda/0x000001f9e6080000.apply;org.junit.platform.engine.support.discovery.EngineDiscoveryRequestResolution.lambda$resolve$2;org.junit.jupiter.engine.discovery.ClassSelectorResolver.resolve;org.junit.jupiter.engine.discovery.predicates.IsTestClassWithTests.test;org.junit.jupiter.engine.discovery.predicates.IsTestClassWithTests.hasTestOrTestFactoryOrTestTemplateMethods;org.junit.platform.commons.util.ReflectionUtils.isMethodPresent;org.junit.platform.commons.util.ReflectionUtils.findMethod;java.util.function.Predicate$$Lambda/0x000001f9e6075880.test;java.util.function.Predicate.lambda$or$2;java.util.function.Predicate$$Lambda/0x000001f9e6075880.test;java.util.function.Predicate.lambda$or$2;org.junit.jupiter.engine.discovery.predicates.IsTestableMethod.test;org.junit.jupiter.engine.discovery.predicates.IsTestMethod.test;org.junit.jupiter.engine.discovery.predicates.IsTestableMethod.test;org.junit.platform.commons.util.AnnotationUtils.isAnnotated;org.junit.platform.commons.util.AnnotationUtils.findAnnotation;java.lang.Class.isAnnotationPresent;java.lang.reflect.AnnotatedElement.isAnnotationPresent;java.lang.Class.getAnnotation;java.lang.Class.annotationData;java.lang.Class.createAnnotationData;sun.reflect.annotation.AnnotationParser.parseAnnotations;sun.reflect.annotation.AnnotationParser.parseAnnotations2;sun.reflect.annotation.AnnotationParser.parseAnnotation2;sun.reflect.annotation.AnnotationParser.annotationForMap;java.security.AccessController.doPrivileged;java.security.AccessController.executePrivileged;sun.reflect.annotation.AnnotationParser$1.run;sun.reflect.annotation.AnnotationParser$1.run;java.lang.reflect.Proxy.newProxyInstance;java.lang.reflect.Proxy.getProxyConstructor;jdk.internal.loader.AbstractClassLoaderValue.computeIfAbsent;jdk.internal.loader.AbstractClassLoaderValue$Memoizer.get;java.lang.reflect.Proxy$$Lambda/0x000001f9e607f4d0.apply;java.lang.reflect.Proxy.lambda$getProxyConstructor$0;java.lang.reflect.Proxy$ProxyBuilder.build;java.lang.reflect.Proxy$ProxyBuilder.defineProxyClass;java.lang.reflect.ProxyGenerator.generateProxyClass;java.lang.reflect.ProxyGenerator.generateClassFile;jdk.internal.classfile.impl.ClassFileImpl.build;java.lang.reflect.ProxyGenerator$$Lambda/0x000001f9e60c5b38.accept;java.lang.reflect.ProxyGenerator.lambda$generateClassFile$0;java.lang.reflect.ProxyGenerator.generateStaticInitializer;java.lang.classfile.ClassBuilder.withMethodBody;java.lang.classfile.ClassBuilder.withMethodBody;jdk.internal.classfile.impl.DirectClassBuilder.withMethod;jdk.internal.classfile.impl.DirectMethodBuilder.run;java.lang.classfile.ClassBuilder$$Lambda/0x800000002.accept;java.lang.classfile.ClassBuilder.lambda$withMethodBody$2;jdk.internal.classfile.impl.DirectMethodBuilder.withCode;jdk.internal.classfile.impl.DirectMethodBuilder.withCode;jdk.internal.classfile.impl.DirectCodeBuilder.build;java.lang.reflect.ProxyGenerator$$Lambda/0x000001f9e60ca838.accept;java.lang.reflect.ProxyGenerator.lambda$generateStaticInitializer$4;java.lang.reflect.ProxyGenerator$ProxyMethod.codeFieldInitialization;java.lang.classfile.CodeBuilder.loadConstant;java.lang.classfile.CodeBuilder.iconst_0;jdk.internal.classfile.impl.DirectCodeBuilder.with;jdk.internal.classfile.impl.DirectCodeBuilder.with;jdk.internal.classfile.impl.AbstractInstruction$UnboundIntrinsicConstantInstruction.writeTo;jdk.internal.classfile.impl.AbstractInstruction$UnboundInstruction.writeTo,0.0000
org.apache.maven.surefire.booter.ForkedBooter.main;org.apache.maven.surefire.booter.ForkedBooter.run;org.apache.maven.surefire.booter.ForkedBooter.execute;org.apache.maven.surefire.booter.ForkedBooter.runSuitesInProcess;org.apache.maven.surefire.junitplatform.JUnitPlatformProvider.invoke;org.apache.maven.surefire.junitplatform.JUnitPlatformProvider.invokeAllTests;org.apache.maven.surefire.junitplatform.JUnitPlatformProvider.execute;org.apache.maven.surefire.junitplatform.LazyLauncher.execute;org.junit.platform.launcher.core.DelegatingLauncher.execute;org.junit.platform.launcher.core.DefaultLauncher.execute;org.junit.platform.launcher.core.DefaultLauncher.execute;org.junit.platform.launcher.core.EngineExecutionOrchestrator.execute;org.junit.platform.launcher.core.EngineExecutionOrchestrator.withInterceptedStreams;org.junit.platform.launcher.core.EngineExecutionOrchestrator$$Lambda/0x000001f9e60a6e28.accept;org.junit.platform.launcher.core.EngineExecutionOrchestrator.lambda$execute$0;org.junit.platform.launcher.core.EngineExecutionOrchestrator.execute;org.junit.platform.launcher.core.EngineExecutionOrchestrator.execute;org.junit.platform.launcher.core.EngineExecutionOrchestrator.execute;org.junit.platform.engine.support.hierarchical.HierarchicalTestEngine.execute;org.junit.platform.engine.support.hierarchical.HierarchicalTestExecutor.execute;org.junit.platform.engine.support.hierarchical.SameThreadHierarchicalTestExecutorService.submit;org.junit.platform.engine.support.hierarchical.NodeTestTask.execute;org.junit.platform.engine.support.hierarchical.NodeTestTask.executeRecursively;org.junit.platform.engine.support.hierarchical.ThrowableCollector.execute;org.junit.platform.engine.support.hierarchical.NodeTestTask$$Lambda/0x000001f9e60b6e68.execute;org.junit.platform.engine.support.hierarchical.NodeTestTask.lambda$executeRecursively$9;org.junit.platform.engine.support.hierarchical.Node.around;org.junit.platform.engine.support.hierarchical.NodeTestTask$$Lambda/0x000001f9e60b7290.invoke;org.junit.platform.engine.support.hierarchical.NodeTestTask.lambda$executeRecursively$8;org.junit.platform.engine.support.hierarchical.ThrowableCollector.execute;org.junit.platform.engine.support.hierarchical.NodeTestTask$$Lambda/0x000001f9e60b74b8.execute;org.junit.platform.engine.support.hierarchical.NodeTestTask.lambda$executeRecursively$6;org.junit.platform.engine.support.hierarchical.SameThreadHierarchicalTestExecutorService.invokeAll;java.util.ArrayList.forEach;org.junit.platform.engine.support.hierarchical.SameThreadHierarchicalTestExecutorService$$Lambda/0x000001f9e60bc000.accept;org.junit.platform.engine.support.hierarchical.NodeTestTask.execute;org.junit.platform.engine.support.hierarchical.NodeTestTask.executeRecursively;org.junit.platform.engine.support.hierarchical.ThrowableCollector.execute;org.junit.platform.engine.support.hierarchical.NodeTestTask$$Lambda/0x000001f9e60b6e68.execute;org.junit.platform.engine.support.hierarchical.NodeTestTask.lambda$executeRecursively$9;org.junit.platform.engine.support.hierarchical.Node.around;org.junit.platform.engine.support.hierarchical.NodeTestTask$$Lambda/0x000001f9e60b7290.invoke;org.junit.platform.engine.support.hierarchical.NodeTestTask.lambda$executeRecursively$8;org.junit.platform.engine.support.hierarchical.ThrowableCollector.execute;org.junit.platform.engine.support.hierarchical.NodeTestTask$$Lambda/0x000001f9e60b74b8.execute;org.junit.platform.engine.support.hierarchical.NodeTestTask.lambda$executeRecursively$6;org.junit.platform.engine.support.hierarchical.SameThreadHierarchicalTestExecutorService.invokeAll;java.util.ArrayList.forEach;org.junit.platform.engine.support.hierarchical.SameThreadHierarchicalTestExecutorService$$Lambda/0x000001f9e60bc000.accept;org.junit.platform.engine.support.hierarchical.NodeTestTask.execute;org.junit.platform.engine.support.hierarchical.NodeTestTask.executeRecursively;org.junit.platform.engine.support.hierarchical.ThrowableCollector.execute;org.junit.platform.engine.support.hierarchical.NodeTestTask$$Lambda/0x000001f9e60b6e68.execute;org.junit.platform.engine.support.hierarchical.NodeTestTask.lambda$executeRecursively$9;org.junit.platform.engine.support.hierarchical.Node.around;org.junit.platform.engine.support.hierarchical.NodeTestTask$$Lambda/0x000001f9e60b7290.invoke;org.junit.platform.engine.support.hierarchical.NodeTestTask.lambda$executeRecursively$8;org.junit.platform.engine.support.hierarchical.ThrowableCollector.execute;org.junit.platform.engine.support.hierarchical.NodeTestTask$$Lambda/0x000001f9e60b74b8.execute;org.junit.platform.engine.support.hierarchical.NodeTestTask.lambda$executeRecursively$6;org.junit.jupiter.engine.descriptor.TestMethodTestDescriptor.execute;org.junit.jupiter.engine.descriptor.TestMethodTestDescriptor.execute;org.junit.jupiter.engine.descriptor.TestMethodTestDescriptor.invokeTestMethod;org.junit.platform.engine.support.hierarchical.ThrowableCollector.execute;org.junit.jupiter.engine.descriptor.TestMethodTestDescriptor$$Lambda/0x000001f9e6176848.execute;org.junit.jupiter.engine.descriptor.TestMethodTestDescriptor.lambda$invokeTestMethod$7;org.junit.jupiter.engine.execution.InterceptingExecutableInvoker.invoke;org.junit.jupiter.engine.execution.InterceptingExecutableInvoker.invoke;org.junit.jupiter.engine.execution.InvocationInterceptorChain.invoke;org.junit.jupiter.engine.execution.InvocationInterceptorChain.chainAndInvoke;org.junit.jupiter.engine.execution.InvocationInterceptorChain.proceed;org.junit.jupiter.engine.execution.InvocationInterceptorChain$InterceptedInvocation.proceed;org.junit.jupiter.engine.execution.InterceptingExecutableInvoker$$Lambda/0x000001f9e6104a00.apply;org.junit.jupiter.engine.execution.InterceptingExecutableInvoker.lambda$invoke$0;org.junit.jupiter.engine.execution.InterceptingExecutableInvoker$ReflectiveInterceptorCall$$Lambda/0x000001f9e60930f0.apply;org.junit.jupiter.engine.execution.InterceptingExecutableInvoker$ReflectiveInterceptorCall.lambda$ofVoidMethod$0;org.junit.jupiter.engine.descriptor.TestMethodTestDescriptor$$Lambda/0x000001f9e6092cd0.apply;org.junit.jupiter.engine.extension.TimeoutExtension.interceptTestMethod;org.junit.jupiter.engine.extension.TimeoutExtension.interceptTestableMethod;org.junit.jupiter.engine.extension.TimeoutExtension.intercept;org.junit.jupiter.engine.execution.InvocationInterceptorChain$ValidatingInvocation.proceed;org.junit.jupiter.engine.execution.MethodInvocation.proceed;org.junit.platform.commons.util.ReflectionUtils.invokeMethod;java.lang.reflect.Method.invoke;jdk.internal.reflect.DirectMethodHandleAccessor.invoke;jdk.internal.reflect.DirectMethodHandleAccessor.invokeImpl;java.lang.invoke.Invokers$Holder.invokeExact_MT;java.lang.invoke.LambdaForm$MH/0x000001f9e6171000.invoke;java.lang.invoke.LambdaForm$DMH/0x000001f9e6170800.invokeVirtual;com.collaboration.petclinic.api.tests.PetAPITests.testAddPetSuccessfully;io.restassured.internal.RequestSpecificationImpl.post;io.restassured.internal.RequestSpecificationImpl.post;org.codehaus.groovy.runtime.callsite.AbstractCallSite.callCurrent;org.codehaus.groovy.runtime.callsite.AbstractCallSite.callCurrent;org.codehaus.groovy.runtime.callsite.CallSiteArray.defaultCallCurrent;org.codehaus.groovy.runtime.callsite.PogoInterceptableSite.callCurrent;org.codehaus.groovy.runtime.callsite.PogoInterceptableSite.call;io.restassured.internal.RequestSpecificationImpl.invokeMethod;groovy.lang.MetaClassImpl.invokeMethod;groovy.lang.MetaClassImpl.invokeMethod;groovy.lang.MetaClassImpl.invokeMethod;groovy.lang.MetaClassImpl.doInvokeMethod;groovy.lang.MetaMethod.doMethodInvoke;org.codehaus.groovy.reflection.CachedMethod.invoke;java.lang.reflect.Method.invoke;jdk.internal.reflect.DirectMethodHandleAccessor.invoke;jdk.internal.reflect.DirectMethodHandleAccessor.invokeImpl;java.lang.invoke.Invokers$Holder.invokeExact_MT;java.lang.invoke.LambdaForm$MH/0x000001f9e61a3400.invoke;java.lang.invoke.LambdaForm$DMH/0x000001f9e61a2400.invokeVirtual;io.restassured.internal.RequestSpecificationImpl.this$2$applyPathParamsAndSendRequest;io.restassured.internal.RequestSpecificationImpl.applyPathParamsAndSendRequest;org.codehaus.groovy.runtime.callsite.AbstractCallSite.callCurrent;org.codehaus.groovy.runtime.callsite.AbstractCallSite.callCurrent;org.codehaus.groovy.runtime.callsite.CallSiteArray.defaultCallCurrent;org.codehaus.groovy.runtime.callsite.PogoInterceptableSite.callCurrent;org.codehaus.groovy.runtime.callsite.PogoInterceptableSite.call;io.restassured.internal.RequestSpecificationImpl.invokeMethod;groovy.lang.MetaClassImpl.invokeMethod;groovy.lang.MetaClassImpl.invokeMethod;groovy.lang.MetaClassImpl.invokeMethod;groovy.lang.MetaClassImpl.doInvokeMethod;groovy.lang.MetaMethod.doMethodInvoke;org.codehaus.groovy.reflection.CachedMethod.invoke;java.lang.reflect.Method.invoke;jdk.internal.reflect.DirectMethodHandleAccessor.invoke;jdk.internal.reflect.DirectMethodHandleAccessor.invokeImpl;java.lang.invoke.Invokers$Holder.invokeExact_MT;java.lang.invoke.LambdaForm$MH/0x000001f9e61a4400.invoke;java.lang.invoke.LambdaForm$DMH/0x000001f9e61a2400.invokeVirtual;io.restassured.internal.RequestSpecificationImpl.this$2$applyPathParamsAndSendRequest;io.restassured.internal.RequestSpecificationImpl.applyPathParamsAndSendRequest;org.codehaus.groovy.runtime.callsite.AbstractCallSite.call;org.codehaus.groovy.runtime.callsite.AbstractCallSite.call;org.codehaus.groovy.runtime.callsite.CallSiteArray.defaultCall;io.restassured.filter.FilterContext$next.call;io.restassured.internal.filter.FilterContextImpl.next;org.codehaus.groovy.runtime.callsite.AbstractCallSite.call;org.codehaus.groovy.runtime.callsite.AbstractCallSite.call;org.codehaus.groovy.runtime.callsite.CallSiteArray.defaultCall;io.restassured.filter.Filter$filter.call;io.restassured.internal.filter.CsrfFilter.filter;org.codehaus.groovy.runtime.callsite.AbstractCallSite.call;org.codehaus.groovy.runtime.callsite.AbstractCallSite.call;org.codehaus.groovy.runtime.callsite.CallSiteArray.defaultCall;io.restassured.filter.FilterContext$next.call;io.restassured.internal.filter.FilterContextImpl.next;io.restassured.filter.Filter$filter.call;org.codehaus.groovy.runtime.callsite.CallSiteArray.defaultCall;io.restassured.filter.Filter$filter$0.call;io.restassured.filter.time.TimingFilter.filter;io.restassured.internal.filter.FilterContextImpl.next;io.restassured.filter.Filter$filter$0.call;org.codehaus.groovy.runtime.callsite.CallSiteArray.defaultCall;io.restassured.filter.Filter$filter.call;io.restassured.internal.filter.SendRequestFilter.filter;org.codehaus.groovy.runtime.callsite.AbstractCallSite.call;org.codehaus.groovy.runtime.callsite.AbstractCallSite.call;org.codehaus.groovy.runtime.callsite.CallSiteArray.defaultCall;org.codehaus.groovy.runtime.callsite.PogoInterceptableSite.call;io.restassured.internal.RequestSpecificationImpl.invokeMethod;groovy.lang.MetaClassImpl.invokeMethod;groovy.lang.MetaClassImpl.invokeMethod;groovy.lang.MetaClassImpl.invokeMethod;groovy.lang.MetaClassImpl.doInvokeMethod;groovy.lang.MetaMethod.doMethodInvoke;org.codehaus.groovy.reflection.CachedMethod.invoke;java.lang.reflect.Method.invoke;jdk.internal.reflect.DirectMethodHandleAccessor.invoke;jdk.internal.reflect.DirectMethodHandleAccessor.invokeImpl;java.lang.invoke.Invokers$Holder.invokeExact_MT;java.lang.invoke.LambdaForm$MH/0x000001f9e6211000.invoke;java.lang.invoke.LambdaForm$DMH/0x000001f9e6210000.invokeVirtual;io.restassured.internal.RequestSpecificationImpl.this$2$sendRequest;io.restassured.internal.RequestSpecificationImpl.sendRequest;org.codehaus.groovy.runtime.callsite.AbstractCallSite.call;org.codehaus.groovy.runtime.callsite.AbstractCallSite.call;org.codehaus.groovy.runtime.callsite.CallSiteArray.defaultCall;io.restassured.internal.http.HTTPBuilder$post$2.call;io.restassured.internal.http.HTTPBuilder.post;org.apache.http.client.methods.HttpPost.<init>;org.apache.http.client.methods.HttpEntityEnclosingRequestBase.<init>;org.apache.http.client.methods.HttpRequestBase.<init>;org.apache.http.client.methods.AbstractExecutionAwareRequest.<init>,0.0000
org.apache.maven.surefire.booter.ForkedBooter.main;org.apache.maven.surefire.booter.ForkedBooter.run;org.apache.maven.surefire.booter.ForkedBooter.execute;org.apache.maven.surefire.booter.ForkedBooter.runSuitesInProcess;org.apache.maven.surefire.junitplatform.JUnitPlatformProvider.invoke;org.apache.maven.surefire.junitplatform.JUnitPlatformProvider.invokeAllTests;org.apache.maven.surefire.junitplatform.JUnitPlatformProvider.execute;org.apache.maven.surefire.junitplatform.LazyLauncher.execute;org.junit.platform.launcher.core.DelegatingLauncher.execute;org.junit.platform.launcher.core.DefaultLauncher.execute;org.junit.platform.launcher.core.DefaultLauncher.execute;org.junit.platform.launcher.core.EngineExecutionOrchestrator.execute;org.junit.platform.launcher.core.EngineExecutionOrchestrator.withInterceptedStreams;org.junit.platform.launcher.core.EngineExecutionOrchestrator$$Lambda/0x000001f9e60a6e28.accept;org.junit.platform.launcher.core.EngineExecutionOrchestrator.lambda$execute$0;org.junit.platform.launcher.core.EngineExecutionOrchestrator.execute;org.junit.platform.launcher.core.EngineExecutionOrchestrator.execute;org.junit.platform.launcher.core.EngineExecutionOrchestrator.execute;org.junit.platform.engine.support.hierarchical.HierarchicalTestEngine.execute;org.junit.platform.engine.support.hierarchical.HierarchicalTestExecutor.execute;org.junit.platform.engine.support.hierarchical.SameThreadHierarchicalTestExecutorService.submit;org.junit.platform.engine.support.hierarchical.NodeTestTask.execute;org.junit.platform.engine.support.hierarchical.NodeTestTask.executeRecursively;org.junit.platform.engine.support.hierarchical.ThrowableCollector.execute;org.junit.platform.engine.support.hierarchical.NodeTestTask$$Lambda/0x000001f9e60b6e68.execute;org.junit.platform.engine.support.hierarchical.NodeTestTask.lambda$executeRecursively$9;org.junit.platform.engine.support.hierarchical.Node.around;org.junit.platform.engine.support.hierarchical.NodeTestTask$$Lambda/0x000001f9e60b7290.invoke;org.junit.platform.engine.support.hierarchical.NodeTestTask.lambda$executeRecursively$8;org.junit.platform.engine.support.hierarchical.ThrowableCollector.execute;org.junit.platform.engine.support.hierarchical.NodeTestTask$$Lambda/0x000001f9e60b74b8.execute;org.junit.platform.engine.support.hierarchical.NodeTestTask.lambda$executeRecursively$6;org.junit.platform.engine.support.hierarchical.SameThreadHierarchicalTestExecutorService.invokeAll;java.util.ArrayList.forEach;org.junit.platform.engine.support.hierarchical.SameThreadHierarchicalTestExecutorService$$Lambda/0x000001f9e60bc000.accept;org.junit.platform.engine.support.hierarchical.NodeTestTask.execute;org.junit.platform.engine.support.hierarchical.NodeTestTask.executeRecursively;org.junit.platform.engine.support.hierarchical.ThrowableCollector.execute;org.junit.platform.engine.support.hierarchical.NodeTestTask$$Lambda/0x000001f9e60b6e68.execute;org.junit.platform.engine.support.hierarchical.NodeTestTask.lambda$executeRecursively$9;org.junit.platform.engine.support.hierarchical.Node.around;org.junit.platform.engine.support.hierarchical.NodeTestTask$$Lambda/0x000001f9e60b7290.invoke;org.junit.platform.engine.support.hierarchical.NodeTestTask.lambda$executeRecursively$8;org.junit.platform.engine.support.hierarchical.ThrowableCollector.execute;org.junit.platform.engine.support.hierarchical.NodeTestTask$$Lambda/0x000001f9e60b74b8.execute;org.junit.platform.engine.support.hierarchical.NodeTestTask.lambda$executeRecursively$6;org.junit.platform.engine.support.hierarchical.SameThreadHierarchicalTestExecutorService.invokeAll;java.util.ArrayList.forEach;org.junit.platform.engine.support.hierarchical.SameThreadHierarchicalTestExecutorService$$Lambda/0x000001f9e60bc000.accept;org.junit.platform.engine.support.hierarchical.NodeTestTask.execute;org.junit.platform.engine.support.hierarchical.NodeTestTask.executeRecursively;org.junit.platform.engine.support.hierarchical.ThrowableCollector.execute;org.junit.platform.engine.support.hierarchical.NodeTestTask$$Lambda/0x000001f9e60b6e68.execute;org.junit.platform.engine.support.hierarchical.NodeTestTask.lambda$executeRecursively$9;org.junit.platform.engine.support.hierarchical.Node.around;org.junit.platform.engine.support.hierarchical.NodeTestTask$$Lambda/0x000001f9e60b7290.invoke;org.junit.platform.engine.support.hierarchical.NodeTestTask.lambda$executeRecursively$8;org.junit.platform.engine.support.hierarchical.ThrowableCollector.execute;org.junit.platform.engine.support.hierarchical.NodeTestTask$$Lambda/0x000001f9e60b74b8.execute;org.junit.platform.engine.support.hierarchical.NodeTestTask.lambda$executeRecursively$6;org.junit.jupiter.engine.descriptor.TestMethodTestDescriptor.execute;org.junit.jupiter.engine.descriptor.TestMethodTestDescriptor.execute;org.junit.jupiter.engine.descriptor.TestMethodTestDescriptor.invokeTestMethod;org.junit.platform.engine.support.hierarchical.ThrowableCollector.execute;org.junit.jupiter.engine.descriptor.TestMethodTestDescriptor$$Lambda/0x000001f9e6176848.execute;org.junit.jupiter.engine.descriptor.TestMethodTestDescriptor.lambda$invokeTestMethod$7;org.junit.jupiter.engine.execution.InterceptingExecutableInvoker.invoke;org.junit.jupiter.engine.execution.InterceptingExecutableInvoker.invoke;org.junit.jupiter.engine.execution.InvocationInterceptorChain.invoke;org.junit.jupiter.engine.execution.InvocationInterceptorChain.chainAndInvoke;org.junit.jupiter.engine.execution.InvocationInterceptorChain.proceed;org.junit.jupiter.engine.execution.InvocationInterceptorChain$InterceptedInvocation.proceed;org.junit.jupiter.engine.execution.InterceptingExecutableInvoker$$Lambda/0x000001f9e6104a00.apply;org.junit.jupiter.engine.execution.InterceptingExecutableInvoker.lambda$invoke$0;org.junit.jupiter.engine.execution.InterceptingExecutableInvoker$ReflectiveInterceptorCall$$Lambda/0x000001f9e60930f0.apply;org.junit.jupiter.engine.execution.InterceptingExecutableInvoker$ReflectiveInterceptorCall.lambda$ofVoidMethod$0;org.junit.jupiter.engine.descriptor.TestMethodTestDescriptor$$Lambda/0x000001f9e6092cd0.apply;org.junit.jupiter.engine.extension.TimeoutExtension.interceptTestMethod;org.junit.jupiter.engine.extension.TimeoutExtension.interceptTestableMethod;org.junit.jupiter.engine.extension.TimeoutExtension.intercept;org.junit.jupiter.engine.execution.InvocationInterceptorChain$ValidatingInvocation.proceed;org.junit.jupiter.engine.execution.MethodInvocation.proceed;org.junit.platform.commons.util.ReflectionUtils.invokeMethod;java.lang.reflect.Method.invoke;jdk.internal.reflect.DirectMethodHandleAccessor.invoke;jdk.internal.reflect.DirectMethodHandleAccessor.invokeImpl;java.lang.invoke.Invokers$Holder.invokeExact_MT;java.lang.invoke.LambdaForm$MH/0x000001f9e6171000.invoke;java.lang.invoke.LambdaForm$DMH/0x000001f9e6170800.invokeVirtual;com.collaboration.petclinic.api.tests.PetAPITests.testAddPetSuccessfully;io.restassured.internal.RequestSpecificationImpl.post;io.restassured.internal.RequestSpecificationImpl.post;org.codehaus.groovy.runtime.callsite.AbstractCallSite.callCurrent;org.codehaus.groovy.runtime.callsite.AbstractCallSite.callCurrent;org.codehaus.groovy.runtime.callsite.CallSiteArray.defaultCallCurrent;org.codehaus.groovy.runtime.callsite.PogoInterceptableSite.callCurrent;org.codehaus.groovy.runtime.callsite.PogoInterceptableSite.call;io.restassured.internal.RequestSpecificationImpl.invokeMethod;groovy.lang.MetaClassImpl.invokeMethod;groovy.lang.MetaClassImpl.invokeMethod;groovy.lang.MetaClassImpl.invokeMethod;groovy.lang.MetaClassImpl.doInvokeMethod;groovy.lang.MetaMethod.doMethodInvoke;org.codehaus.groovy.reflection.CachedMethod.invoke;java.lang.reflect.Method.invoke;jdk.internal.reflect.DirectMethodHandleAccessor.invoke;jdk.internal.reflect.DirectMethodHandleAccessor.invokeImpl;java.lang.invoke.Invokers$Holder.invokeExact_MT;java.lang.invoke.LambdaForm$MH/0x000001f9e61a3400.invoke;java.lang.invoke.LambdaForm$DMH/0x000001f9e61a2400.invokeVirtual;io.restassured.internal.RequestSpecificationImpl.this$2$applyPathParamsAndSendRequest;io.restassured.internal.RequestSpecificationImpl.applyPathParamsAndSendRequest;org.codehaus.groovy.runtime.callsite.AbstractCallSite.callCurrent;org.codehaus.groovy.runtime.callsite.AbstractCallSite.callCurrent;org.codehaus.groovy.runtime.callsite.CallSiteArray.defaultCallCurrent;org.codehaus.groovy.runtime.callsite.PogoInterceptableSite.callCurrent;org.codehaus.groovy.runtime.callsite.PogoInterceptableSite.call;io.restassured.internal.RequestSpecificationImpl.invokeMethod;groovy.lang.MetaClassImpl.invokeMethod;groovy.lang.MetaClassImpl.invokeMethod;groovy.lang.MetaClassImpl.invokeMethod;groovy.lang.MetaClassImpl.doInvokeMethod;groovy.lang.MetaMethod.doMethodInvoke;org.codehaus.groovy.reflection.CachedMethod.invoke;java.lang.reflect.Method.invoke;jdk.internal.reflect.DirectMethodHandleAccessor.invoke;jdk.internal.reflect.DirectMethodHandleAccessor.invokeImpl;java.lang.invoke.Invokers$Holder.invokeExact_MT;java.lang.invoke.LambdaForm$MH/0x000001f9e61a4400.invoke;java.lang.invoke.LambdaForm$DMH/0x000001f9e61a2400.invokeVirtual;io.restassured.internal.RequestSpecificationImpl.this$2$applyPathParamsAndSendRequest;io.restassured.internal.RequestSpecificationImpl.applyPathParamsAndSendRequest;org.codehaus.groovy.runtime.callsite.AbstractCallSite.call;org.codehaus.groovy.runtime.callsite.AbstractCallSite.call;org.codehaus.groovy.runtime.callsite.CallSiteArray.defaultCall;io.restassured.filter.FilterContext$next.call;io.restassured.internal.filter.FilterContextImpl.next;org.codehaus.groovy.runtime.callsite.AbstractCallSite.call;org.codehaus.groovy.runtime.callsite.AbstractCallSite.call;org.codehaus.groovy.runtime.callsite.CallSiteArray.defaultCall;io.restassured.filter.Filter$filter.call;io.restassured.internal.filter.CsrfFilter.filter;org.codehaus.groovy.runtime.callsite.AbstractCallSite.call;org.codehaus.groovy.runtime.callsite.AbstractCallSite.call;org.codehaus.groovy.runtime.callsite.CallSiteArray.defaultCall;io.restassured.filter.FilterContext$next.call;io.restassured.internal.filter.FilterContextImpl.next;io.restassured.filter.Filter$filter.call;org.codehaus.groovy.runtime.callsite.CallSiteArray.defaultCall;io.restassured.filter.Filter$filter$0.call;io.restassured.filter.time.TimingFilter.filter;io.restassured.internal.filter.FilterContextImpl.next;io.restassured.filter.Filter$filter$0.call;org.codehaus.groovy.runtime.callsite.CallSiteArray.defaultCall;io.restassured.filter.Filter$filter.call;io.restassured.internal.filter.SendRequestFilter.filter;org.codehaus.groovy.runtime.callsite.AbstractCallSite.call;org.codehaus.groovy.runtime.callsite.AbstractCallSite.call;org.codehaus.groovy.runtime.callsite.CallSiteArray.defaultCall;org.codehaus.groovy.runtime.callsite.PogoInterceptableSite.call;io.restassured.internal.RequestSpecificationImpl.invokeMethod;groovy.lang.MetaClassImpl.invokeMethod;groovy.lang.MetaClassImpl.invokeMethod;groovy.lang.MetaClassImpl.invokeMethod;groovy.lang.MetaClassImpl.doInvokeMethod;groovy.lang.MetaMethod.doMethodInvoke;org.codehaus.groovy.reflection.CachedMethod.invoke;java.lang.reflect.Method.invoke;jdk.internal.reflect.DirectMethodHandleAccessor.invoke;jdk.internal.reflect.DirectMethodHandleAccessor.invokeImpl;java.lang.invoke.Invokers$Holder.invokeExact_MT;java.lang.invoke.LambdaForm$MH/0x000001f9e6211000.invoke;java.lang.invoke.LambdaForm$DMH/0x000001f9e6210000.invokeVirtual;io.restassured.internal.RequestSpecificationImpl.this$2$sendRequest;io.restassured.internal.RequestSpecificationImpl.sendRequest;org.codehaus.groovy.runtime.callsite.AbstractCallSite.callConstructor;org.codehaus.groovy.runtime.callsite.CallSiteArray.defaultCallConstructor;org.codehaus.groovy.runtime.callsite.ConstructorSite.callConstructor;org.codehaus.groovy.reflection.CachedConstructor.doConstructorInvoke;org.codehaus.groovy.reflection.CachedConstructor.invoke;java.lang.reflect.Constructor.newInstance;java.lang.reflect.Constructor.newInstanceWithCaller;jdk.internal.reflect.DirectConstructorHandleAccessor.newInstance;jdk.internal.reflect.DirectConstructorHandleAccessor.invokeImpl;java.lang.invoke.Invokers$Holder.invokeExact_MT;java.lang.invoke.LambdaForm$MH/0x000001f9e621bc00.invoke;java.lang.invoke.LambdaForm$DMH/0x000001f9e6211400.newInvokeSpecial;io.restassured.internal.RestAssuredHttpBuilder.<init>;io.restassured.internal.http.HTTPBuilder.<init>;io.restassured.internal.http.HTTPBuilder.<init>;io.restassured.internal.http.HTTPBuilder.buildDefaultResponseHandlers;org.codehaus.groovy.runtime.MethodClosure.<init>;groovy.lang.Closure.<init>;groovy.lang.Closure.<init>;groovy.lang.GroovyObjectSupport.<init>;groovy.lang.GroovyObjectSupport.getDefaultMetaClass;org.codehaus.groovy.runtime.InvokerHelper.getMetaClass;org.codehaus.groovy.runtime.metaclass.MetaClassRegistryImpl.getMetaClass;org.codehaus.groovy.reflection.ClassInfo.getMetaClass;org.codehaus.groovy.reflection.ClassInfo.getMetaClassUnderLock;groovy.lang.MetaClassImpl.initialize;groovy.lang.MetaClassImpl.reinitialize;groovy.lang.MetaClassImpl.fillMethodIndex;groovy.lang.MetaClassImpl.populateMethods;groovy.lang.MetaClassImpl.addMetaMethodToIndex;org.codehaus.groovy.runtime.metaclass.MetaMethodIndex.addMethodToList;org.codehaus.groovy.runtime.metaclass.MetaMethodIndex.isOverridden,0.0000
org.apache.maven.surefire.booter.ForkedBooter.main;org.apache.maven.surefire.booter.ForkedBooter.run;org.apache.maven.surefire.booter.ForkedBooter.execute;org.apache.maven.surefire.booter.ForkedBooter.runSuitesInProcess;org.apache.maven.surefire.junitplatform.JUnitPlatformProvider.invoke;org.apache.maven.surefire.junitplatform.JUnitPlatformProvider.invokeAllTests;org.apache.maven.surefire.junitplatform.JUnitPlatformProvider.execute;org.apache.maven.surefire.junitplatform.LazyLauncher.execute;org.junit.platform.launcher.core.DelegatingLauncher.execute;org.junit.platform.launcher.core.DefaultLauncher.execute;org.junit.platform.launcher.core.DefaultLauncher.execute;org.junit.platform.launcher.core.EngineExecutionOrchestrator.execute;org.junit.platform.launcher.core.EngineExecutionOrchestrator.withInterceptedStreams;org.junit.platform.launcher.core.EngineExecutionOrchestrator$$Lambda/0x000001f9e60a6e28.accept;org.junit.platform.launcher.core.EngineExecutionOrchestrator.lambda$execute$0;org.junit.platform.launcher.core.EngineExecutionOrchestrator.execute;org.junit.platform.launcher.core.EngineExecutionOrchestrator.execute;org.junit.platform.launcher.core.EngineExecutionOrchestrator.execute;org.junit.platform.engine.support.hierarchical.HierarchicalTestEngine.execute;org.junit.platform.engine.support.hierarchical.HierarchicalTestExecutor.execute;org.junit.platform.engine.support.hierarchical.SameThreadHierarchicalTestExecutorService.submit;org.junit.platform.engine.support.hierarchical.NodeTestTask.execute;org.junit.platform.engine.support.hierarchical.NodeTestTask.executeRecursively;org.junit.platform.engine.support.hierarchical.ThrowableCollector.execute;org.junit.platform.engine.support.hierarchical.NodeTestTask$$Lambda/0x000001f9e60b6e68.execute;org.junit.platform.engine.support.hierarchical.NodeTestTask.lambda$executeRecursively$9;org.junit.platform.engine.support.hierarchical.Node.around;org.junit.platform.engine.support.hierarchical.NodeTestTask$$Lambda/0x000001f9e60b7290.invoke;org.junit.platform.engine.support.hierarchical.NodeTestTask.lambda$executeRecursively$8;org.junit.platform.engine.support.hierarchical.ThrowableCollector.execute;org.junit.platform.engine.support.hierarchical.NodeTestTask$$Lambda/0x000001f9e60b74b8.execute;org.junit.platform.engine.support.hierarchical.NodeTestTask.lambda$executeRecursively$6;org.junit.platform.engine.support.hierarchical.SameThreadHierarchicalTestExecutorService.invokeAll;java.util.ArrayList.forEach;org.junit.platform.engine.support.hierarchical.SameThreadHierarchicalTestExecutorService$$Lambda/0x000001f9e60bc000.accept;org.junit.platform.engine.support.hierarchical.NodeTestTask.execute;org.junit.platform.engine.support.hierarchical.NodeTestTask.prepare;org.junit.platform.engine.support.hierarchical.ThrowableCollector.execute;org.junit.platform.engine.support.hierarchical.NodeTestTask$$Lambda/0x000001f9e60b0000.execute;org.junit.platform.engine.support.hierarchical.NodeTestTask.lambda$prepare$2;org.junit.jupiter.engine.descriptor.ClassBasedTestDescriptor.prepare;org.junit.jupiter.engine.descriptor.ClassBasedTestDescriptor.prepare;org.junit.jupiter.engine.descriptor.LifecycleMethodUtils.findBeforeAllMethods;org.junit.jupiter.engine.descriptor.LifecycleMethodUtils.findMethodsAndAssertStaticAndNonPrivate;org.junit.jupiter.engine.descriptor.LifecycleMethodUtils.findMethodsAndCheckVoidReturnType;org.junit.platform.commons.util.AnnotationUtils.findAnnotatedMethods;org.junit.platform.commons.util.ReflectionUtils.findMethods;java.util.stream.ReferencePipeline.collect;java.util.stream.AbstractPipeline.evaluate;java.util.stream.ReduceOps$ReduceOp.evaluateSequential;java.util.stream.AbstractPipeline.wrapAndCopyInto;java.util.stream.AbstractPipeline.copyInto;java.util.ArrayList$ArrayListSpliterator.forEachRemaining;java.util.stream.ReferencePipeline$2$1.accept;org.junit.platform.commons.util.AnnotationUtils$$Lambda/0x000001f9e60bfb50.test;org.junit.platform.commons.util.AnnotationUtils.lambda$findAnnotatedMethods$7;org.junit.platform.commons.util.AnnotationUtils.isAnnotated;org.junit.platform.commons.util.AnnotationUtils.findAnnotation;org.junit.platform.commons.util.AnnotationUtils.findAnnotation;java.lang.reflect.AccessibleObject.getDeclaredAnnotation;java.lang.reflect.Method.getAnnotation;java.lang.reflect.Executable.getAnnotation;java.lang.reflect.Executable.declaredAnnotations;java.lang.reflect.Executable.declaredAnnotations;sun.reflect.annotation.AnnotationParser.parseAnnotations;sun.reflect.annotation.AnnotationParser.parseAnnotations2;sun.reflect.annotation.AnnotationParser.parseAnnotation2;sun.reflect.annotation.AnnotationParser.annotationForMap;java.security.AccessController.doPrivileged;java.security.AccessController.executePrivileged;sun.reflect.annotation.AnnotationParser$1.run;sun.reflect.annotation.AnnotationParser$1.run;java.lang.reflect.Proxy.newProxyInstance;java.lang.reflect.Proxy.getProxyConstructor;jdk.internal.loader.AbstractClassLoaderValue.computeIfAbsent;jdk.internal.loader.AbstractClassLoaderValue$Memoizer.get;java.lang.reflect.Proxy$$Lambda/0x000001f9e607f4d0.apply;java.lang.reflect.Proxy.lambda$getProxyConstructor$0;java.lang.reflect.Proxy$ProxyBuilder.build;java.lang.reflect.Proxy$ProxyBuilder.defineProxyClass;java.lang.reflect.ProxyGenerator.generateProxyClass;java.lang.reflect.ProxyGenerator.<init>;java.lang.classfile.constantpool.ConstantPoolBuilder.of;jdk.internal.classfile.impl.SplitConstantPool.<init>,0.0000
org.apache.maven.surefire.booter.ForkedBooter.main;org.apache.maven.surefire.booter.ForkedBooter.run;org.apache.maven.surefire.booter.ForkedBooter.execute;org.apache.maven.surefire.booter.ForkedBooter.runSuitesInProcess;org.apache.maven.surefire.junitplatform.JUnitPlatformProvider.invoke;org.apache.maven.surefire.junitplatform.JUnitPlatformProvider.invokeAllTests;org.apache.maven.surefire.junitplatform.JUnitPlatformProvider.execute;org.apache.maven.surefire.junitplatform.LazyLauncher.execute;org.junit.platform.launcher.core.DelegatingLauncher.execute;org.junit.platform.launcher.core.DefaultLauncher.execute;org.junit.platform.launcher.core.DefaultLauncher.execute;org.junit.platform.launcher.core.EngineExecutionOrchestrator.execute;org.junit.platform.launcher.core.EngineExecutionOrchestrator.withInterceptedStreams;org.junit.platform.launcher.core.EngineExecutionOrchestrator$$Lambda/0x000001f9e60a6e28.accept;org.junit.platform.launcher.core.EngineExecutionOrchestrator.lambda$execute$0;org.junit.platform.launcher.core.EngineExecutionOrchestrator.execute;org.junit.platform.launcher.core.EngineExecutionOrchestrator.execute;org.junit.platform.launcher.core.EngineExecutionOrchestrator.execute;org.junit.platform.engine.support.hierarchical.HierarchicalTestEngine.execute;org.junit.platform.engine.support.hierarchical.HierarchicalTestExecutor.execute;org.junit.platform.engine.support.hierarchical.SameThreadHierarchicalTestExecutorService.submit;org.junit.platform.engine.support.hierarchical.NodeTestTask.execute;org.junit.platform.engine.support.hierarchical.NodeTestTask.executeRecursively;org.junit.platform.engine.support.hierarchical.ThrowableCollector.execute;org.junit.platform.engine.support.hierarchical.NodeTestTask$$Lambda/0x000001f9e60b6e68.execute;org.junit.platform.engine.support.hierarchical.NodeTestTask.lambda$executeRecursively$9;org.junit.platform.engine.support.hierarchical.Node.around;org.junit.platform.engine.support.hierarchical.NodeTestTask$$Lambda/0x000001f9e60b7290.invoke;org.junit.platform.engine.support.hierarchical.NodeTestTask.lambda$executeRecursively$8;org.junit.platform.engine.support.hierarchical.ThrowableCollector.execute;org.junit.platform.engine.support.hierarchical.NodeTestTask$$Lambda/0x000001f9e60b74b8.execute;org.junit.platform.engine.support.hierarchical.NodeTestTask.lambda$executeRecursively$6;org.junit.platform.engine.support.hierarchical.SameThreadHierarchicalTestExecutorService.invokeAll;java.util.ArrayList.forEach;org.junit.platform.engine.support.hierarchical.SameThreadHierarchicalTestExecutorService$$Lambda/0x000001f9e60bc000.accept;org.junit.platform.engine.support.hierarchical.NodeTestTask.execute;org.junit.platform.engine.support.hierarchical.NodeTestTask.executeRecursively;org.junit.platform.engine.support.hierarchical.ThrowableCollector.execute;org.junit.platform.engine.support.hierarchical.NodeTestTask$$Lambda/0x000001f9e60b6e68.execute;org.junit.platform.engine.support.hierarchical.NodeTestTask.lambda$executeRecursively$9;org.junit.platform.engine.support.hierarchical.Node.around;org.junit.platform.engine.support.hierarchical.NodeTestTask$$Lambda/0x000001f9e60b7290.invoke;org.junit.platform.engine.support.hierarchical.NodeTestTask.lambda$executeRecursively$8;org.junit.platform.engine.support.hierarchical.ThrowableCollector.execute;org.junit.platform.engine.support.hierarchical.NodeTestTask$$Lambda/0x000001f9e60b74b8.execute;org.junit.platform.engine.support.hierarchical.NodeTestTask.lambda$executeRecursively$6;org.junit.platform.engine.support.hierarchical.SameThreadHierarchicalTestExecutorService.invokeAll;java.util.ArrayList.forEach;org.junit.platform.engine.support.hierarchical.SameThreadHierarchicalTestExecutorService$$Lambda/0x000001f9e60bc000.accept;org.junit.platform.engine.support.hierarchical.NodeTestTask.execute;org.junit.platform.engine.support.hierarchical.NodeTestTask.executeRecursively;org.junit.platform.engine.support.hierarchical.ThrowableCollector.execute;org.junit.platform.engine.support.hierarchical.NodeTestTask$$Lambda/0x000001f9e60b6e68.execute;org.junit.platform.engine.support.hierarchical.NodeTestTask.lambda$executeRecursively$9;org.junit.platform.engine.support.hierarchical.Node.around;org.junit.platform.engine.support.hierarchical.NodeTestTask$$Lambda/0x000001f9e60b7290.invoke;org.junit.platform.engine.support.hierarchical.NodeTestTask.lambda$executeRecursively$8;org.junit.platform.engine.support.hierarchical.ThrowableCollector.execute;org.junit.platform.engine.support.hierarchical.NodeTestTask$$Lambda/0x000001f9e60b74b8.execute;org.junit.platform.engine.support.hierarchical.NodeTestTask.lambda$executeRecursively$6;org.junit.jupiter.engine.descriptor.TestMethodTestDescriptor.execute;org.junit.jupiter.engine.descriptor.TestMethodTestDescriptor.execute;org.junit.jupiter.engine.descriptor.TestMethodTestDescriptor.invokeTestMethod;org.junit.platform.engine.support.hierarchical.ThrowableCollector.execute;org.junit.jupiter.engine.descriptor.TestMethodTestDescriptor$$Lambda/0x000001f9e6176848.execute;org.junit.jupiter.engine.descriptor.TestMethodTestDescriptor.lambda$invokeTestMethod$7;org.junit.jupiter.engine.execution.InterceptingExecutableInvoker.invoke;org.junit.jupiter.engine.execution.InterceptingExecutableInvoker.invoke;org.junit.jupiter.engine.execution.InvocationInterceptorChain.invoke;org.junit.jupiter.engine.execution.InvocationInterceptorChain.chainAndInvoke;org.junit.jupiter.engine.execution.InvocationInterceptorChain.proceed;org.junit.jupiter.engine.execution.InvocationInterceptorChain$InterceptedInvocation.proceed;org.junit.jupiter.engine.execution.InterceptingExecutableInvoker$$Lambda/0x000001f9e6104a00.apply;org.junit.jupiter.engine.execution.InterceptingExecutableInvoker.lambda$invoke$0;org.junit.jupiter.engine.execution.InterceptingExecutableInvoker$ReflectiveInterceptorCall$$Lambda/0x000001f9e60930f0.apply;org.junit.jupiter.engine.execution.InterceptingExecutableInvoker$ReflectiveInterceptorCall.lambda$ofVoidMethod$0;org.junit.jupiter.engine.descriptor.TestMethodTestDescriptor$$Lambda/0x000001f9e6092cd0.apply;org.junit.jupiter.engine.extension.TimeoutExtension.interceptTestMethod;org.junit.jupiter.engine.extension.TimeoutExtension.interceptTestableMethod;org.junit.jupiter.engine.extension.TimeoutExtension.intercept;org.junit.jupiter.engine.execution.InvocationInterceptorChain$ValidatingInvocation.proceed;org.junit.jupiter.engine.execution.MethodInvocation.proceed;org.junit.platform.commons.util.ReflectionUtils.invokeMethod;java.lang.reflect.Method.invoke;jdk.internal.reflect.DirectMethodHandleAccessor.invoke;jdk.internal.reflect.DirectMethodHandleAccessor.invokeImpl;java.lang.invoke.Invokers$Holder.invokeExact_MT;java.lang.invoke.LambdaForm$MH/0x000001f9e6171000.invoke;java.lang.invoke.LambdaForm$DMH/0x000001f9e6170800.invokeVirtual;com.collaboration.petclinic.api.tests.PetAPITests.testAddPetSuccessfully;io.restassured.internal.RequestSpecificationImpl.post;io.restassured.internal.RequestSpecificationImpl.post;org.codehaus.groovy.runtime.callsite.AbstractCallSite.callCurrent;org.codehaus.groovy.runtime.callsite.AbstractCallSite.callCurrent;org.codehaus.groovy.runtime.callsite.CallSiteArray.defaultCallCurrent;org.codehaus.groovy.runtime.callsite.PogoInterceptableSite.callCurrent;org.codehaus.groovy.runtime.callsite.PogoInterceptableSite.call;io.restassured.internal.RequestSpecificationImpl.invokeMethod;groovy.lang.MetaClassImpl.invokeMethod;groovy.lang.MetaClassImpl.invokeMethod;groovy.lang.MetaClassImpl.invokeMethod;groovy.lang.MetaClassImpl.doInvokeMethod;groovy.lang.MetaMethod.doMethodInvoke;org.codehaus.groovy.reflection.CachedMethod.invoke;java.lang.reflect.Method.invoke;jdk.internal.reflect.DirectMethodHandleAccessor.invoke;jdk.internal.reflect.DirectMethodHandleAccessor.invokeImpl;java.lang.invoke.Invokers$Holder.invokeExact_MT;java.lang.invoke.LambdaForm$MH/0x000001f9e61a3400.invoke;java.lang.invoke.LambdaForm$DMH/0x000001f9e61a2400.invokeVirtual;io.restassured.internal.RequestSpecificationImpl.this$2$applyPathParamsAndSendRequest;io.restassured.internal.RequestSpecificationImpl.applyPathParamsAndSendRequest;org.codehaus.groovy.runtime.callsite.AbstractCallSite.callCurrent;org.codehaus.groovy.runtime.callsite.AbstractCallSite.callCurrent;org.codehaus.groovy.runtime.callsite.CallSiteArray.defaultCallCurrent;org.codehaus.groovy.runtime.callsite.PogoInterceptableSite.callCurrent;org.codehaus.groovy.runtime.callsite.PogoInterceptableSite.call;io.restassured.internal.RequestSpecificationImpl.invokeMethod;groovy.lang.MetaClassImpl.invokeMethod;groovy.lang.MetaClassImpl.invokeMethod;groovy.lang.MetaClassImpl.invokeMethod;groovy.lang.MetaClassImpl.doInvokeMethod;groovy.lang.MetaMethod.doMethodInvoke;org.codehaus.groovy.reflection.CachedMethod.invoke;java.lang.reflect.Method.invoke;jdk.internal.reflect.DirectMethodHandleAccessor.invoke;jdk.internal.reflect.DirectMethodHandleAccessor.invokeImpl;java.lang.invoke.Invokers$Holder.invokeExact_MT;java.lang.invoke.LambdaForm$MH/0x000001f9e61a4400.invoke;java.lang.invoke.LambdaForm$DMH/0x000001f9e61a2400.invokeVirtual;io.restassured.internal.RequestSpecificationImpl.this$2$applyPathParamsAndSendRequest;io.restassured.internal.RequestSpecificationImpl.applyPathParamsAndSendRequest;org.codehaus.groovy.runtime.callsite.AbstractCallSite.callCurrent;org.codehaus.groovy.runtime.callsite.AbstractCallSite.callCurrent;org.codehaus.groovy.runtime.callsite.CallSiteArray.defaultCallCurrent;org.codehaus.groovy.runtime.callsite.PogoInterceptableSite.callCurrent;org.codehaus.groovy.runtime.callsite.PogoInterceptableSite.call;io.restassured.internal.RequestSpecificationImpl.invokeMethod;groovy.lang.MetaClassImpl.invokeMethod;groovy.lang.MetaClassImpl.invokeMethod;groovy.lang.MetaClassImpl.invokeMethod;groovy.lang.MetaClassImpl.doInvokeMethod;groovy.lang.MetaMethod.doMethodInvoke;org.codehaus.groovy.reflection.CachedMethod.invoke;java.lang.reflect.Method.invoke;jdk.internal.reflect.DirectMethodHandleAccessor.invoke;jdk.internal.reflect.DirectMethodHandleAccessor.invokeImpl;java.lang.invoke.Invokers$Holder.invokeExact_MT;java.lang.invoke.LambdaForm$MH/0x000001f9e61a2800.invoke;java.lang.invoke.LambdaForm$DMH/0x000001f9e61a2400.invokeVirtual;io.restassured.internal.RequestSpecificationImpl.newFilterContext;java.lang.ClassLoader.loadClass;jdk.internal.loader.ClassLoaders$AppClassLoader.loadClass;jdk.internal.loader.BuiltinClassLoader.loadClass;jdk.internal.loader.BuiltinClassLoader.loadClassOrNull;jdk.internal.loader.BuiltinClassLoader.findClassOnClassPathOrNull;jdk.internal.loader.BuiltinClassLoader.defineClass;jdk.internal.loader.URLClassPath$JarLoader$2.getBytes;jdk.internal.loader.Resource.getBytes;java.util.zip.InflaterInputStream.read;java.util.zip.Inflater.inflate;java.util.zip.Inflater.inflateBytesBytes,0.0000
org.apache.maven.surefire.booter.ForkedBooter.main;org.apache.maven.surefire.booter.ForkedBooter.run;org.apache.maven.surefire.booter.ForkedBooter.setupBooter;org.apache.maven.surefire.booter.ForkedNodeArg.<init>;java.lang.ClassLoader.loadClass;jdk.internal.loader.ClassLoaders$AppClassLoader.loadClass;jdk.internal.loader.BuiltinClassLoader.loadClass;jdk.internal.loader.BuiltinClassLoader.loadClassOrNull;jdk.internal.loader.BuiltinClassLoader.findClassOnClassPathOrNull;jdk.internal.loader.BuiltinClassLoader.defineClass;jdk.internal.loader.Resource.getByteBuffer;jdk.internal.loader.Resource.cachedInputStream;jdk.internal.loader.URLClassPath$JarLoader$2.getInputStream;java.util.jar.JarFile.getInputStream;java.util.zip.ZipFile.getInputStream;java.util.zip.ZipFile$ZipFileInflaterInputStream.<init>;java.util.zip.ZipFile$ZipFileInflaterInputStream.<init>;java.util.zip.InflaterInputStream.<init>;java.io.FilterInputStream.<init>,0.0000
org.apache.maven.surefire.booter.ForkedBooter.main;org.apache.maven.surefire.booter.ForkedBooter.run;org.apache.maven.surefire.booter.ForkedBooter.execute;org.apache.maven.surefire.booter.ForkedBooter.runSuitesInProcess;org.apache.maven.surefire.junitplatform.JUnitPlatformProvider.invoke;org.apache.maven.surefire.junitplatform.JUnitPlatformProvider.invokeAllTests;org.apache.maven.surefire.junitplatform.JUnitPlatformProvider.execute;org.apache.maven.surefire.junitplatform.LazyLauncher.execute;org.junit.platform.launcher.core.DelegatingLauncher.execute;org.junit.platform.launcher.core.DefaultLauncher.execute;org.junit.platform.launcher.core.DefaultLauncher.execute;org.junit.platform.launcher.core.EngineExecutionOrchestrator.execute;org.junit.platform.launcher.core.EngineExecutionOrchestrator.withInterceptedStreams;org.junit.platform.launcher.core.EngineExecutionOrchestrator$$Lambda/0x000001f9e60a6e28.accept;org.junit.platform.launcher.core.EngineExecutionOrchestrator.lambda$execute$0;org.junit.platform.launcher.core.EngineExecutionOrchestrator.execute;org.junit.platform.launcher.core.EngineExecutionOrchestrator.execute;org.junit.platform.launcher.core.EngineExecutionOrchestrator.execute;org.junit.platform.engine.support.hierarchical.HierarchicalTestEngine.execute;org.junit.platform.engine.support.hierarchical.HierarchicalTestExecutor.execute;org.junit.platform.engine.support.hierarchical.SameThreadHierarchicalTestExecutorService.submit;org.junit.platform.engine.support.hierarchical.NodeTestTask.execute;org.junit.platform.engine.support.hierarchical.NodeTestTask.executeRecursively;org.junit.platform.engine.support.hierarchical.ThrowableCollector.execute;org.junit.platform.engine.support.hierarchical.NodeTestTask$$Lambda/0x000001f9e60b6e68.execute;org.junit.platform.engine.support.hierarchical.NodeTestTask.lambda$executeRecursively$9;org.junit.platform.engine.support.hierarchical.Node.around;org.junit.platform.engine.support.hierarchical.NodeTestTask$$Lambda/0x000001f9e60b7290.invoke;org.junit.platform.engine.support.hierarchical.NodeTestTask.lambda$executeRecursively$8;org.junit.platform.engine.support.hierarchical.ThrowableCollector.execute;org.junit.platform.engine.support.hierarchical.NodeTestTask$$Lambda/0x000001f9e60b74b8.execute;org.junit.platform.engine.support.hierarchical.NodeTestTask.lambda$executeRecursively$6;org.junit.platform.engine.support.hierarchical.SameThreadHierarchicalTestExecutorService.invokeAll;java.util.ArrayList.forEach;org.junit.platform.engine.support.hierarchical.SameThreadHierarchicalTestExecutorService$$Lambda/0x000001f9e60bc000.accept;org.junit.platform.engine.support.hierarchical.NodeTestTask.execute;org.junit.platform.engine.support.hierarchical.NodeTestTask.executeRecursively;org.junit.platform.engine.support.hierarchical.ThrowableCollector.execute;org.junit.platform.engine.support.hierarchical.NodeTestTask$$Lambda/0x000001f9e60b6e68.execute;org.junit.platform.engine.support.hierarchical.NodeTestTask.lambda$executeRecursively$9;org.junit.platform.engine.support.hierarchical.Node.around;org.junit.platform.engine.support.hierarchical.NodeTestTask$$Lambda/0x000001f9e60b7290.invoke;org.junit.platform.engine.support.hierarchical.NodeTestTask.lambda$executeRecursively$8;org.junit.platform.engine.support.hierarchical.ThrowableCollector.execute;org.junit.platform.engine.support.hierarchical.NodeTestTask$$Lambda/0x000001f9e60b74b8.execute;org.junit.platform.engine.support.hierarchical.NodeTestTask.lambda$executeRecursively$6;org.junit.platform.engine.support.hierarchical.SameThreadHierarchicalTestExecutorService.invokeAll;java.util.ArrayList.forEach;org.junit.platform.engine.support.hierarchical.SameThreadHierarchicalTestExecutorService$$Lambda/0x000001f9e60bc000.accept;org.junit.platform.engine.support.hierarchical.NodeTestTask.execute;org.junit.platform.engine.support.hierarchical.NodeTestTask.executeRecursively;org.junit.platform.engine.support.hierarchical.ThrowableCollector.execute;org.junit.platform.engine.support.hierarchical.NodeTestTask$$Lambda/0x000001f9e60b6e68.execute;org.junit.platform.engine.support.hierarchical.NodeTestTask.lambda$executeRecursively$9;org.junit.platform.engine.support.hierarchical.Node.around;org.junit.platform.engine.support.hierarchical.NodeTestTask$$Lambda/0x000001f9e60b7290.invoke;org.junit.platform.engine.support.hierarchical.NodeTestTask.lambda$executeRecursively$8;org.junit.platform.engine.support.hierarchical.ThrowableCollector.execute;org.junit.platform.engine.support.hierarchical.NodeTestTask$$Lambda/0x000001f9e60b74b8.execute;org.junit.platform.engine.support.hierarchical.NodeTestTask.lambda$executeRecursively$6;org.junit.jupiter.engine.descriptor.TestMethodTestDescriptor.execute;org.junit.jupiter.engine.descriptor.TestMethodTestDescriptor.execute;org.junit.jupiter.engine.descriptor.TestMethodTestDescriptor.invokeTestMethod;org.junit.platform.engine.support.hierarchical.ThrowableCollector.execute;org.junit.jupiter.engine.descriptor.TestMethodTestDescriptor$$Lambda/0x000001f9e6176848.execute;org.junit.jupiter.engine.descriptor.TestMethodTestDescriptor.lambda$invokeTestMethod$7;org.junit.jupiter.engine.execution.InterceptingExecutableInvoker.invoke;org.junit.jupiter.engine.execution.InterceptingExecutableInvoker.invoke;org.junit.jupiter.engine.execution.InvocationInterceptorChain.invoke;org.junit.jupiter.engine.execution.InvocationInterceptorChain.chainAndInvoke;org.junit.jupiter.engine.execution.InvocationInterceptorChain.proceed;org.junit.jupiter.engine.execution.InvocationInterceptorChain$InterceptedInvocation.proceed;org.junit.jupiter.engine.execution.InterceptingExecutableInvoker$$Lambda/0x000001f9e6104a00.apply;org.junit.jupiter.engine.execution.InterceptingExecutableInvoker.lambda$invoke$0;org.junit.jupiter.engine.execution.InterceptingExecutableInvoker$ReflectiveInterceptorCall$$Lambda/0x000001f9e60930f0.apply;org.junit.jupiter.engine.execution.InterceptingExecutableInvoker$ReflectiveInterceptorCall.lambda$ofVoidMethod$0;org.junit.jupiter.engine.descriptor.TestMethodTestDescriptor$$Lambda/0x000001f9e6092cd0.apply;org.junit.jupiter.engine.extension.TimeoutExtension.interceptTestMethod;org.junit.jupiter.engine.extension.TimeoutExtension.interceptTestableMethod;org.junit.jupiter.engine.extension.TimeoutExtension.intercept;org.junit.jupiter.engine.execution.InvocationInterceptorChain$ValidatingInvocation.proceed;org.junit.jupiter.engine.execution.MethodInvocation.proceed;org.junit.platform.commons.util.ReflectionUtils.invokeMethod;java.lang.reflect.Method.invoke;jdk.internal.reflect.DirectMethodHandleAccessor.invoke;jdk.internal.reflect.DirectMethodHandleAccessor.invokeImpl;java.lang.invoke.Invokers$Holder.invokeExact_MT;java.lang.invoke.LambdaForm$MH/0x000001f9e6171000.invoke;java.lang.invoke.LambdaForm$DMH/0x000001f9e6170800.invokeVirtual;com.collaboration.petclinic.api.tests.PetAPITests.testAddPetSuccessfully;io.restassured.internal.RequestSpecificationImpl.post;io.restassured.internal.RequestSpecificationImpl.post;org.codehaus.groovy.runtime.callsite.AbstractCallSite.callCurrent;org.codehaus.groovy.runtime.callsite.AbstractCallSite.callCurrent;org.codehaus.groovy.runtime.callsite.CallSiteArray.defaultCallCurrent;org.codehaus.groovy.runtime.callsite.PogoInterceptableSite.callCurrent;org.codehaus.groovy.runtime.callsite.PogoInterceptableSite.call;io.restassured.internal.RequestSpecificationImpl.invokeMethod;groovy.lang.MetaClassImpl.invokeMethod;groovy.lang.MetaClassImpl.invokeMethod;groovy.lang.MetaClassImpl.invokeMethod;groovy.lang.MetaClassImpl.doInvokeMethod;groovy.lang.MetaMethod.doMethodInvoke;org.codehaus.groovy.reflection.CachedMethod.invoke;java.lang.reflect.Method.invoke;jdk.internal.reflect.DirectMethodHandleAccessor.invoke;jdk.internal.reflect.DirectMethodHandleAccessor.invokeImpl;java.lang.invoke.Invokers$Holder.invokeExact_MT;java.lang.invoke.LambdaForm$MH/0x000001f9e61a3400.invoke;java.lang.invoke.LambdaForm$DMH/0x000001f9e61a2400.invokeVirtual;io.restassured.internal.RequestSpecificationImpl.this$2$applyPathParamsAndSendRequest;io.restassured.internal.RequestSpecificationImpl.applyPathParamsAndSendRequest;org.codehaus.groovy.runtime.callsite.AbstractCallSite.callCurrent;org.codehaus.groovy.runtime.callsite.AbstractCallSite.callCurrent;org.codehaus.groovy.runtime.callsite.CallSiteArray.defaultCallCurrent;org.codehaus.groovy.runtime.callsite.PogoInterceptableSite.callCurrent;org.codehaus.groovy.runtime.callsite.PogoInterceptableSite.call;io.restassured.internal.RequestSpecificationImpl.invokeMethod;groovy.lang.MetaClassImpl.invokeMethod;groovy.lang.MetaClassImpl.invokeMethod;groovy.lang.MetaClassImpl.invokeMethod;groovy.lang.MetaClassImpl.doInvokeMethod;groovy.lang.MetaMethod.doMethodInvoke;org.codehaus.groovy.reflection.CachedMethod.invoke;java.lang.reflect.Method.invoke;jdk.internal.reflect.DirectMethodHandleAccessor.invoke;jdk.internal.reflect.DirectMethodHandleAccessor.invokeImpl;java.lang.invoke.Invokers$Holder.invokeExact_MT;java.lang.invoke.LambdaForm$MH/0x000001f9e61a4400.invoke;java.lang.invoke.LambdaForm$DMH/0x000001f9e61a2400.invokeVirtual;io.restassured.internal.RequestSpecificationImpl.this$2$applyPathParamsAndSendRequest;io.restassured.internal.RequestSpecificationImpl.applyPathParamsAndSendRequest;org.codehaus.groovy.runtime.callsite.AbstractCallSite.call;org.codehaus.groovy.runtime.callsite.AbstractCallSite.call;org.codehaus.groovy.runtime.callsite.CallSiteArray.defaultCall;io.restassured.filter.FilterContext$next.call;io.restassured.internal.filter.FilterContextImpl.next;org.codehaus.groovy.runtime.callsite.AbstractCallSite.call;org.codehaus.groovy.runtime.callsite.AbstractCallSite.call;org.codehaus.groovy.runtime.callsite.CallSiteArray.defaultCall;io.restassured.filter.Filter$filter.call;io.restassured.internal.filter.CsrfFilter.filter;org.codehaus.groovy.runtime.callsite.AbstractCallSite.call;org.codehaus.groovy.runtime.callsite.AbstractCallSite.call;org.codehaus.groovy.runtime.callsite.CallSiteArray.defaultCall;io.restassured.filter.FilterContext$next.call;io.restassured.internal.filter.FilterContextImpl.next;org.codehaus.groovy.runtime.callsite.AbstractCallSite.call;org.codehaus.groovy.runtime.callsite.PogoInterceptableSite.call;io.restassured.internal.RequestSpecificationImpl.invokeMethod;groovy.lang.MetaClassImpl.invokeMethod;groovy.lang.MetaClassImpl.invokeMethod;groovy.lang.MetaClassImpl.invokeMethod;groovy.lang.MetaClassImpl.doInvokeMethod;groovy.lang.MetaMethod.doMethodInvoke;org.codehaus.groovy.reflection.CachedMethod.invoke;java.lang.reflect.Method.invoke;jdk.internal.reflect.DirectMethodHandleAccessor.invoke;jdk.internal.reflect.DirectMethodHandleAccessor.invokeImpl;java.lang.invoke.Invokers$Holder.invokeExact_MT;java.lang.invoke.LambdaForm$MH/0x000001f9e61a2800.invoke;java.lang.invoke.LambdaForm$DMH/0x000001f9e61a2400.invokeVirtual;io.restassured.internal.RequestSpecificationImpl.newFilterContext;org.codehaus.groovy.runtime.callsite.AbstractCallSite.callCurrent;org.codehaus.groovy.runtime.callsite.PogoInterceptableSite.callCurrent;org.codehaus.groovy.runtime.callsite.PogoInterceptableSite.call;io.restassured.internal.RequestSpecificationImpl.invokeMethod;groovy.lang.MetaClassImpl.invokeMethod;groovy.lang.MetaClassImpl.invokeMethod;groovy.lang.MetaClassImpl.invokeMethod;groovy.lang.MetaClassImpl.doInvokeMethod;groovy.lang.MetaMethod.doMethodInvoke;org.codehaus.groovy.reflection.CachedMethod.invoke;org.codehaus.groovy.reflection.CachedMethod.makeAccessibleIfNecessary,0.0000
org.apache.maven.surefire.booter.ForkedBooter.main;org.apache.maven.surefire.booter.ForkedBooter.run;org.apache.maven.surefire.booter.ForkedBooter.execute;org.apache.maven.surefire.booter.ForkedBooter.runSuitesInProcess;org.apache.maven.surefire.junitplatform.JUnitPlatformProvider.invoke;org.apache.maven.surefire.junitplatform.JUnitPlatformProvider.invokeAllTests;org.apache.maven.surefire.junitplatform.JUnitPlatformProvider.execute;org.apache.maven.surefire.junitplatform.LazyLauncher.execute;org.junit.platform.launcher.core.DelegatingLauncher.execute;org.junit.platform.launcher.core.DefaultLauncher.execute;org.junit.platform.launcher.core.DefaultLauncher.execute;org.junit.platform.launcher.core.EngineExecutionOrchestrator.execute;org.junit.platform.launcher.core.EngineExecutionOrchestrator.withInterceptedStreams;org.junit.platform.launcher.core.EngineExecutionOrchestrator$$Lambda/0x000001f9e60a6e28.accept;org.junit.platform.launcher.core.EngineExecutionOrchestrator.lambda$execute$0;org.junit.platform.launcher.core.EngineExecutionOrchestrator.execute;org.junit.platform.launcher.core.EngineExecutionOrchestrator.execute;org.junit.platform.launcher.core.EngineExecutionOrchestrator.execute;org.junit.platform.engine.support.hierarchical.HierarchicalTestEngine.execute;org.junit.platform.engine.support.hierarchical.HierarchicalTestExecutor.execute;org.junit.platform.engine.support.hierarchical.SameThreadHierarchicalTestExecutorService.submit;org.junit.platform.engine.support.hierarchical.NodeTestTask.execute;org.junit.platform.engine.support.hierarchical.NodeTestTask.executeRecursively;org.junit.platform.engine.support.hierarchical.ThrowableCollector.execute;org.junit.platform.engine.support.hierarchical.NodeTestTask$$Lambda/0x000001f9e60b6e68.execute;org.junit.platform.engine.support.hierarchical.NodeTestTask.lambda$executeRecursively$9;org.junit.platform.engine.support.hierarchical.Node.around;org.junit.platform.engine.support.hierarchical.NodeTestTask$$Lambda/0x000001f9e60b7290.invoke;org.junit.platform.engine.support.hierarchical.NodeTestTask.lambda$executeRecursively$8;org.junit.platform.engine.support.hierarchical.ThrowableCollector.execute;org.junit.platform.engine.support.hierarchical.NodeTestTask$$Lambda/0x000001f9e60b74b8.execute;org.junit.platform.engine.support.hierarchical.NodeTestTask.lambda$executeRecursively$6;org.junit.platform.engine.support.hierarchical.SameThreadHierarchicalTestExecutorService.invokeAll;java.util.ArrayList.forEach;org.junit.platform.engine.support.hierarchical.SameThreadHierarchicalTestExecutorService$$Lambda/0x000001f9e60bc000.accept;org.junit.platform.engine.support.hierarchical.NodeTestTask.execute;org.junit.platform.engine.support.hierarchical.NodeTestTask.executeRecursively;org.junit.platform.engine.support.hierarchical.ThrowableCollector.execute;org.junit.platform.engine.support.hierarchical.NodeTestTask$$Lambda/0x000001f9e60b6e68.execute;org.junit.platform.engine.support.hierarchical.NodeTestTask.lambda$executeRecursively$9;org.junit.platform.engine.support.hierarchical.Node.around;org.junit.platform.engine.support.hierarchical.NodeTestTask$$Lambda/0x000001f9e60b7290.invoke;org.junit.platform.engine.support.hierarchical.NodeTestTask.lambda$executeRecursively$8;org.junit.platform.engine.support.hierarchical.ThrowableCollector.execute;org.junit.platform.engine.support.hierarchical.NodeTestTask$$Lambda/0x000001f9e60b74b8.execute;org.junit.platform.engine.support.hierarchical.NodeTestTask.lambda$executeRecursively$6;org.junit.platform.engine.support.hierarchical.SameThreadHierarchicalTestExecutorService.invokeAll;java.util.ArrayList.forEach;org.junit.platform.engine.support.hierarchical.SameThreadHierarchicalTestExecutorService$$Lambda/0x000001f9e60bc000.accept;org.junit.platform.engine.support.hierarchical.NodeTestTask.execute;org.junit.platform.engine.support.hierarchical.NodeTestTask.executeRecursively;org.junit.platform.engine.support.hierarchical.ThrowableCollector.execute;org.junit.platform.engine.support.hierarchical.NodeTestTask$$Lambda/0x000001f9e60b6e68.execute;org.junit.platform.engine.support.hierarchical.NodeTestTask.lambda$executeRecursively$9;org.junit.platform.engine.support.hierarchical.Node.around;org.junit.platform.engine.support.hierarchical.NodeTestTask$$Lambda/0x000001f9e60b7290.invoke;org.junit.platform.engine.support.hierarchical.NodeTestTask.lambda$executeRecursively$8;org.junit.platform.engine.support.hierarchical.ThrowableCollector.execute;org.junit.platform.engine.support.hierarchical.NodeTestTask$$Lambda/0x000001f9e60b74b8.execute;org.junit.platform.engine.support.hierarchical.NodeTestTask.lambda$executeRecursively$6;org.junit.jupiter.engine.descriptor.TestMethodTestDescriptor.execute;org.junit.jupiter.engine.descriptor.TestMethodTestDescriptor.execute;org.junit.jupiter.engine.descriptor.TestMethodTestDescriptor.invokeTestMethod;org.junit.platform.engine.support.hierarchical.ThrowableCollector.execute;org.junit.jupiter.engine.descriptor.TestMethodTestDescriptor$$Lambda/0x000001f9e6176848.execute;org.junit.jupiter.engine.descriptor.TestMethodTestDescriptor.lambda$invokeTestMethod$7;org.junit.jupiter.engine.execution.InterceptingExecutableInvoker.invoke;org.junit.jupiter.engine.execution.InterceptingExecutableInvoker.invoke;org.junit.jupiter.engine.execution.InvocationInterceptorChain.invoke;org.junit.jupiter.engine.execution.InvocationInterceptorChain.chainAndInvoke;org.junit.jupiter.engine.execution.InvocationInterceptorChain.proceed;org.junit.jupiter.engine.execution.InvocationInterceptorChain$InterceptedInvocation.proceed;org.junit.jupiter.engine.execution.InterceptingExecutableInvoker$$Lambda/0x000001f9e6104a00.apply;org.junit.jupiter.engine.execution.InterceptingExecutableInvoker.lambda$invoke$0;org.junit.jupiter.engine.execution.InterceptingExecutableInvoker$ReflectiveInterceptorCall$$Lambda/0x000001f9e60930f0.apply;org.junit.jupiter.engine.execution.InterceptingExecutableInvoker$ReflectiveInterceptorCall.lambda$ofVoidMethod$0;org.junit.jupiter.engine.descriptor.TestMethodTestDescriptor$$Lambda/0x000001f9e6092cd0.apply;org.junit.jupiter.engine.extension.TimeoutExtension.interceptTestMethod;org.junit.jupiter.engine.extension.TimeoutExtension.interceptTestableMethod;org.junit.jupiter.engine.extension.TimeoutExtension.intercept;org.junit.jupiter.engine.execution.InvocationInterceptorChain$ValidatingInvocation.proceed;org.junit.jupiter.engine.execution.MethodInvocation.proceed;org.junit.platform.commons.util.ReflectionUtils.invokeMethod;java.lang.reflect.Method.invoke;jdk.internal.reflect.DirectMethodHandleAccessor.invoke;jdk.internal.reflect.DirectMethodHandleAccessor.invokeImpl;java.lang.invoke.Invokers$Holder.invokeExact_MT;java.lang.invoke.LambdaForm$MH/0x000001f9e6171000.invoke;java.lang.invoke.LambdaForm$DMH/0x000001f9e6170800.invokeVirtual;com.collaboration.petclinic.api.tests.PetAPITests.testAddPetSuccessfully;io.restassured.internal.RequestSpecificationImpl.contentType;org.codehaus.groovy.runtime.callsite.AbstractCallSite.callCurrent;org.codehaus.groovy.runtime.callsite.AbstractCallSite.callCurrent;org.codehaus.groovy.runtime.callsite.CallSiteArray.defaultCallCurrent;org.codehaus.groovy.runtime.callsite.PogoInterceptableSite.callCurrent;org.codehaus.groovy.runtime.callsite.PogoInterceptableSite.call;io.restassured.internal.RequestSpecificationImpl.invokeMethod;groovy.lang.MetaClassImpl.invokeMethod;groovy.lang.MetaClassImpl.invokeMethod;groovy.lang.MetaClassImpl.invokeMethod;groovy.lang.MetaClassImpl.doInvokeMethod;groovy.lang.MetaMethod.doMethodInvoke;org.codehaus.groovy.reflection.CachedMethod.invoke;java.lang.reflect.Method.invoke;jdk.internal.reflect.DirectMethodHandleAccessor.invoke;jdk.internal.reflect.DirectMethodHandleAccessor.invokeImpl;java.lang.invoke.Invokers$Holder.invokeExact_MT;java.lang.invoke.LambdaForm$MH/0x000001f9e6193c00.invoke;java.lang.invoke.LambdaForm$DMH/0x000001f9e6170400.invokeInterface;io.restassured.internal.RequestSpecificationImpl.header;org.codehaus.groovy.runtime.callsite.AbstractCallSite.callCurrent;org.codehaus.groovy.runtime.callsite.AbstractCallSite.callCurrent;org.codehaus.groovy.runtime.callsite.CallSiteArray.defaultCallCurrent;org.codehaus.groovy.runtime.callsite.PogoInterceptableSite.callCurrent;org.codehaus.groovy.runtime.callsite.PogoInterceptableSite.call;io.restassured.internal.RequestSpecificationImpl.invokeMethod;groovy.lang.MetaClassImpl.invokeMethod;groovy.lang.MetaClassImpl.invokeMethod;groovy.lang.MetaClassImpl.invokeMethod;groovy.lang.MetaClassImpl.doInvokeMethod;groovy.lang.MetaMethod.doMethodInvoke;org.codehaus.groovy.reflection.CachedMethod.invoke;java.lang.reflect.Method.invoke;jdk.internal.reflect.DirectMethodHandleAccessor.invoke;jdk.internal.reflect.DirectMethodHandleAccessor.invokeImpl;java.lang.invoke.Invokers$Holder.invokeExact_MT;java.lang.invoke.LambdaForm$MH/0x000001f9e618e400.invoke;java.lang.invoke.LambdaForm$DMH/0x000001f9e6090400.invokeInterface;io.restassured.internal.RequestSpecificationImpl.headers;org.codehaus.groovy.runtime.callsite.AbstractCallSite.callCurrent;org.codehaus.groovy.runtime.callsite.AbstractCallSite.callCurrent;org.codehaus.groovy.runtime.callsite.CallSiteArray.defaultCallCurrent;org.codehaus.groovy.runtime.callsite.PogoInterceptableSite.callCurrent;org.codehaus.groovy.runtime.callsite.PogoInterceptableSite.call;io.restassured.internal.RequestSpecificationImpl.invokeMethod;groovy.lang.MetaClassImpl.invokeMethod;groovy.lang.MetaClassImpl.invokeMethod;groovy.lang.MetaClassImpl.invokeMethod;groovy.lang.MetaClassImpl.doInvokeMethod;groovy.lang.MetaMethod.doMethodInvoke;org.codehaus.groovy.reflection.CachedMethod.invoke;java.lang.reflect.Method.invoke;java.lang.reflect.Method.acquireMethodAccessor;jdk.internal.reflect.ReflectionFactory.newMethodAccessor;jdk.internal.reflect.MethodHandleAccessorFactory.newMethodAccessor;jdk.internal.reflect.MethodHandleAccessorFactory.getDirectMethod;java.lang.invoke.MethodHandleImpl$1.findVirtual;java.lang.invoke.MethodHandles$Lookup.findVirtual;java.lang.invoke.MethodHandles$Lookup.resolveOrFail;java.lang.invoke.MemberName$Factory.resolveOrFail;java.lang.invoke.MemberName$Factory.resolve;java.lang.invoke.MemberName.ensureTypeVisible;sun.invoke.util.VerifyAccess.ensureTypeVisible;sun.invoke.util.VerifyAccess.ensureTypeVisible,0.0000
org.apache.maven.surefire.booter.ForkedBooter.main;org.apache.maven.surefire.booter.ForkedBooter.run;org.apache.maven.surefire.booter.ForkedBooter.execute;org.apache.maven.surefire.booter.ForkedBooter.runSuitesInProcess;org.apache.maven.surefire.junitplatform.JUnitPlatformProvider.invoke;org.apache.maven.surefire.junitplatform.JUnitPlatformProvider.invokeAllTests;org.apache.maven.surefire.junitplatform.JUnitPlatformProvider.execute;org.apache.maven.surefire.junitplatform.LazyLauncher.execute;org.junit.platform.launcher.core.DelegatingLauncher.execute;org.junit.platform.launcher.core.DefaultLauncher.execute;org.junit.platform.launcher.core.DefaultLauncher.execute;org.junit.platform.launcher.core.EngineExecutionOrchestrator.execute;org.junit.platform.launcher.core.EngineExecutionOrchestrator.withInterceptedStreams;org.junit.platform.launcher.core.EngineExecutionOrchestrator$$Lambda/0x000001f9e60a6e28.accept;org.junit.platform.launcher.core.EngineExecutionOrchestrator.lambda$execute$0;org.junit.platform.launcher.core.EngineExecutionOrchestrator.execute;org.junit.platform.launcher.core.EngineExecutionOrchestrator.execute;org.junit.platform.launcher.core.EngineExecutionOrchestrator.execute;org.junit.platform.engine.support.hierarchical.HierarchicalTestEngine.execute;org.junit.platform.engine.support.hierarchical.HierarchicalTestExecutor.execute;org.junit.platform.engine.support.hierarchical.SameThreadHierarchicalTestExecutorService.submit;org.junit.platform.engine.support.hierarchical.NodeTestTask.execute;org.junit.platform.engine.support.hierarchical.NodeTestTask.executeRecursively;org.junit.platform.engine.support.hierarchical.ThrowableCollector.execute;org.junit.platform.engine.support.hierarchical.NodeTestTask$$Lambda/0x000001f9e60b6e68.execute;org.junit.platform.engine.support.hierarchical.NodeTestTask.lambda$executeRecursively$9;org.junit.platform.engine.support.hierarchical.Node.around;org.junit.platform.engine.support.hierarchical.NodeTestTask$$Lambda/0x000001f9e60b7290.invoke;org.junit.platform.engine.support.hierarchical.NodeTestTask.lambda$executeRecursively$8;org.junit.platform.engine.support.hierarchical.ThrowableCollector.execute;org.junit.platform.engine.support.hierarchical.NodeTestTask$$Lambda/0x000001f9e60b74b8.execute;org.junit.platform.engine.support.hierarchical.NodeTestTask.lambda$executeRecursively$6;org.junit.platform.engine.support.hierarchical.SameThreadHierarchicalTestExecutorService.invokeAll;java.util.ArrayList.forEach;org.junit.platform.engine.support.hierarchical.SameThreadHierarchicalTestExecutorService$$Lambda/0x000001f9e60bc000.accept;org.junit.platform.engine.support.hierarchical.NodeTestTask.execute;org.junit.platform.engine.support.hierarchical.NodeTestTask.executeRecursively;org.junit.platform.engine.support.hierarchical.ThrowableCollector.execute;org.junit.platform.engine.support.hierarchical.NodeTestTask$$Lambda/0x000001f9e60b6e68.execute;org.junit.platform.engine.support.hierarchical.NodeTestTask.lambda$executeRecursively$9;org.junit.platform.engine.support.hierarchical.Node.around;org.junit.platform.engine.support.hierarchical.NodeTestTask$$Lambda/0x000001f9e60b7290.invoke;org.junit.platform.engine.support.hierarchical.NodeTestTask.lambda$executeRecursively$8;org.junit.platform.engine.support.hierarchical.ThrowableCollector.execute;org.junit.platform.engine.support.hierarchical.NodeTestTask$$Lambda/0x000001f9e60b74b8.execute;org.junit.platform.engine.support.hierarchical.NodeTestTask.lambda$executeRecursively$6;org.junit.platform.engine.support.hierarchical.SameThreadHierarchicalTestExecutorService.invokeAll;java.util.ArrayList.forEach;org.junit.platform.engine.support.hierarchical.SameThreadHierarchicalTestExecutorService$$Lambda/0x000001f9e60bc000.accept;org.junit.platform.engine.support.hierarchical.NodeTestTask.execute;org.junit.platform.engine.support.hierarchical.NodeTestTask.executeRecursively;org.junit.platform.engine.support.hierarchical.ThrowableCollector.execute;org.junit.platform.engine.support.hierarchical.NodeTestTask$$Lambda/0x000001f9e60b6e68.execute;org.junit.platform.engine.support.hierarchical.NodeTestTask.lambda$executeRecursively$9;org.junit.platform.engine.support.hierarchical.Node.around;org.junit.platform.engine.support.hierarchical.NodeTestTask$$Lambda/0x000001f9e60b7290.invoke;org.junit.platform.engine.support.hierarchical.NodeTestTask.lambda$executeRecursively$8;org.junit.platform.engine.support.hierarchical.ThrowableCollector.execute;org.junit.platform.engine.support.hierarchical.NodeTestTask$$Lambda/0x000001f9e60b74b8.execute;org.junit.platform.engine.support.hierarchical.NodeTestTask.lambda$executeRecursively$6;org.junit.jupiter.engine.descriptor.TestMethodTestDescriptor.execute;org.junit.jupiter.engine.descriptor.TestMethodTestDescriptor.execute;org.junit.jupiter.engine.descriptor.TestMethodTestDescriptor.invokeTestMethod;org.junit.platform.engine.support.hierarchical.ThrowableCollector.execute;org.junit.jupiter.engine.descriptor.TestMethodTestDescriptor$$Lambda/0x000001f9e6176848.execute;org.junit.jupiter.engine.descriptor.TestMethodTestDescriptor.lambda$invokeTestMethod$7;org.junit.jupiter.engine.execution.InterceptingExecutableInvoker.invoke;org.junit.jupiter.engine.execution.InterceptingExecutableInvoker.invoke;org.junit.jupiter.engine.execution.InvocationInterceptorChain.invoke;org.junit.jupiter.engine.execution.InvocationInterceptorChain.chainAndInvoke;org.junit.jupiter.engine.execution.InvocationInterceptorChain.proceed;org.junit.jupiter.engine.execution.InvocationInterceptorChain$InterceptedInvocation.proceed;org.junit.jupiter.engine.execution.InterceptingExecutableInvoker$$Lambda/0x000001f9e6104a00.apply;org.junit.jupiter.engine.execution.InterceptingExecutableInvoker.lambda$invoke$0;org.junit.jupiter.engine.execution.InterceptingExecutableInvoker$ReflectiveInterceptorCall$$Lambda/0x000001f9e60930f0.apply;org.junit.jupiter.engine.execution.InterceptingExecutableInvoker$ReflectiveInterceptorCall.lambda$ofVoidMethod$0;org.junit.jupiter.engine.descriptor.TestMethodTestDescriptor$$Lambda/0x000001f9e6092cd0.apply;org.junit.jupiter.engine.extension.TimeoutExtension.interceptTestMethod;org.junit.jupiter.engine.extension.TimeoutExtension.interceptTestableMethod;org.junit.jupiter.engine.extension.TimeoutExtension.intercept;org.junit.jupiter.engine.execution.InvocationInterceptorChain$ValidatingInvocation.proceed;org.junit.jupiter.engine.execution.MethodInvocation.proceed;org.junit.platform.commons.util.ReflectionUtils.invokeMethod;java.lang.reflect.Method.invoke;jdk.internal.reflect.DirectMethodHandleAccessor.invoke;jdk.internal.reflect.DirectMethodHandleAccessor.invokeImpl;java.lang.invoke.Invokers$Holder.invokeExact_MT;java.lang.invoke.LambdaForm$MH/0x000001f9e6171000.invoke;java.lang.invoke.LambdaForm$DMH/0x000001f9e6170800.invokeVirtual;com.collaboration.petclinic.api.tests.PetAPITests.testAddPetSuccessfully;io.restassured.internal.ValidatableResponseOptionsImpl.body;io.restassured.internal.ResponseSpecificationImpl.body;org.codehaus.groovy.runtime.callsite.AbstractCallSite.callCurrent;org.codehaus.groovy.runtime.callsite.AbstractCallSite.callCurrent;org.codehaus.groovy.runtime.callsite.CallSiteArray.defaultCallCurrent;io.restassured.specification.ResponseSpecification$body$1.callCurrent;io.restassured.internal.ResponseSpecificationImpl.body;org.codehaus.groovy.runtime.callsite.AbstractCallSite.callCurrent;org.codehaus.groovy.runtime.callsite.AbstractCallSite.callCurrent;org.codehaus.groovy.runtime.callsite.CallSiteArray.defaultCallCurrent;org.codehaus.groovy.runtime.callsite.PogoMetaMethodSite.callCurrent;org.codehaus.groovy.runtime.callsite.PogoMetaMethodSite$PogoCachedMethodSiteNoUnwrapNoCoerce.invoke;org.codehaus.groovy.runtime.callsite.PlainObjectMetaMethodSite.doInvoke;java.lang.reflect.Method.invoke;jdk.internal.reflect.DirectMethodHandleAccessor.invoke;jdk.internal.reflect.DirectMethodHandleAccessor.invokeImpl;java.lang.invoke.Invokers$Holder.invokeExact_MT;java.lang.invoke.LambdaForm$MH/0x000001f9e6192800.invoke;java.lang.invoke.DirectMethodHandle$Holder.invokeVirtual;io.restassured.internal.ResponseSpecificationImpl.this$2$validateResponseIfRequired;io.restassured.internal.ResponseSpecificationImpl.validateResponseIfRequired;io.restassured.internal.ResponseSpecificationImpl$HamcrestAssertionClosure$validate$1.call;io.restassured.internal.ResponseSpecificationImpl$HamcrestAssertionClosure.validate;org.codehaus.groovy.runtime.callsite.AbstractCallSite.call;org.codehaus.groovy.runtime.callsite.AbstractCallSite.call;org.codehaus.groovy.runtime.callsite.CallSiteArray.defaultCall;io.restassured.internal.assertion.BodyMatcherGroup$validate$3.call;io.restassured.internal.assertion.BodyMatcherGroup.validate;java.util.stream.ReferencePipeline.collect;java.util.stream.AbstractPipeline.evaluate;java.util.stream.ReduceOps$ReduceOp.evaluateSequential;java.util.stream.AbstractPipeline.wrapAndCopyInto;java.util.stream.AbstractPipeline.copyInto;java.util.ArrayList$ArrayListSpliterator.forEachRemaining;java.util.stream.ReferencePipeline$3$1.accept;io.restassured.internal.assertion.BodyMatcherGroup$$Lambda/0x000001f9e6306840.apply;io.restassured.internal.assertion.BodyMatcherGroup.lambda$validate$0;io.restassured.internal.assertion.BodyMatcher.validate;io.restassured.internal.path.json.JSONAssertion.getResult;org.codehaus.groovy.runtime.callsite.AbstractCallSite.callCurrent;org.codehaus.groovy.runtime.callsite.AbstractCallSite.callCurrent;org.codehaus.groovy.runtime.callsite.CallSiteArray.defaultCallCurrent;io.restassured.internal.path.json.JSONAssertion$getAsJsonObject.callCurrent;io.restassured.internal.path.json.JSONAssertion.getAsJsonObject;org.codehaus.groovy.runtime.callsite.AbstractCallSite.callStatic;org.codehaus.groovy.runtime.callsite.CallSiteArray.defaultCallStatic;org.codehaus.groovy.runtime.callsite.StaticMetaMethodSite.callStatic;org.codehaus.groovy.runtime.callsite.StaticMetaMethodSite.invoke;groovy.lang.MetaMethod.doMethodInvoke;org.codehaus.groovy.reflection.CachedMethod.invoke;java.lang.reflect.Method.invoke;jdk.internal.reflect.DirectMethodHandleAccessor.invoke;jdk.internal.reflect.DirectMethodHandleAccessor.invokeImpl;java.lang.invoke.LambdaForm$MH/0x000001f9e6004000.invokeExact_MT;java.lang.invoke.LambdaForm$MH/0x000001f9e61ea400.invoke;java.lang.invoke.DirectMethodHandle$Holder.invokeStatic;io.restassured.internal.common.assertion.AssertionSupport.escapePath;io.restassured.internal.common.assertion.PathFragmentEscaper$shouldEscape.call;org.codehaus.groovy.runtime.callsite.CallSiteArray.defaultCall;io.restassured.internal.common.assertion.PathFragmentEscaper$shouldEscape.call;io.restassured.internal.common.assertion.AssertionSupport$7.shouldEscape;org.codehaus.groovy.runtime.callsite.AbstractCallSite.call;org.codehaus.groovy.runtime.callsite.AbstractCallSite.call;org.codehaus.groovy.runtime.callsite.CallSiteArray.defaultCall;org.codehaus.groovy.runtime.callsite.CallSiteArray.createCallSite;org.codehaus.groovy.runtime.callsite.CallSiteArray.createCallStaticSite;org.codehaus.groovy.runtime.InvokerHelper.getMetaClass;org.codehaus.groovy.runtime.metaclass.MetaClassRegistryImpl.getMetaClass;org.codehaus.groovy.reflection.ClassInfo.getMetaClass;org.codehaus.groovy.reflection.ClassInfo.getMetaClassUnderLock;groovy.lang.MetaClassImpl.initialize;groovy.lang.MetaClassImpl.reinitialize;groovy.lang.MetaClassImpl.addProperties;groovy.lang.MetaClassImpl.doPrivileged;java.security.AccessController.doPrivileged;java.security.AccessController.executePrivileged;groovy.lang.MetaClassImpl$$Lambda/0x000001f9e61424f0.run;groovy.lang.MetaClassImpl.lambda$addProperties$25;java.beans.Introspector.getBeanInfo;java.beans.Introspector.<init>;java.beans.Introspector.findExplicitBeanInfo;com.sun.beans.finder.BeanInfoFinder.find;com.sun.beans.finder.InstanceFinder.find;com.sun.beans.finder.InstanceFinder.instantiate;com.sun.beans.finder.ClassFinder.findClass;com.sun.beans.finder.ClassFinder.findClass;java.lang.Class.forName;java.lang.Class.forName;java.lang.Class.forName0;java.lang.ClassLoader.loadClass;jdk.internal.loader.ClassLoaders$AppClassLoader.loadClass;jdk.internal.loader.BuiltinClassLoader.loadClass;java.lang.ClassNotFoundException.<init>;java.lang.ReflectiveOperationException.<init>;java.lang.Exception.<init>;java.lang.Throwable.<init>;java.lang.Throwable.fillInStackTrace;java.lang.Throwable.fillInStackTrace,0.0000
org.apache.maven.surefire.booter.ForkedBooter.main;org.apache.maven.surefire.booter.ForkedBooter.run;org.apache.maven.surefire.booter.ForkedBooter.execute;org.apache.maven.surefire.booter.ForkedBooter.runSuitesInProcess;org.apache.maven.surefire.junitplatform.JUnitPlatformProvider.invoke;org.apache.maven.surefire.junitplatform.JUnitPlatformProvider.invokeAllTests;org.apache.maven.surefire.junitplatform.JUnitPlatformProvider.execute;org.apache.maven.surefire.junitplatform.LazyLauncher.execute;org.junit.platform.launcher.core.DelegatingLauncher.execute;org.junit.platform.launcher.core.DefaultLauncher.execute;org.junit.platform.launcher.core.DefaultLauncher.execute;org.junit.platform.launcher.core.EngineExecutionOrchestrator.execute;org.junit.platform.launcher.core.EngineExecutionOrchestrator.withInterceptedStreams;org.junit.platform.launcher.core.EngineExecutionOrchestrator$$Lambda/0x000001f9e60a6e28.accept;org.junit.platform.launcher.core.EngineExecutionOrchestrator.lambda$execute$0;org.junit.platform.launcher.core.EngineExecutionOrchestrator.execute;org.junit.platform.launcher.core.EngineExecutionOrchestrator.execute;org.junit.platform.launcher.core.EngineExecutionOrchestrator.execute;org.junit.platform.engine.support.hierarchical.HierarchicalTestEngine.execute;org.junit.platform.engine.support.hierarchical.HierarchicalTestExecutor.execute;org.junit.platform.engine.support.hierarchical.SameThreadHierarchicalTestExecutorService.submit;org.junit.platform.engine.support.hierarchical.NodeTestTask.execute;org.junit.platform.engine.support.hierarchical.NodeTestTask.executeRecursively;org.junit.platform.engine.support.hierarchical.ThrowableCollector.execute;org.junit.platform.engine.support.hierarchical.NodeTestTask$$Lambda/0x000001f9e60b6e68.execute;org.junit.platform.engine.support.hierarchical.NodeTestTask.lambda$executeRecursively$9;org.junit.platform.engine.support.hierarchical.Node.around;org.junit.platform.engine.support.hierarchical.NodeTestTask$$Lambda/0x000001f9e60b7290.invoke;org.junit.platform.engine.support.hierarchical.NodeTestTask.lambda$executeRecursively$8;org.junit.platform.engine.support.hierarchical.ThrowableCollector.execute;org.junit.platform.engine.support.hierarchical.NodeTestTask$$Lambda/0x000001f9e60b74b8.execute;org.junit.platform.engine.support.hierarchical.NodeTestTask.lambda$executeRecursively$6;org.junit.platform.engine.support.hierarchical.SameThreadHierarchicalTestExecutorService.invokeAll;java.util.ArrayList.forEach;org.junit.platform.engine.support.hierarchical.SameThreadHierarchicalTestExecutorService$$Lambda/0x000001f9e60bc000.accept;org.junit.platform.engine.support.hierarchical.NodeTestTask.execute;org.junit.platform.engine.support.hierarchical.NodeTestTask.executeRecursively;org.junit.platform.engine.support.hierarchical.ThrowableCollector.execute;org.junit.platform.engine.support.hierarchical.NodeTestTask$$Lambda/0x000001f9e60b6e68.execute;org.junit.platform.engine.support.hierarchical.NodeTestTask.lambda$executeRecursively$9;org.junit.platform.engine.support.hierarchical.Node.around;org.junit.platform.engine.support.hierarchical.NodeTestTask$$Lambda/0x000001f9e60b7290.invoke;org.junit.platform.engine.support.hierarchical.NodeTestTask.lambda$executeRecursively$8;org.junit.platform.engine.support.hierarchical.ThrowableCollector.execute;org.junit.platform.engine.support.hierarchical.NodeTestTask$$Lambda/0x000001f9e60b74b8.execute;org.junit.platform.engine.support.hierarchical.NodeTestTask.lambda$executeRecursively$6;org.junit.platform.engine.support.hierarchical.SameThreadHierarchicalTestExecutorService.invokeAll;java.util.ArrayList.forEach;org.junit.platform.engine.support.hierarchical.SameThreadHierarchicalTestExecutorService$$Lambda/0x000001f9e60bc000.accept;org.junit.platform.engine.support.hierarchical.NodeTestTask.execute;org.junit.platform.engine.support.hierarchical.NodeTestTask.executeRecursively;org.junit.platform.engine.support.hierarchical.ThrowableCollector.execute;org.junit.platform.engine.support.hierarchical.NodeTestTask$$Lambda/0x000001f9e60b6e68.execute;org.junit.platform.engine.support.hierarchical.NodeTestTask.lambda$executeRecursively$9;org.junit.platform.engine.support.hierarchical.Node.around;org.junit.platform.engine.support.hierarchical.NodeTestTask$$Lambda/0x000001f9e60b7290.invoke;org.junit.platform.engine.support.hierarchical.NodeTestTask.lambda$executeRecursively$8;org.junit.platform.engine.support.hierarchical.ThrowableCollector.execute;org.junit.platform.engine.support.hierarchical.NodeTestTask$$Lambda/0x000001f9e60b74b8.execute;org.junit.platform.engine.support.hierarchical.NodeTestTask.lambda$executeRecursively$6;org.junit.jupiter.engine.descriptor.TestMethodTestDescriptor.execute;org.junit.jupiter.engine.descriptor.TestMethodTestDescriptor.execute;org.junit.jupiter.engine.descriptor.TestMethodTestDescriptor.invokeTestMethod;org.junit.platform.engine.support.hierarchical.ThrowableCollector.execute;org.junit.jupiter.engine.descriptor.TestMethodTestDescriptor$$Lambda/0x000001f9e6176848.execute;org.junit.jupiter.engine.descriptor.TestMethodTestDescriptor.lambda$invokeTestMethod$7;org.junit.jupiter.engine.execution.InterceptingExecutableInvoker.invoke;org.junit.jupiter.engine.execution.InterceptingExecutableInvoker.invoke;org.junit.jupiter.engine.execution.InvocationInterceptorChain.invoke;org.junit.jupiter.engine.execution.InvocationInterceptorChain.chainAndInvoke;org.junit.jupiter.engine.execution.InvocationInterceptorChain.proceed;org.junit.jupiter.engine.execution.InvocationInterceptorChain$InterceptedInvocation.proceed;org.junit.jupiter.engine.execution.InterceptingExecutableInvoker$$Lambda/0x000001f9e6104a00.apply;org.junit.jupiter.engine.execution.InterceptingExecutableInvoker.lambda$invoke$0;org.junit.jupiter.engine.execution.InterceptingExecutableInvoker$ReflectiveInterceptorCall$$Lambda/0x000001f9e60930f0.apply;org.junit.jupiter.engine.execution.InterceptingExecutableInvoker$ReflectiveInterceptorCall.lambda$ofVoidMethod$0;org.junit.jupiter.engine.descriptor.TestMethodTestDescriptor$$Lambda/0x000001f9e6092cd0.apply;org.junit.jupiter.engine.extension.TimeoutExtension.interceptTestMethod;org.junit.jupiter.engine.extension.TimeoutExtension.interceptTestableMethod;org.junit.jupiter.engine.extension.TimeoutExtension.intercept;org.junit.jupiter.engine.execution.InvocationInterceptorChain$ValidatingInvocation.proceed;org.junit.jupiter.engine.execution.MethodInvocation.proceed;org.junit.platform.commons.util.ReflectionUtils.invokeMethod;java.lang.reflect.Method.invoke;jdk.internal.reflect.DirectMethodHandleAccessor.invoke;jdk.internal.reflect.DirectMethodHandleAccessor.invokeImpl;java.lang.invoke.Invokers$Holder.invokeExact_MT;java.lang.invoke.LambdaForm$MH/0x000001f9e6171000.invoke;java.lang.invoke.LambdaForm$DMH/0x000001f9e6170800.invokeVirtual;com.collaboration.petclinic.api.tests.PetAPITests.testAddPetSuccessfully;io.restassured.internal.ValidatableResponseOptionsImpl.body;io.restassured.internal.ResponseSpecificationImpl.body;org.codehaus.groovy.runtime.callsite.AbstractCallSite.callCurrent;org.codehaus.groovy.runtime.callsite.AbstractCallSite.callCurrent;org.codehaus.groovy.runtime.callsite.CallSiteArray.defaultCallCurrent;io.restassured.specification.ResponseSpecification$body$1.callCurrent;io.restassured.internal.ResponseSpecificationImpl.body;org.codehaus.groovy.runtime.callsite.AbstractCallSite.callCurrent;org.codehaus.groovy.runtime.callsite.AbstractCallSite.callCurrent;org.codehaus.groovy.runtime.callsite.CallSiteArray.defaultCallCurrent;org.codehaus.groovy.runtime.callsite.PogoMetaMethodSite.callCurrent;org.codehaus.groovy.runtime.callsite.PogoMetaMethodSite$PogoCachedMethodSiteNoUnwrapNoCoerce.invoke;org.codehaus.groovy.runtime.callsite.PlainObjectMetaMethodSite.doInvoke;java.lang.reflect.Method.invoke;jdk.internal.reflect.DirectMethodHandleAccessor.invoke;jdk.internal.reflect.DirectMethodHandleAccessor.invokeImpl;java.lang.invoke.Invokers$Holder.invokeExact_MT;java.lang.invoke.LambdaForm$MH/0x000001f9e6192800.invoke;java.lang.invoke.DirectMethodHandle$Holder.invokeVirtual;io.restassured.internal.ResponseSpecificationImpl.this$2$validateResponseIfRequired;io.restassured.internal.ResponseSpecificationImpl.validateResponseIfRequired;io.restassured.internal.ResponseSpecificationImpl$HamcrestAssertionClosure$validate$1.call;io.restassured.internal.ResponseSpecificationImpl$HamcrestAssertionClosure.validate;org.codehaus.groovy.runtime.callsite.AbstractCallSite.call;org.codehaus.groovy.runtime.callsite.AbstractCallSite.call;org.codehaus.groovy.runtime.callsite.CallSiteArray.defaultCall;io.restassured.internal.assertion.BodyMatcherGroup$validate$3.call;io.restassured.internal.assertion.BodyMatcherGroup.validate;java.util.stream.ReferencePipeline.collect;java.util.stream.AbstractPipeline.evaluate;java.util.stream.ReduceOps$ReduceOp.evaluateSequential;java.util.stream.AbstractPipeline.wrapAndCopyInto;java.util.stream.AbstractPipeline.copyInto;java.util.ArrayList$ArrayListSpliterator.forEachRemaining;java.util.stream.ReferencePipeline$3$1.accept;io.restassured.internal.assertion.BodyMatcherGroup$$Lambda/0x000001f9e6306840.apply;io.restassured.internal.assertion.BodyMatcherGroup.lambda$validate$0;io.restassured.internal.assertion.BodyMatcher.validate;io.restassured.internal.path.json.JSONAssertion.getResult;org.codehaus.groovy.runtime.callsite.AbstractCallSite.callCurrent;org.codehaus.groovy.runtime.callsite.AbstractCallSite.callCurrent;org.codehaus.groovy.runtime.callsite.CallSiteArray.defaultCallCurrent;io.restassured.internal.path.json.JSONAssertion$getAsJsonObject.callCurrent;io.restassured.internal.path.json.JSONAssertion.getAsJsonObject;org.codehaus.groovy.runtime.callsite.AbstractCallSite.callStatic;org.codehaus.groovy.runtime.callsite.AbstractCallSite.callStatic;org.codehaus.groovy.runtime.callsite.CallSiteArray.defaultCallStatic;org.codehaus.groovy.runtime.callsite.CallSiteArray.createCallStaticSite;org.codehaus.groovy.runtime.InvokerHelper.getMetaClass;org.codehaus.groovy.runtime.metaclass.MetaClassRegistryImpl.getMetaClass;org.codehaus.groovy.reflection.ClassInfo.getMetaClass;org.codehaus.groovy.reflection.ClassInfo.getMetaClassUnderLock;groovy.lang.MetaClassImpl.initialize;groovy.lang.MetaClassImpl.reinitialize;groovy.lang.MetaClassImpl.addProperties;groovy.lang.MetaClassImpl.doPrivileged;java.security.AccessController.doPrivileged;java.security.AccessController.executePrivileged;groovy.lang.MetaClassImpl$$Lambda/0x000001f9e61424f0.run;groovy.lang.MetaClassImpl.lambda$addProperties$25;java.beans.Introspector.getBeanInfo;java.beans.Introspector.getBeanInfo;java.beans.Introspector.getTargetMethodInfo;com.sun.beans.introspect.ClassInfo.getMethods;com.sun.beans.introspect.MethodInfo.get;java.lang.Class.getMethods;java.lang.Class.privateGetPublicMethods;java.lang.Class.privateGetDeclaredMethods;java.lang.Class.getDeclaredMethods0,0.0000
org.apache.maven.surefire.booter.ForkedBooter.main;org.apache.maven.surefire.booter.ForkedBooter.run;org.apache.maven.surefire.booter.ForkedBooter.execute;org.apache.maven.surefire.booter.ForkedBooter.runSuitesInProcess;org.apache.maven.surefire.junitplatform.JUnitPlatformProvider.invoke;org.apache.maven.surefire.junitplatform.JUnitPlatformProvider.invokeAllTests;org.apache.maven.surefire.junitplatform.JUnitPlatformProvider.execute;org.apache.maven.surefire.junitplatform.LazyLauncher.execute;org.junit.platform.launcher.core.DelegatingLauncher.execute;org.junit.platform.launcher.core.DefaultLauncher.execute;org.junit.platform.launcher.core.DefaultLauncher.execute;org.junit.platform.launcher.core.EngineExecutionOrchestrator.execute;org.junit.platform.launcher.core.EngineExecutionOrchestrator.withInterceptedStreams;org.junit.platform.launcher.core.EngineExecutionOrchestrator$$Lambda/0x000001f9e60a6e28.accept;org.junit.platform.launcher.core.EngineExecutionOrchestrator.lambda$execute$0;org.junit.platform.launcher.core.EngineExecutionOrchestrator.execute;org.junit.platform.launcher.core.EngineExecutionOrchestrator.execute;org.junit.platform.launcher.core.EngineExecutionOrchestrator.execute;org.junit.platform.engine.support.hierarchical.HierarchicalTestEngine.execute;org.junit.platform.engine.support.hierarchical.HierarchicalTestExecutor.execute;org.junit.platform.engine.support.hierarchical.SameThreadHierarchicalTestExecutorService.submit;org.junit.platform.engine.support.hierarchical.NodeTestTask.execute;org.junit.platform.engine.support.hierarchical.NodeTestTask.executeRecursively;org.junit.platform.engine.support.hierarchical.ThrowableCollector.execute;org.junit.platform.engine.support.hierarchical.NodeTestTask$$Lambda/0x000001f9e60b6e68.execute;org.junit.platform.engine.support.hierarchical.NodeTestTask.lambda$executeRecursively$9;org.junit.platform.engine.support.hierarchical.Node.around;org.junit.platform.engine.support.hierarchical.NodeTestTask$$Lambda/0x000001f9e60b7290.invoke;org.junit.platform.engine.support.hierarchical.NodeTestTask.lambda$executeRecursively$8;org.junit.platform.engine.support.hierarchical.ThrowableCollector.execute;org.junit.platform.engine.support.hierarchical.NodeTestTask$$Lambda/0x000001f9e60b74b8.execute;org.junit.platform.engine.support.hierarchical.NodeTestTask.lambda$executeRecursively$6;org.junit.platform.engine.support.hierarchical.SameThreadHierarchicalTestExecutorService.invokeAll;java.util.ArrayList.forEach;org.junit.platform.engine.support.hierarchical.SameThreadHierarchicalTestExecutorService$$Lambda/0x000001f9e60bc000.accept;org.junit.platform.engine.support.hierarchical.NodeTestTask.execute;org.junit.platform.engine.support.hierarchical.NodeTestTask.executeRecursively;org.junit.platform.engine.support.hierarchical.ThrowableCollector.execute;org.junit.platform.engine.support.hierarchical.NodeTestTask$$Lambda/0x000001f9e60b6e68.execute;org.junit.platform.engine.support.hierarchical.NodeTestTask.lambda$executeRecursively$9;org.junit.platform.engine.support.hierarchical.Node.around;org.junit.platform.engine.support.hierarchical.NodeTestTask$$Lambda/0x000001f9e60b7290.invoke;org.junit.platform.engine.support.hierarchical.NodeTestTask.lambda$executeRecursively$8;org.junit.platform.engine.support.hierarchical.ThrowableCollector.execute;org.junit.platform.engine.support.hierarchical.NodeTestTask$$Lambda/0x000001f9e60b74b8.execute;org.junit.platform.engine.support.hierarchical.NodeTestTask.lambda$executeRecursively$6;org.junit.jupiter.engine.descriptor.ClassBasedTestDescriptor.before;org.junit.jupiter.engine.descriptor.ClassBasedTestDescriptor.before;org.junit.jupiter.engine.descriptor.ClassBasedTestDescriptor.invokeBeforeAllMethods;org.junit.platform.engine.support.hierarchical.ThrowableCollector.execute;org.junit.jupiter.engine.descriptor.ClassBasedTestDescriptor$$Lambda/0x000001f9e6105478.execute;org.junit.jupiter.engine.descriptor.ClassBasedTestDescriptor.lambda$invokeBeforeAllMethods$13;org.junit.jupiter.engine.execution.InterceptingExecutableInvoker.invoke;org.junit.jupiter.engine.execution.InterceptingExecutableInvoker.invoke;org.junit.jupiter.engine.execution.InvocationInterceptorChain.invoke;org.junit.jupiter.engine.execution.InvocationInterceptorChain.chainAndInvoke;org.junit.jupiter.engine.execution.InvocationInterceptorChain.proceed;org.junit.jupiter.engine.execution.InvocationInterceptorChain$InterceptedInvocation.proceed;org.junit.jupiter.engine.execution.InterceptingExecutableInvoker$$Lambda/0x000001f9e6104a00.apply;org.junit.jupiter.engine.execution.InterceptingExecutableInvoker.lambda$invoke$0;org.junit.jupiter.engine.execution.InterceptingExecutableInvoker$ReflectiveInterceptorCall$$Lambda/0x000001f9e60930f0.apply;org.junit.jupiter.engine.execution.InterceptingExecutableInvoker$ReflectiveInterceptorCall.lambda$ofVoidMethod$0;org.junit.jupiter.engine.descriptor.ClassBasedTestDescriptor$$Lambda/0x000001f9e61056a0.apply;org.junit.jupiter.engine.extension.TimeoutExtension.interceptBeforeAllMethod;org.junit.jupiter.engine.extension.TimeoutExtension.interceptLifecycleMethod;org.junit.jupiter.engine.extension.TimeoutExtension.intercept;org.junit.jupiter.engine.execution.InvocationInterceptorChain$ValidatingInvocation.proceed;org.junit.jupiter.engine.execution.MethodInvocation.proceed;org.junit.platform.commons.util.ReflectionUtils.invokeMethod;java.lang.reflect.Method.invoke;jdk.internal.reflect.DirectMethodHandleAccessor.invoke;jdk.internal.reflect.DirectMethodHandleAccessor.invokeImpl;java.lang.invoke.Invokers$Holder.invokeExact_MT;java.lang.invoke.LambdaForm$MH/0x000001f9e610c400.invoke;java.lang.invoke.DirectMethodHandle$Holder.invokeStatic;com.collaboration.petclinic.api.tests.PetAPITests.setup;io.restassured.RestAssured.<clinit>;io.restassured.authentication.NoAuthScheme.<init>;io.restassured.authentication.NoAuthScheme.$getStaticMetaClass;org.codehaus.groovy.reflection.ClassInfo.getMetaClass;org.codehaus.groovy.reflection.ClassInfo.getMetaClassForClass;org.codehaus.groovy.reflection.ClassInfo.isValidWeakMetaClass;groovy.lang.GroovySystem.<clinit>;org.codehaus.groovy.runtime.metaclass.MetaClassRegistryImpl.<init>;org.codehaus.groovy.runtime.metaclass.MetaClassRegistryImpl.<init>;org.codehaus.groovy.runtime.metaclass.MetaClassRegistryImpl.registerMethods;org.codehaus.groovy.reflection.ReflectionCache.getCachedClass;org.codehaus.groovy.reflection.ClassInfo.getCachedClass;org.codehaus.groovy.util.LazyReference.get;org.codehaus.groovy.util.LazyReference.getLocked;org.codehaus.groovy.reflection.ClassInfo$LazyCachedClassRef.initValue;org.codehaus.groovy.reflection.ClassInfo$LazyCachedClassRef.initValue;org.codehaus.groovy.reflection.ClassInfo.access$300;org.codehaus.groovy.reflection.ClassInfo.createCachedClass;org.codehaus.groovy.reflection.stdclasses.CachedClosureClass.<init>;org.codehaus.groovy.reflection.CachedClass.getMethods;org.codehaus.groovy.util.LazyReference.get;org.codehaus.groovy.util.LazyReference.getLocked;org.codehaus.groovy.reflection.CachedClass$3.initValue;org.codehaus.groovy.reflection.CachedClass$3.initValue;org.codehaus.groovy.reflection.CachedClass.access$000;org.codehaus.groovy.reflection.CachedClass.doPrivileged;java.security.AccessController.doPrivileged;java.security.AccessController.executePrivileged;org.codehaus.groovy.reflection.CachedClass$3$$Lambda/0x000001f9e611e5d8.run;org.codehaus.groovy.reflection.CachedClass$3.lambda$initValue$4;java.util.stream.ReferencePipeline.toArray;java.util.stream.AbstractPipeline.evaluateToArrayNode;java.util.stream.AbstractPipeline.evaluate;java.util.stream.AbstractPipeline.wrapAndCopyInto;java.util.stream.AbstractPipeline.copyInto;java.util.Spliterators$ArraySpliterator.forEachRemaining;java.util.stream.ReferencePipeline$2$1.accept;java.util.stream.ReferencePipeline$2$1.accept;org.codehaus.groovy.reflection.CachedClass$3$$Lambda/0x000001f9e6124a08.test;org.codehaus.groovy.reflection.CachedClass$3.lambda$initValue$1;org.codehaus.groovy.reflection.ReflectionUtils.<clinit>;org.codehaus.groovy.vmplugin.VMPluginFactory.<clinit>;org.codehaus.groovy.vmplugin.VMPluginFactory.createPlugin;org.codehaus.groovy.vmplugin.VMPluginFactory.doPrivileged;java.security.AccessController.doPrivileged;java.security.AccessController.executePrivileged;org.codehaus.groovy.vmplugin.VMPluginFactory$$Lambda/0x000001f9e61256d0.run;org.codehaus.groovy.vmplugin.VMPluginFactory.lambda$createPlugin$0;java.lang.reflect.Constructor.newInstance;java.lang.reflect.Constructor.newInstanceWithCaller;java.lang.reflect.Constructor.acquireConstructorAccessor;jdk.internal.reflect.ReflectionFactory.newConstructorAccessor;jdk.internal.reflect.MethodHandleAccessorFactory.newConstructorAccessor;jdk.internal.reflect.MethodHandleAccessorFactory.ensureClassInitialized;jdk.internal.misc.Unsafe.ensureClassInitialized;jdk.internal.misc.Unsafe.ensureClassInitialized0;org.codehaus.groovy.vmplugin.v9.Java9.<clinit>;java.util.stream.ReferencePipeline.forEach;java.util.stream.AbstractPipeline.evaluate;java.util.stream.ForEachOps$ForEachOp$OfRef.evaluateSequential;java.util.stream.ForEachOps$ForEachOp.evaluateSequential;java.util.stream.AbstractPipeline.wrapAndCopyInto;java.util.stream.AbstractPipeline.copyInto;java.util.Spliterators$IteratorSpliterator.forEachRemaining;java.util.Iterator.forEachRemaining;java.util.stream.ReferencePipeline$3$1.accept;java.util.stream.ForEachOps$ForEachOp$OfRef.accept;org.codehaus.groovy.vmplugin.v9.Java9$$Lambda/0x000001f9e6131308.accept;org.codehaus.groovy.vmplugin.v9.Java9.lambda$static$10;java.lang.invoke.MethodHandleNatives.linkCallSite;java.lang.invoke.MethodHandleNatives.linkCallSiteImpl;java.lang.invoke.CallSite.makeSite;java.lang.invoke.BootstrapMethodInvoker.invoke;java.lang.invoke.Invokers$Holder.invokeExact_MT;java.lang.invoke.LambdaForm$DMH/0x000001f9e603c400.invokeStatic;java.lang.invoke.LambdaMetafactory.metafactory;java.lang.invoke.InnerClassLambdaMetafactory.buildCallSite;java.lang.invoke.InnerClassLambdaMetafactory.spinInnerClass;java.lang.invoke.InnerClassLambdaMetafactory.generateInnerClass;java.lang.invoke.InnerClassLambdaMetafactory.generateConstructor,0.0000
org.apache.maven.surefire.booter.ForkedBooter.main;org.apache.maven.surefire.booter.ForkedBooter.run;org.apache.maven.surefire.booter.ForkedBooter.execute;org.apache.maven.surefire.booter.ForkedBooter.runSuitesInProcess;org.apache.maven.surefire.junitplatform.JUnitPlatformProvider.invoke;org.apache.maven.surefire.junitplatform.JUnitPlatformProvider.invokeAllTests;org.apache.maven.surefire.junitplatform.JUnitPlatformProvider.execute;org.apache.maven.surefire.junitplatform.LazyLauncher.execute;org.junit.platform.launcher.core.DelegatingLauncher.execute;org.junit.platform.launcher.core.DefaultLauncher.execute;org.junit.platform.launcher.core.DefaultLauncher.execute;org.junit.platform.launcher.core.EngineExecutionOrchestrator.execute;org.junit.platform.launcher.core.EngineExecutionOrchestrator.withInterceptedStreams;org.junit.platform.launcher.core.EngineExecutionOrchestrator$$Lambda/0x000001f9e60a6e28.accept;org.junit.platform.launcher.core.EngineExecutionOrchestrator.lambda$execute$0;org.junit.platform.launcher.core.EngineExecutionOrchestrator.execute;org.junit.platform.launcher.core.EngineExecutionOrchestrator.execute;org.junit.platform.launcher.core.EngineExecutionOrchestrator.execute;org.junit.platform.engine.support.hierarchical.HierarchicalTestEngine.execute;org.junit.platform.engine.support.hierarchical.HierarchicalTestExecutor.execute;org.junit.platform.engine.support.hierarchical.SameThreadHierarchicalTestExecutorService.submit;org.junit.platform.engine.support.hierarchical.NodeTestTask.execute;org.junit.platform.engine.support.hierarchical.NodeTestTask.executeRecursively;org.junit.platform.engine.support.hierarchical.ThrowableCollector.execute;org.junit.platform.engine.support.hierarchical.NodeTestTask$$Lambda/0x000001f9e60b6e68.execute;org.junit.platform.engine.support.hierarchical.NodeTestTask.lambda$executeRecursively$9;org.junit.platform.engine.support.hierarchical.Node.around;org.junit.platform.engine.support.hierarchical.NodeTestTask$$Lambda/0x000001f9e60b7290.invoke;org.junit.platform.engine.support.hierarchical.NodeTestTask.lambda$executeRecursively$8;org.junit.platform.engine.support.hierarchical.ThrowableCollector.execute;org.junit.platform.engine.support.hierarchical.NodeTestTask$$Lambda/0x000001f9e60b74b8.execute;org.junit.platform.engine.support.hierarchical.NodeTestTask.lambda$executeRecursively$6;org.junit.platform.engine.support.hierarchical.SameThreadHierarchicalTestExecutorService.invokeAll;java.util.ArrayList.forEach;org.junit.platform.engine.support.hierarchical.SameThreadHierarchicalTestExecutorService$$Lambda/0x000001f9e60bc000.accept;org.junit.platform.engine.support.hierarchical.NodeTestTask.execute;org.junit.platform.engine.support.hierarchical.NodeTestTask.executeRecursively;org.junit.platform.engine.support.hierarchical.ThrowableCollector.execute;org.junit.platform.engine.support.hierarchical.NodeTestTask$$Lambda/0x000001f9e60b6e68.execute;org.junit.platform.engine.support.hierarchical.NodeTestTask.lambda$executeRecursively$9;org.junit.platform.engine.support.hierarchical.Node.around;org.junit.platform.engine.support.hierarchical.NodeTestTask$$Lambda/0x000001f9e60b7290.invoke;org.junit.platform.engine.support.hierarchical.NodeTestTask.lambda$executeRecursively$8;org.junit.platform.engine.support.hierarchical.ThrowableCollector.execute;org.junit.platform.engine.support.hierarchical.NodeTestTask$$Lambda/0x000001f9e60b74b8.execute;org.junit.platform.engine.support.hierarchical.NodeTestTask.lambda$executeRecursively$6;org.junit.jupiter.engine.descriptor.ClassBasedTestDescriptor.before;org.junit.jupiter.engine.descriptor.ClassBasedTestDescriptor.before;org.junit.jupiter.engine.descriptor.ClassBasedTestDescriptor.invokeBeforeAllMethods;org.junit.platform.engine.support.hierarchical.ThrowableCollector.execute;org.junit.jupiter.engine.descriptor.ClassBasedTestDescriptor$$Lambda/0x000001f9e6105478.execute;org.junit.jupiter.engine.descriptor.ClassBasedTestDescriptor.lambda$invokeBeforeAllMethods$13;org.junit.jupiter.engine.execution.InterceptingExecutableInvoker.invoke;org.junit.jupiter.engine.execution.InterceptingExecutableInvoker.invoke;org.junit.jupiter.engine.execution.InvocationInterceptorChain.invoke;org.junit.jupiter.engine.execution.InvocationInterceptorChain.chainAndInvoke;org.junit.jupiter.engine.execution.InvocationInterceptorChain.proceed;org.junit.jupiter.engine.execution.InvocationInterceptorChain$InterceptedInvocation.proceed;org.junit.jupiter.engine.execution.InterceptingExecutableInvoker$$Lambda/0x000001f9e6104a00.apply;org.junit.jupiter.engine.execution.InterceptingExecutableInvoker.lambda$invoke$0;org.junit.jupiter.engine.execution.InterceptingExecutableInvoker$ReflectiveInterceptorCall$$Lambda/0x000001f9e60930f0.apply;org.junit.jupiter.engine.execution.InterceptingExecutableInvoker$ReflectiveInterceptorCall.lambda$ofVoidMethod$0;org.junit.jupiter.engine.descriptor.ClassBasedTestDescriptor$$Lambda/0x000001f9e61056a0.apply;org.junit.jupiter.engine.extension.TimeoutExtension.interceptBeforeAllMethod;org.junit.jupiter.engine.extension.TimeoutExtension.interceptLifecycleMethod;org.junit.jupiter.engine.extension.TimeoutExtension.intercept;org.junit.jupiter.engine.execution.InvocationInterceptorChain$ValidatingInvocation.proceed;org.junit.jupiter.engine.execution.MethodInvocation.proceed;org.junit.platform.commons.util.ReflectionUtils.invokeMethod;java.lang.reflect.Method.invoke;jdk.internal.reflect.DirectMethodHandleAccessor.invoke;jdk.internal.reflect.DirectMethodHandleAccessor.invokeImpl;java.lang.invoke.Invokers$Holder.invokeExact_MT;java.lang.invoke.LambdaForm$MH/0x000001f9e610c400.invoke;java.lang.invoke.DirectMethodHandle$Holder.invokeStatic;com.collaboration.petclinic.api.tests.PetAPITests.setup;io.restassured.RestAssured.<clinit>;io.restassured.authentication.NoAuthScheme.<init>;io.restassured.authentication.NoAuthScheme.$getStaticMetaClass;org.codehaus.groovy.reflection.ClassInfo.getMetaClass;org.codehaus.groovy.reflection.ClassInfo.getMetaClassForClass;org.codehaus.groovy.reflection.ClassInfo.isValidWeakMetaClass;groovy.lang.GroovySystem.<clinit>;org.codehaus.groovy.runtime.metaclass.MetaClassRegistryImpl.<init>;org.codehaus.groovy.runtime.metaclass.MetaClassRegistryImpl.<init>;org.codehaus.groovy.runtime.m12n.ExtensionModuleScanner.scanClasspathModules;org.codehaus.groovy.runtime.m12n.ExtensionModuleScanner.scanClasspathModulesFrom;org.codehaus.groovy.runtime.m12n.ExtensionModuleScanner.scanExtensionModuleFromMetaInf;org.codehaus.groovy.runtime.m12n.ExtensionModuleScanner.scanExtensionModuleFromProperties;org.codehaus.groovy.runtime.metaclass.MetaClassRegistryImpl$DefaultModuleListener.onModule;org.codehaus.groovy.runtime.m12n.SimpleExtensionModule.getMetaMethods;org.codehaus.groovy.runtime.m12n.SimpleExtensionModule.createMetaMethods;org.codehaus.groovy.reflection.CachedMethod.isStatic;java.lang.ClassLoader.loadClass;jdk.internal.loader.ClassLoaders$AppClassLoader.loadClass;jdk.internal.loader.BuiltinClassLoader.loadClass;jdk.internal.loader.BuiltinClassLoader.loadClassOrNull;jdk.internal.loader.BuiltinClassLoader.findClassOnClassPathOrNull;jdk.internal.loader.BuiltinClassLoader.defineClass;java.security.SecureClassLoader.defineClass,0.0000
org.apache.maven.surefire.booter.ForkedBooter.main;org.apache.maven.surefire.booter.ForkedBooter.run;org.apache.maven.surefire.booter.ForkedBooter.execute;org.apache.maven.surefire.booter.ForkedBooter.runSuitesInProcess;org.apache.maven.surefire.junitplatform.JUnitPlatformProvider.invoke;org.apache.maven.surefire.junitplatform.JUnitPlatformProvider.invokeAllTests;org.apache.maven.surefire.junitplatform.JUnitPlatformProvider.execute;org.apache.maven.surefire.junitplatform.LazyLauncher.execute;org.junit.platform.launcher.core.DelegatingLauncher.execute;org.junit.platform.launcher.core.DefaultLauncher.execute;org.junit.platform.launcher.core.DefaultLauncher.execute;org.junit.platform.launcher.core.EngineExecutionOrchestrator.execute;org.junit.platform.launcher.core.EngineExecutionOrchestrator.withInterceptedStreams;org.junit.platform.launcher.core.EngineExecutionOrchestrator$$Lambda/0x000001f9e60a6e28.accept;org.junit.platform.launcher.core.EngineExecutionOrchestrator.lambda$execute$0;org.junit.platform.launcher.core.EngineExecutionOrchestrator.execute;org.junit.platform.launcher.core.EngineExecutionOrchestrator.execute;org.junit.platform.launcher.core.EngineExecutionOrchestrator.execute;org.junit.platform.engine.support.hierarchical.HierarchicalTestEngine.execute;org.junit.platform.engine.support.hierarchical.HierarchicalTestExecutor.execute;org.junit.platform.engine.support.hierarchical.SameThreadHierarchicalTestExecutorService.submit;org.junit.platform.engine.support.hierarchical.NodeTestTask.execute;org.junit.platform.engine.support.hierarchical.NodeTestTask.executeRecursively;org.junit.platform.engine.support.hierarchical.ThrowableCollector.execute;org.junit.platform.engine.support.hierarchical.NodeTestTask$$Lambda/0x000001f9e60b6e68.execute;org.junit.platform.engine.support.hierarchical.NodeTestTask.lambda$executeRecursively$9;org.junit.platform.engine.support.hierarchical.Node.around;org.junit.platform.engine.support.hierarchical.NodeTestTask$$Lambda/0x000001f9e60b7290.invoke;org.junit.platform.engine.support.hierarchical.NodeTestTask.lambda$executeRecursively$8;org.junit.platform.engine.support.hierarchical.ThrowableCollector.execute;org.junit.platform.engine.support.hierarchical.NodeTestTask$$Lambda/0x000001f9e60b74b8.execute;org.junit.platform.engine.support.hierarchical.NodeTestTask.lambda$executeRecursively$6;org.junit.platform.engine.support.hierarchical.SameThreadHierarchicalTestExecutorService.invokeAll;java.util.ArrayList.forEach;org.junit.platform.engine.support.hierarchical.SameThreadHierarchicalTestExecutorService$$Lambda/0x000001f9e60bc000.accept;org.junit.platform.engine.support.hierarchical.NodeTestTask.execute;org.junit.platform.engine.support.hierarchical.NodeTestTask.executeRecursively;org.junit.platform.engine.support.hierarchical.ThrowableCollector.execute;org.junit.platform.engine.support.hierarchical.NodeTestTask$$Lambda/0x000001f9e60b6e68.execute;org.junit.platform.engine.support.hierarchical.NodeTestTask.lambda$executeRecursively$9;org.junit.platform.engine.support.hierarchical.Node.around;org.junit.platform.engine.support.hierarchical.NodeTestTask$$Lambda/0x000001f9e60b7290.invoke;org.junit.platform.engine.support.hierarchical.NodeTestTask.lambda$executeRecursively$8;org.junit.platform.engine.support.hierarchical.ThrowableCollector.execute;org.junit.platform.engine.support.hierarchical.NodeTestTask$$Lambda/0x000001f9e60b74b8.execute;org.junit.platform.engine.support.hierarchical.NodeTestTask.lambda$executeRecursively$6;org.junit.platform.engine.support.hierarchical.SameThreadHierarchicalTestExecutorService.invokeAll;java.util.ArrayList.forEach;org.junit.platform.engine.support.hierarchical.SameThreadHierarchicalTestExecutorService$$Lambda/0x000001f9e60bc000.accept;org.junit.platform.engine.support.hierarchical.NodeTestTask.execute;org.junit.platform.engine.support.hierarchical.NodeTestTask.executeRecursively;org.junit.platform.engine.support.hierarchical.ThrowableCollector.execute;org.junit.platform.engine.support.hierarchical.NodeTestTask$$Lambda/0x000001f9e60b6e68.execute;org.junit.platform.engine.support.hierarchical.NodeTestTask.lambda$executeRecursively$9;org.junit.platform.engine.support.hierarchical.Node.around;org.junit.platform.engine.support.hierarchical.NodeTestTask$$Lambda/0x000001f9e60b7290.invoke;org.junit.platform.engine.support.hierarchical.NodeTestTask.lambda$executeRecursively$8;org.junit.platform.engine.support.hierarchical.ThrowableCollector.execute;org.junit.platform.engine.support.hierarchical.NodeTestTask$$Lambda/0x000001f9e60b74b8.execute;org.junit.platform.engine.support.hierarchical.NodeTestTask.lambda$executeRecursively$6;org.junit.jupiter.engine.descriptor.TestMethodTestDescriptor.execute;org.junit.jupiter.engine.descriptor.TestMethodTestDescriptor.execute;org.junit.jupiter.engine.descriptor.TestMethodTestDescriptor.invokeTestMethod;org.junit.platform.engine.support.hierarchical.ThrowableCollector.execute;org.junit.jupiter.engine.descriptor.TestMethodTestDescriptor$$Lambda/0x000001f9e6176848.execute;org.junit.jupiter.engine.descriptor.TestMethodTestDescriptor.lambda$invokeTestMethod$7;org.junit.jupiter.engine.execution.InterceptingExecutableInvoker.invoke;org.junit.jupiter.engine.execution.InterceptingExecutableInvoker.invoke;org.junit.jupiter.engine.execution.InvocationInterceptorChain.invoke;org.junit.jupiter.engine.execution.InvocationInterceptorChain.chainAndInvoke;org.junit.jupiter.engine.execution.InvocationInterceptorChain.proceed;org.junit.jupiter.engine.execution.InvocationInterceptorChain$InterceptedInvocation.proceed;org.junit.jupiter.engine.execution.InterceptingExecutableInvoker$$Lambda/0x000001f9e6104a00.apply;org.junit.jupiter.engine.execution.InterceptingExecutableInvoker.lambda$invoke$0;org.junit.jupiter.engine.execution.InterceptingExecutableInvoker$ReflectiveInterceptorCall$$Lambda/0x000001f9e60930f0.apply;org.junit.jupiter.engine.execution.InterceptingExecutableInvoker$ReflectiveInterceptorCall.lambda$ofVoidMethod$0;org.junit.jupiter.engine.descriptor.TestMethodTestDescriptor$$Lambda/0x000001f9e6092cd0.apply;org.junit.jupiter.engine.extension.TimeoutExtension.interceptTestMethod;org.junit.jupiter.engine.extension.TimeoutExtension.interceptTestableMethod;org.junit.jupiter.engine.extension.TimeoutExtension.intercept;org.junit.jupiter.engine.execution.InvocationInterceptorChain$ValidatingInvocation.proceed;org.junit.jupiter.engine.execution.MethodInvocation.proceed;org.junit.platform.commons.util.ReflectionUtils.invokeMethod;java.lang.reflect.Method.invoke;jdk.internal.reflect.DirectMethodHandleAccessor.invoke;jdk.internal.reflect.DirectMethodHandleAccessor.invokeImpl;java.lang.invoke.Invokers$Holder.invokeExact_MT;java.lang.invoke.LambdaForm$MH/0x000001f9e6171000.invoke;java.lang.invoke.LambdaForm$DMH/0x000001f9e6170800.invokeVirtual;com.collaboration.petclinic.api.tests.PetAPITests.testAddPetSuccessfully;io.restassured.internal.RequestSpecificationImpl.post;io.restassured.internal.RequestSpecificationImpl.post;org.codehaus.groovy.runtime.callsite.AbstractCallSite.callCurrent;org.codehaus.groovy.runtime.callsite.AbstractCallSite.callCurrent;org.codehaus.groovy.runtime.callsite.CallSiteArray.defaultCallCurrent;org.codehaus.groovy.runtime.callsite.PogoInterceptableSite.callCurrent;org.codehaus.groovy.runtime.callsite.PogoInterceptableSite.call;io.restassured.internal.RequestSpecificationImpl.invokeMethod;groovy.lang.MetaClassImpl.invokeMethod;groovy.lang.MetaClassImpl.invokeMethod;groovy.lang.MetaClassImpl.invokeMethod;groovy.lang.MetaClassImpl.doInvokeMethod;groovy.lang.MetaMethod.doMethodInvoke;org.codehaus.groovy.reflection.CachedMethod.invoke;java.lang.reflect.Method.invoke;jdk.internal.reflect.DirectMethodHandleAccessor.invoke;jdk.internal.reflect.DirectMethodHandleAccessor.invokeImpl;java.lang.invoke.Invokers$Holder.invokeExact_MT;java.lang.invoke.LambdaForm$MH/0x000001f9e61a3400.invoke;java.lang.invoke.LambdaForm$DMH/0x000001f9e61a2400.invokeVirtual;io.restassured.internal.RequestSpecificationImpl.this$2$applyPathParamsAndSendRequest;io.restassured.internal.RequestSpecificationImpl.applyPathParamsAndSendRequest;org.codehaus.groovy.runtime.callsite.AbstractCallSite.callCurrent;org.codehaus.groovy.runtime.callsite.AbstractCallSite.callCurrent;org.codehaus.groovy.runtime.callsite.CallSiteArray.defaultCallCurrent;org.codehaus.groovy.runtime.callsite.PogoInterceptableSite.callCurrent;org.codehaus.groovy.runtime.callsite.PogoInterceptableSite.call;io.restassured.internal.RequestSpecificationImpl.invokeMethod;groovy.lang.MetaClassImpl.invokeMethod;groovy.lang.MetaClassImpl.invokeMethod;groovy.lang.MetaClassImpl.invokeMethod;groovy.lang.MetaClassImpl.doInvokeMethod;groovy.lang.MetaMethod.doMethodInvoke;org.codehaus.groovy.reflection.CachedMethod.invoke;java.lang.reflect.Method.invoke;jdk.internal.reflect.DirectMethodHandleAccessor.invoke;jdk.internal.reflect.DirectMethodHandleAccessor.invokeImpl;java.lang.invoke.Invokers$Holder.invokeExact_MT;java.lang.invoke.LambdaForm$MH/0x000001f9e61a4400.invoke;java.lang.invoke.LambdaForm$DMH/0x000001f9e61a2400.invokeVirtual;io.restassured.internal.RequestSpecificationImpl.this$2$applyPathParamsAndSendRequest;io.restassured.internal.RequestSpecificationImpl.applyPathParamsAndSendRequest;org.codehaus.groovy.runtime.callsite.AbstractCallSite.callCurrent;org.codehaus.groovy.runtime.callsite.AbstractCallSite.callCurrent;org.codehaus.groovy.runtime.callsite.CallSiteArray.defaultCallCurrent;org.codehaus.groovy.runtime.callsite.PogoInterceptableSite.callCurrent;org.codehaus.groovy.runtime.callsite.PogoInterceptableSite.call;io.restassured.internal.RequestSpecificationImpl.invokeMethod;groovy.lang.MetaClassImpl.invokeMethod;groovy.lang.MetaClassImpl.invokeMethod;groovy.lang.MetaClassImpl.invokeMethod;groovy.lang.MetaClassImpl.doInvokeMethod;groovy.lang.MetaMethod.doMethodInvoke;org.codehaus.groovy.reflection.CachedMethod.invoke;java.lang.reflect.Method.invoke;jdk.internal.reflect.DirectMethodHandleAccessor.invoke;jdk.internal.reflect.DirectMethodHandleAccessor.invokeImpl;java.lang.invoke.Invokers$Holder.invokeExact_MT;java.lang.invoke.LambdaForm$MH/0x000001f9e6020000.invoke;java.lang.invoke.DirectMethodHandle$Holder.invokeVirtual;io.restassured.internal.RequestSpecificationImpl.this$2$httpClientConfig;io.restassured.internal.RequestSpecificationImpl.httpClientConfig;org.codehaus.groovy.runtime.callsite.AbstractCallSite.call;org.codehaus.groovy.runtime.callsite.AbstractCallSite.call;org.codehaus.groovy.runtime.callsite.CallSiteArray.defaultCall;org.codehaus.groovy.runtime.callsite.CallSiteArray.createCallSite;org.codehaus.groovy.runtime.callsite.CallSiteArray.createPojoSite;groovy.lang.MetaClassImpl.createPojoCallSite;org.codehaus.groovy.runtime.callsite.PojoMetaMethodSite.createPojoMetaMethodSite;org.codehaus.groovy.runtime.callsite.PojoMetaMethodSite.createCachedMethodSite;org.codehaus.groovy.reflection.CachedMethod.createPojoMetaMethodSite;org.codehaus.groovy.runtime.callsite.CallSiteGenerator.compilePojoMethod;org.codehaus.groovy.reflection.ClassLoaderForClassArtifacts.defineClassAndGetConstructor;java.lang.Class.getConstructor;java.lang.Class.getConstructor0;java.lang.Class.privateGetDeclaredConstructors;java.lang.Class.getDeclaredConstructors0,0.0000
org.apache.maven.surefire.booter.ForkedBooter.main;org.apache.maven.surefire.booter.ForkedBooter.run;org.apache.maven.surefire.booter.ForkedBooter.execute;org.apache.maven.surefire.booter.ForkedBooter.runSuitesInProcess;org.apache.maven.surefire.junitplatform.JUnitPlatformProvider.invoke;org.apache.maven.surefire.junitplatform.JUnitPlatformProvider.invokeAllTests;org.apache.maven.surefire.junitplatform.JUnitPlatformProvider.execute;org.apache.maven.surefire.junitplatform.LazyLauncher.execute;org.junit.platform.launcher.core.DelegatingLauncher.execute;org.junit.platform.launcher.core.DefaultLauncher.execute;org.junit.platform.launcher.core.DefaultLauncher.execute;org.junit.platform.launcher.core.EngineExecutionOrchestrator.execute;org.junit.platform.launcher.core.EngineExecutionOrchestrator.withInterceptedStreams;org.junit.platform.launcher.core.EngineExecutionOrchestrator$$Lambda/0x000001f9e60a6e28.accept;org.junit.platform.launcher.core.EngineExecutionOrchestrator.lambda$execute$0;org.junit.platform.launcher.core.EngineExecutionOrchestrator.execute;org.junit.platform.launcher.core.EngineExecutionOrchestrator.execute;org.junit.platform.launcher.core.EngineExecutionOrchestrator.execute;org.junit.platform.engine.support.hierarchical.HierarchicalTestEngine.execute;org.junit.platform.engine.support.hierarchical.HierarchicalTestExecutor.execute;org.junit.platform.engine.support.hierarchical.SameThreadHierarchicalTestExecutorService.submit;org.junit.platform.engine.support.hierarchical.NodeTestTask.execute;org.junit.platform.engine.support.hierarchical.NodeTestTask.executeRecursively;org.junit.platform.engine.support.hierarchical.ThrowableCollector.execute;org.junit.platform.engine.support.hierarchical.NodeTestTask$$Lambda/0x000001f9e60b6e68.execute;org.junit.platform.engine.support.hierarchical.NodeTestTask.lambda$executeRecursively$9;org.junit.platform.engine.support.hierarchical.Node.around;org.junit.platform.engine.support.hierarchical.NodeTestTask$$Lambda/0x000001f9e60b7290.invoke;org.junit.platform.engine.support.hierarchical.NodeTestTask.lambda$executeRecursively$8;org.junit.platform.engine.support.hierarchical.ThrowableCollector.execute;org.junit.platform.engine.support.hierarchical.NodeTestTask$$Lambda/0x000001f9e60b74b8.execute;org.junit.platform.engine.support.hierarchical.NodeTestTask.lambda$executeRecursively$6;org.junit.platform.engine.support.hierarchical.SameThreadHierarchicalTestExecutorService.invokeAll;java.util.ArrayList.forEach;org.junit.platform.engine.support.hierarchical.SameThreadHierarchicalTestExecutorService$$Lambda/0x000001f9e60bc000.accept;org.junit.platform.engine.support.hierarchical.NodeTestTask.execute;org.junit.platform.engine.support.hierarchical.NodeTestTask.executeRecursively;org.junit.platform.engine.support.hierarchical.ThrowableCollector.execute;org.junit.platform.engine.support.hierarchical.NodeTestTask$$Lambda/0x000001f9e60b6e68.execute;org.junit.platform.engine.support.hierarchical.NodeTestTask.lambda$executeRecursively$9;org.junit.platform.engine.support.hierarchical.Node.around;org.junit.platform.engine.support.hierarchical.NodeTestTask$$Lambda/0x000001f9e60b7290.invoke;org.junit.platform.engine.support.hierarchical.NodeTestTask.lambda$executeRecursively$8;org.junit.platform.engine.support.hierarchical.ThrowableCollector.execute;org.junit.platform.engine.support.hierarchical.NodeTestTask$$Lambda/0x000001f9e60b74b8.execute;org.junit.platform.engine.support.hierarchical.NodeTestTask.lambda$executeRecursively$6;org.junit.jupiter.engine.descriptor.ClassBasedTestDescriptor.before;org.junit.jupiter.engine.descriptor.ClassBasedTestDescriptor.before;org.junit.jupiter.engine.descriptor.ClassBasedTestDescriptor.invokeBeforeAllMethods;org.junit.platform.engine.support.hierarchical.ThrowableCollector.execute;org.junit.jupiter.engine.descriptor.ClassBasedTestDescriptor$$Lambda/0x000001f9e6105478.execute;org.junit.jupiter.engine.descriptor.ClassBasedTestDescriptor.lambda$invokeBeforeAllMethods$13;org.junit.jupiter.engine.execution.InterceptingExecutableInvoker.invoke;org.junit.jupiter.engine.execution.InterceptingExecutableInvoker.invoke;org.junit.jupiter.engine.execution.InvocationInterceptorChain.invoke;org.junit.jupiter.engine.execution.InvocationInterceptorChain.chainAndInvoke;org.junit.jupiter.engine.execution.InvocationInterceptorChain.proceed;org.junit.jupiter.engine.execution.InvocationInterceptorChain$InterceptedInvocation.proceed;org.junit.jupiter.engine.execution.InterceptingExecutableInvoker$$Lambda/0x000001f9e6104a00.apply;org.junit.jupiter.engine.execution.InterceptingExecutableInvoker.lambda$invoke$0;org.junit.jupiter.engine.execution.InterceptingExecutableInvoker$ReflectiveInterceptorCall$$Lambda/0x000001f9e60930f0.apply;org.junit.jupiter.engine.execution.InterceptingExecutableInvoker$ReflectiveInterceptorCall.lambda$ofVoidMethod$0;org.junit.jupiter.engine.descriptor.ClassBasedTestDescriptor$$Lambda/0x000001f9e61056a0.apply;org.junit.jupiter.engine.extension.TimeoutExtension.interceptBeforeAllMethod;org.junit.jupiter.engine.extension.TimeoutExtension.interceptLifecycleMethod;org.junit.jupiter.engine.extension.TimeoutExtension.intercept;org.junit.jupiter.engine.execution.InvocationInterceptorChain$ValidatingInvocation.proceed;org.junit.jupiter.engine.execution.MethodInvocation.proceed;org.junit.platform.commons.util.ReflectionUtils.invokeMethod;java.lang.reflect.Method.invoke;jdk.internal.reflect.DirectMethodHandleAccessor.invoke;jdk.internal.reflect.DirectMethodHandleAccessor.invokeImpl;java.lang.invoke.Invokers$Holder.invokeExact_MT;java.lang.invoke.LambdaForm$MH/0x000001f9e610c400.invoke;java.lang.invoke.DirectMethodHandle$Holder.invokeStatic;com.collaboration.petclinic.api.tests.PetAPITests.setup;io.restassured.RestAssured.<clinit>;io.restassured.config.RestAssuredConfig.<init>;io.restassured.config.SSLConfig.<init>;io.restassured.config.SSLConfig.<init>;io.restassured.internal.common.assertion.AssertParameter.notNull;org.codehaus.groovy.runtime.callsite.AbstractCallSite.callStatic,0.0000
org.apache.maven.surefire.booter.ForkedBooter.main;org.apache.maven.surefire.booter.ForkedBooter.run;org.apache.maven.surefire.booter.ForkedBooter.execute;org.apache.maven.surefire.booter.ForkedBooter.runSuitesInProcess;org.apache.maven.surefire.junitplatform.JUnitPlatformProvider.invoke;org.apache.maven.surefire.junitplatform.JUnitPlatformProvider.invokeAllTests;org.apache.maven.surefire.junitplatform.JUnitPlatformProvider.execute;org.apache.maven.surefire.junitplatform.LazyLauncher.execute;org.junit.platform.launcher.core.DelegatingLauncher.execute;org.junit.platform.launcher.core.DefaultLauncher.execute;org.junit.platform.launcher.core.DefaultLauncher.execute;org.junit.platform.launcher.core.EngineExecutionOrchestrator.execute;org.junit.platform.launcher.core.EngineExecutionOrchestrator.withInterceptedStreams;org.junit.platform.launcher.core.EngineExecutionOrchestrator$$Lambda/0x000001f9e60a6e28.accept;org.junit.platform.launcher.core.EngineExecutionOrchestrator.lambda$execute$0;org.junit.platform.launcher.core.EngineExecutionOrchestrator.execute;org.junit.platform.launcher.core.EngineExecutionOrchestrator.execute;org.junit.platform.launcher.core.EngineExecutionOrchestrator.execute;org.junit.platform.engine.support.hierarchical.HierarchicalTestEngine.execute;org.junit.platform.engine.support.hierarchical.HierarchicalTestExecutor.execute;org.junit.platform.engine.support.hierarchical.SameThreadHierarchicalTestExecutorService.submit;org.junit.platform.engine.support.hierarchical.NodeTestTask.execute;org.junit.platform.engine.support.hierarchical.NodeTestTask.executeRecursively;org.junit.platform.engine.support.hierarchical.ThrowableCollector.execute;org.junit.platform.engine.support.hierarchical.NodeTestTask$$Lambda/0x000001f9e60b6e68.execute;org.junit.platform.engine.support.hierarchical.NodeTestTask.lambda$executeRecursively$9;org.junit.platform.engine.support.hierarchical.Node.around;org.junit.platform.engine.support.hierarchical.NodeTestTask$$Lambda/0x000001f9e60b7290.invoke;org.junit.platform.engine.support.hierarchical.NodeTestTask.lambda$executeRecursively$8;org.junit.platform.engine.support.hierarchical.ThrowableCollector.execute;org.junit.platform.engine.support.hierarchical.NodeTestTask$$Lambda/0x000001f9e60b74b8.execute;org.junit.platform.engine.support.hierarchical.NodeTestTask.lambda$executeRecursively$6;org.junit.platform.engine.support.hierarchical.SameThreadHierarchicalTestExecutorService.invokeAll;java.util.ArrayList.forEach;org.junit.platform.engine.support.hierarchical.SameThreadHierarchicalTestExecutorService$$Lambda/0x000001f9e60bc000.accept;org.junit.platform.engine.support.hierarchical.NodeTestTask.execute;org.junit.platform.engine.support.hierarchical.NodeTestTask.executeRecursively;org.junit.platform.engine.support.hierarchical.ThrowableCollector.execute;org.junit.platform.engine.support.hierarchical.NodeTestTask$$Lambda/0x000001f9e60b6e68.execute;org.junit.platform.engine.support.hierarchical.NodeTestTask.lambda$executeRecursively$9;org.junit.platform.engine.support.hierarchical.Node.around;org.junit.platform.engine.support.hierarchical.NodeTestTask$$Lambda/0x000001f9e60b7290.invoke;org.junit.platform.engine.support.hierarchical.NodeTestTask.lambda$executeRecursively$8;org.junit.platform.engine.support.hierarchical.ThrowableCollector.execute;org.junit.platform.engine.support.hierarchical.NodeTestTask$$Lambda/0x000001f9e60b74b8.execute;org.junit.platform.engine.support.hierarchical.NodeTestTask.lambda$executeRecursively$6;org.junit.platform.engine.support.hierarchical.SameThreadHierarchicalTestExecutorService.invokeAll;java.util.ArrayList.forEach;org.junit.platform.engine.support.hierarchical.SameThreadHierarchicalTestExecutorService$$Lambda/0x000001f9e60bc000.accept;org.junit.platform.engine.support.hierarchical.NodeTestTask.execute;org.junit.platform.engine.support.hierarchical.NodeTestTask.executeRecursively;org.junit.platform.engine.support.hierarchical.ThrowableCollector.execute;org.junit.platform.engine.support.hierarchical.NodeTestTask$$Lambda/0x000001f9e60b6e68.execute;org.junit.platform.engine.support.hierarchical.NodeTestTask.lambda$executeRecursively$9;org.junit.platform.engine.support.hierarchical.Node.around;org.junit.platform.engine.support.hierarchical.NodeTestTask$$Lambda/0x000001f9e60b7290.invoke;org.junit.platform.engine.support.hierarchical.NodeTestTask.lambda$executeRecursively$8;org.junit.platform.engine.support.hierarchical.ThrowableCollector.execute;org.junit.platform.engine.support.hierarchical.NodeTestTask$$Lambda/0x000001f9e60b74b8.execute;org.junit.platform.engine.support.hierarchical.NodeTestTask.lambda$executeRecursively$6;org.junit.jupiter.engine.descriptor.TestMethodTestDescriptor.execute;org.junit.jupiter.engine.descriptor.TestMethodTestDescriptor.execute;org.junit.jupiter.engine.descriptor.TestMethodTestDescriptor.invokeTestMethod;org.junit.platform.engine.support.hierarchical.ThrowableCollector.execute;org.junit.jupiter.engine.descriptor.TestMethodTestDescriptor$$Lambda/0x000001f9e6176848.execute;org.junit.jupiter.engine.descriptor.TestMethodTestDescriptor.lambda$invokeTestMethod$7;org.junit.jupiter.engine.execution.InterceptingExecutableInvoker.invoke;org.junit.jupiter.engine.execution.InterceptingExecutableInvoker.invoke;org.junit.jupiter.engine.execution.InvocationInterceptorChain.invoke;org.junit.jupiter.engine.execution.InvocationInterceptorChain.chainAndInvoke;org.junit.jupiter.engine.execution.InvocationInterceptorChain.proceed;org.junit.jupiter.engine.execution.InvocationInterceptorChain$InterceptedInvocation.proceed;org.junit.jupiter.engine.execution.InterceptingExecutableInvoker$$Lambda/0x000001f9e6104a00.apply;org.junit.jupiter.engine.execution.InterceptingExecutableInvoker.lambda$invoke$0;org.junit.jupiter.engine.execution.InterceptingExecutableInvoker$ReflectiveInterceptorCall$$Lambda/0x000001f9e60930f0.apply;org.junit.jupiter.engine.execution.InterceptingExecutableInvoker$ReflectiveInterceptorCall.lambda$ofVoidMethod$0;org.junit.jupiter.engine.descriptor.TestMethodTestDescriptor$$Lambda/0x000001f9e6092cd0.apply;org.junit.jupiter.engine.extension.TimeoutExtension.interceptTestMethod;org.junit.jupiter.engine.extension.TimeoutExtension.interceptTestableMethod;org.junit.jupiter.engine.extension.TimeoutExtension.intercept;org.junit.jupiter.engine.execution.InvocationInterceptorChain$ValidatingInvocation.proceed;org.junit.jupiter.engine.execution.MethodInvocation.proceed;org.junit.platform.commons.util.ReflectionUtils.invokeMethod;java.lang.reflect.Method.invoke;jdk.internal.reflect.DirectMethodHandleAccessor.invoke;jdk.internal.reflect.DirectMethodHandleAccessor.invokeImpl;java.lang.invoke.Invokers$Holder.invokeExact_MT;java.lang.invoke.LambdaForm$MH/0x000001f9e6171000.invoke;java.lang.invoke.LambdaForm$DMH/0x000001f9e6170800.invokeVirtual;com.collaboration.petclinic.api.tests.PetAPITests.testAddPetSuccessfully;io.restassured.internal.RequestSpecificationImpl.post;io.restassured.internal.RequestSpecificationImpl.post;org.codehaus.groovy.runtime.callsite.AbstractCallSite.callCurrent;org.codehaus.groovy.runtime.callsite.AbstractCallSite.callCurrent;org.codehaus.groovy.runtime.callsite.CallSiteArray.defaultCallCurrent;org.codehaus.groovy.runtime.callsite.PogoInterceptableSite.callCurrent;org.codehaus.groovy.runtime.callsite.PogoInterceptableSite.call;io.restassured.internal.RequestSpecificationImpl.invokeMethod;groovy.lang.MetaClassImpl.invokeMethod;groovy.lang.MetaClassImpl.invokeMethod;groovy.lang.MetaClassImpl.invokeMethod;groovy.lang.MetaClassImpl.doInvokeMethod;groovy.lang.MetaMethod.doMethodInvoke;org.codehaus.groovy.reflection.CachedMethod.invoke;java.lang.reflect.Method.invoke;jdk.internal.reflect.DirectMethodHandleAccessor.invoke;jdk.internal.reflect.DirectMethodHandleAccessor.invokeImpl;java.lang.invoke.Invokers$Holder.invokeExact_MT;java.lang.invoke.LambdaForm$MH/0x000001f9e61a3400.invoke;java.lang.invoke.LambdaForm$DMH/0x000001f9e61a2400.invokeVirtual;io.restassured.internal.RequestSpecificationImpl.this$2$applyPathParamsAndSendRequest;io.restassured.internal.RequestSpecificationImpl.applyPathParamsAndSendRequest;org.codehaus.groovy.runtime.callsite.AbstractCallSite.callCurrent;org.codehaus.groovy.runtime.callsite.AbstractCallSite.callCurrent;org.codehaus.groovy.runtime.callsite.CallSiteArray.defaultCallCurrent;org.codehaus.groovy.runtime.callsite.PogoInterceptableSite.callCurrent;org.codehaus.groovy.runtime.callsite.PogoInterceptableSite.call;io.restassured.internal.RequestSpecificationImpl.invokeMethod;groovy.lang.MetaClassImpl.invokeMethod;groovy.lang.MetaClassImpl.invokeMethod;groovy.lang.MetaClassImpl.invokeMethod;groovy.lang.MetaClassImpl.doInvokeMethod;groovy.lang.MetaMethod.doMethodInvoke;org.codehaus.groovy.reflection.CachedMethod.invoke;java.lang.reflect.Method.invoke;jdk.internal.reflect.DirectMethodHandleAccessor.invoke;jdk.internal.reflect.DirectMethodHandleAccessor.invokeImpl;java.lang.invoke.Invokers$Holder.invokeExact_MT;java.lang.invoke.LambdaForm$MH/0x000001f9e61a4400.invoke;java.lang.invoke.LambdaForm$DMH/0x000001f9e61a2400.invokeVirtual;io.restassured.internal.RequestSpecificationImpl.this$2$applyPathParamsAndSendRequest;io.restassured.internal.RequestSpecificationImpl.applyPathParamsAndSendRequest;org.codehaus.groovy.runtime.callsite.AbstractCallSite.call;org.codehaus.groovy.runtime.callsite.AbstractCallSite.call;org.codehaus.groovy.runtime.callsite.CallSiteArray.defaultCall;io.restassured.filter.FilterContext$next.call;io.restassured.internal.filter.FilterContextImpl.next;org.codehaus.groovy.runtime.callsite.AbstractCallSite.call;org.codehaus.groovy.runtime.callsite.AbstractCallSite.call;org.codehaus.groovy.runtime.callsite.CallSiteArray.defaultCall;io.restassured.filter.Filter$filter.call;io.restassured.internal.filter.CsrfFilter.filter;org.codehaus.groovy.runtime.callsite.AbstractCallSite.call;org.codehaus.groovy.runtime.callsite.AbstractCallSite.call;org.codehaus.groovy.runtime.callsite.CallSiteArray.defaultCall;io.restassured.filter.FilterContext$next.call;io.restassured.internal.filter.FilterContextImpl.next;io.restassured.filter.Filter$filter.call;org.codehaus.groovy.runtime.callsite.CallSiteArray.defaultCall;io.restassured.filter.Filter$filter$0.call;io.restassured.filter.time.TimingFilter.filter;io.restassured.internal.filter.FilterContextImpl.next;io.restassured.filter.Filter$filter$0.call;org.codehaus.groovy.runtime.callsite.CallSiteArray.defaultCall;io.restassured.filter.Filter$filter.call;io.restassured.internal.filter.SendRequestFilter.filter;org.codehaus.groovy.runtime.callsite.AbstractCallSite.call;org.codehaus.groovy.runtime.callsite.AbstractCallSite.call;org.codehaus.groovy.runtime.callsite.CallSiteArray.defaultCall;org.codehaus.groovy.runtime.callsite.PogoInterceptableSite.call;io.restassured.internal.RequestSpecificationImpl.invokeMethod;groovy.lang.MetaClassImpl.invokeMethod;groovy.lang.MetaClassImpl.invokeMethod;groovy.lang.MetaClassImpl.invokeMethod;groovy.lang.MetaClassImpl.doInvokeMethod;groovy.lang.MetaMethod.doMethodInvoke;org.codehaus.groovy.reflection.CachedMethod.invoke;java.lang.reflect.Method.invoke;jdk.internal.reflect.DirectMethodHandleAccessor.invoke;jdk.internal.reflect.DirectMethodHandleAccessor.invokeImpl;java.lang.invoke.Invokers$Holder.invokeExact_MT;java.lang.invoke.LambdaForm$MH/0x000001f9e6211000.invoke;java.lang.invoke.LambdaForm$DMH/0x000001f9e6210000.invokeVirtual;io.restassured.internal.RequestSpecificationImpl.this$2$sendRequest;io.restassured.internal.RequestSpecificationImpl.sendRequest;org.codehaus.groovy.runtime.callsite.AbstractCallSite.callCurrent;org.codehaus.groovy.runtime.callsite.AbstractCallSite.callCurrent;org.codehaus.groovy.runtime.callsite.CallSiteArray.defaultCallCurrent;org.codehaus.groovy.runtime.callsite.PogoInterceptableSite.callCurrent;org.codehaus.groovy.runtime.callsite.PogoInterceptableSite.call;io.restassured.internal.RequestSpecificationImpl.invokeMethod;groovy.lang.MetaClassImpl.invokeMethod;groovy.lang.MetaClassImpl.invokeMethod;groovy.lang.MetaClassImpl.invokeMethod;groovy.lang.MetaClassImpl.doInvokeMethod;groovy.lang.MetaMethod.doMethodInvoke;org.codehaus.groovy.reflection.CachedMethod.invoke;java.lang.reflect.Method.invoke;jdk.internal.reflect.DirectMethodHandleAccessor.invoke;jdk.internal.reflect.DirectMethodHandleAccessor.invokeImpl;java.lang.invoke.Invokers$Holder.invokeExact_MT;java.lang.invoke.LambdaForm$MH/0x000001f9e618e400.invoke;java.lang.invoke.LambdaForm$DMH/0x000001f9e602c000.invokeVirtual;io.restassured.internal.RequestSpecificationImpl.this$2$applyProxySettings;io.restassured.internal.RequestSpecificationImpl.applyProxySettings;org.codehaus.groovy.runtime.callsite.AbstractCallSite.callGetProperty;org.codehaus.groovy.runtime.callsite.GetEffectivePojoPropertySite.getProperty;org.codehaus.groovy.runtime.metaclass.MethodMetaProperty$GetBeanMethodMetaProperty.getProperty;groovy.lang.MetaMethod.doMethodInvoke;org.codehaus.groovy.reflection.CachedMethod.invoke;java.lang.reflect.Method.invoke;jdk.internal.reflect.DirectMethodHandleAccessor.invoke;jdk.internal.reflect.DirectMethodHandleAccessor.invokeImpl;java.lang.invoke.Invokers$Holder.invokeExact_MT;java.lang.invoke.LambdaForm$MH/0x000001f9e6020000.invoke;java.lang.invoke.LambdaForm$DMH/0x000001f9e6034000.invokeInterface;org.apache.http.impl.client.AbstractHttpClient.getConnectionManager;org.apache.http.impl.client.AbstractHttpClient.createClientConnectionManager;org.apache.http.impl.conn.SchemeRegistryFactory.createDefault;java.lang.ClassLoader.loadClass;jdk.internal.loader.ClassLoaders$AppClassLoader.loadClass;jdk.internal.loader.BuiltinClassLoader.loadClass;jdk.internal.loader.BuiltinClassLoader.loadClassOrNull;jdk.internal.loader.BuiltinClassLoader.findClassOnClassPathOrNull;jdk.internal.loader.BuiltinClassLoader.defineClass;java.security.SecureClassLoader.defineClass;java.lang.ClassLoader.defineClass;java.lang.ClassLoader.defineClass1,0.0000
org.apache.maven.surefire.booter.ForkedBooter.main;org.apache.maven.surefire.booter.ForkedBooter.run;org.apache.maven.surefire.booter.ForkedBooter.execute;org.apache.maven.surefire.booter.ForkedBooter.runSuitesInProcess;org.apache.maven.surefire.junitplatform.JUnitPlatformProvider.invoke;org.apache.maven.surefire.junitplatform.JUnitPlatformProvider.invokeAllTests;org.apache.maven.surefire.junitplatform.JUnitPlatformProvider.execute;org.apache.maven.surefire.junitplatform.LazyLauncher.execute;org.junit.platform.launcher.core.DelegatingLauncher.execute;org.junit.platform.launcher.core.DefaultLauncher.execute;org.junit.platform.launcher.core.DefaultLauncher.execute;org.junit.platform.launcher.core.EngineExecutionOrchestrator.execute;org.junit.platform.launcher.core.EngineExecutionOrchestrator.withInterceptedStreams;org.junit.platform.launcher.core.EngineExecutionOrchestrator$$Lambda/0x000001f9e60a6e28.accept;org.junit.platform.launcher.core.EngineExecutionOrchestrator.lambda$execute$0;org.junit.platform.launcher.core.EngineExecutionOrchestrator.execute;org.junit.platform.launcher.core.EngineExecutionOrchestrator.execute;org.junit.platform.launcher.core.EngineExecutionOrchestrator.execute;org.junit.platform.engine.support.hierarchical.HierarchicalTestEngine.execute;org.junit.platform.engine.support.hierarchical.HierarchicalTestExecutor.execute;org.junit.platform.engine.support.hierarchical.SameThreadHierarchicalTestExecutorService.submit;org.junit.platform.engine.support.hierarchical.NodeTestTask.execute;org.junit.platform.engine.support.hierarchical.NodeTestTask.executeRecursively;org.junit.platform.engine.support.hierarchical.ThrowableCollector.execute;org.junit.platform.engine.support.hierarchical.NodeTestTask$$Lambda/0x000001f9e60b6e68.execute;org.junit.platform.engine.support.hierarchical.NodeTestTask.lambda$executeRecursively$9;org.junit.platform.engine.support.hierarchical.Node.around;org.junit.platform.engine.support.hierarchical.NodeTestTask$$Lambda/0x000001f9e60b7290.invoke;org.junit.platform.engine.support.hierarchical.NodeTestTask.lambda$executeRecursively$8;org.junit.platform.engine.support.hierarchical.ThrowableCollector.execute;org.junit.platform.engine.support.hierarchical.NodeTestTask$$Lambda/0x000001f9e60b74b8.execute;org.junit.platform.engine.support.hierarchical.NodeTestTask.lambda$executeRecursively$6;org.junit.platform.engine.support.hierarchical.SameThreadHierarchicalTestExecutorService.invokeAll;java.util.ArrayList.forEach;org.junit.platform.engine.support.hierarchical.SameThreadHierarchicalTestExecutorService$$Lambda/0x000001f9e60bc000.accept;org.junit.platform.engine.support.hierarchical.NodeTestTask.execute;org.junit.platform.engine.support.hierarchical.NodeTestTask.executeRecursively;org.junit.platform.engine.support.hierarchical.ThrowableCollector.execute;org.junit.platform.engine.support.hierarchical.NodeTestTask$$Lambda/0x000001f9e60b6e68.execute;org.junit.platform.engine.support.hierarchical.NodeTestTask.lambda$executeRecursively$9;org.junit.platform.engine.support.hierarchical.Node.around;org.junit.platform.engine.support.hierarchical.NodeTestTask$$Lambda/0x000001f9e60b7290.invoke;org.junit.platform.engine.support.hierarchical.NodeTestTask.lambda$executeRecursively$8;org.junit.platform.engine.support.hierarchical.ThrowableCollector.execute;org.junit.platform.engine.support.hierarchical.NodeTestTask$$Lambda/0x000001f9e60b74b8.execute;org.junit.platform.engine.support.hierarchical.NodeTestTask.lambda$executeRecursively$6;org.junit.platform.engine.support.hierarchical.SameThreadHierarchicalTestExecutorService.invokeAll;java.util.ArrayList.forEach;org.junit.platform.engine.support.hierarchical.SameThreadHierarchicalTestExecutorService$$Lambda/0x000001f9e60bc000.accept;org.junit.platform.engine.support.hierarchical.NodeTestTask.execute;org.junit.platform.engine.support.hierarchical.NodeTestTask.executeRecursively;org.junit.platform.engine.support.hierarchical.ThrowableCollector.execute;org.junit.platform.engine.support.hierarchical.NodeTestTask$$Lambda/0x000001f9e60b6e68.execute;org.junit.platform.engine.support.hierarchical.NodeTestTask.lambda$executeRecursively$9;org.junit.platform.engine.support.hierarchical.Node.around;org.junit.platform.engine.support.hierarchical.NodeTestTask$$Lambda/0x000001f9e60b7290.invoke;org.junit.platform.engine.support.hierarchical.NodeTestTask.lambda$executeRecursively$8;org.junit.platform.engine.support.hierarchical.ThrowableCollector.execute;org.junit.platform.engine.support.hierarchical.NodeTestTask$$Lambda/0x000001f9e60b74b8.execute;org.junit.platform.engine.support.hierarchical.NodeTestTask.lambda$executeRecursively$6;org.junit.jupiter.engine.descriptor.TestMethodTestDescriptor.execute;org.junit.jupiter.engine.descriptor.TestMethodTestDescriptor.execute;org.junit.jupiter.engine.descriptor.TestMethodTestDescriptor.invokeTestMethod;org.junit.platform.engine.support.hierarchical.ThrowableCollector.execute;org.junit.jupiter.engine.descriptor.TestMethodTestDescriptor$$Lambda/0x000001f9e6176848.execute;org.junit.jupiter.engine.descriptor.TestMethodTestDescriptor.lambda$invokeTestMethod$7;org.junit.jupiter.engine.execution.InterceptingExecutableInvoker.invoke;org.junit.jupiter.engine.execution.InterceptingExecutableInvoker.invoke;org.junit.jupiter.engine.execution.InvocationInterceptorChain.invoke;org.junit.jupiter.engine.execution.InvocationInterceptorChain.chainAndInvoke;org.junit.jupiter.engine.execution.InvocationInterceptorChain.proceed;org.junit.jupiter.engine.execution.InvocationInterceptorChain$InterceptedInvocation.proceed;org.junit.jupiter.engine.execution.InterceptingExecutableInvoker$$Lambda/0x000001f9e6104a00.apply;org.junit.jupiter.engine.execution.InterceptingExecutableInvoker.lambda$invoke$0;org.junit.jupiter.engine.execution.InterceptingExecutableInvoker$ReflectiveInterceptorCall$$Lambda/0x000001f9e60930f0.apply;org.junit.jupiter.engine.execution.InterceptingExecutableInvoker$ReflectiveInterceptorCall.lambda$ofVoidMethod$0;org.junit.jupiter.engine.descriptor.TestMethodTestDescriptor$$Lambda/0x000001f9e6092cd0.apply;org.junit.jupiter.engine.extension.TimeoutExtension.interceptTestMethod;org.junit.jupiter.engine.extension.TimeoutExtension.interceptTestableMethod;org.junit.jupiter.engine.extension.TimeoutExtension.intercept;org.junit.jupiter.engine.execution.InvocationInterceptorChain$ValidatingInvocation.proceed;org.junit.jupiter.engine.execution.MethodInvocation.proceed;org.junit.platform.commons.util.ReflectionUtils.invokeMethod;java.lang.reflect.Method.invoke;jdk.internal.reflect.DirectMethodHandleAccessor.invoke;jdk.internal.reflect.DirectMethodHandleAccessor.invokeImpl;java.lang.invoke.Invokers$Holder.invokeExact_MT;java.lang.invoke.LambdaForm$MH/0x000001f9e6171000.invoke;java.lang.invoke.LambdaForm$DMH/0x000001f9e6170800.invokeVirtual;com.collaboration.petclinic.api.tests.PetAPITests.testAddPetSuccessfully;io.restassured.RestAssured.given;io.restassured.RestAssured.createTestSpecification;io.restassured.internal.RequestSpecificationImpl.<init>;io.restassured.internal.RequestSpecificationImpl.$getStaticMetaClass;org.codehaus.groovy.reflection.ClassInfo.getMetaClass;org.codehaus.groovy.reflection.ClassInfo.getMetaClassUnderLock;groovy.lang.MetaClassImpl.initialize;groovy.lang.MetaClassImpl.reinitialize;groovy.lang.MetaClassImpl.addProperties;groovy.lang.MetaClassImpl.setupProperties;groovy.lang.MetaClassImpl.inheritFields;groovy.lang.MetaClassImpl.addFields;org.codehaus.groovy.reflection.CachedClass.getFields;org.codehaus.groovy.util.LazyReference.get;org.codehaus.groovy.util.LazyReference.getLocked;org.codehaus.groovy.reflection.CachedClass$1.initValue;org.codehaus.groovy.reflection.CachedClass$1.initValue;org.codehaus.groovy.reflection.CachedClass.access$000;org.codehaus.groovy.reflection.CachedClass.doPrivileged;java.security.AccessController.doPrivileged;java.security.AccessController.executePrivileged;org.codehaus.groovy.reflection.CachedClass$1$$Lambda/0x000001f9e6142d48.run;org.codehaus.groovy.reflection.CachedClass$1.lambda$initValue$2;java.lang.Class.getDeclaredFields;java.lang.Class.privateGetDeclaredFields;java.lang.Class.getDeclaredFields0,0.0000
org.apache.maven.surefire.booter.ForkedBooter.main;org.apache.maven.surefire.booter.ForkedBooter.run;org.apache.maven.surefire.booter.ForkedBooter.execute;org.apache.maven.surefire.booter.ForkedBooter.runSuitesInProcess;org.apache.maven.surefire.junitplatform.JUnitPlatformProvider.invoke;org.apache.maven.surefire.junitplatform.JUnitPlatformProvider.invokeAllTests;org.apache.maven.surefire.junitplatform.JUnitPlatformProvider.execute;org.apache.maven.surefire.junitplatform.LazyLauncher.execute;org.junit.platform.launcher.core.DelegatingLauncher.execute;org.junit.platform.launcher.core.DefaultLauncher.execute;org.junit.platform.launcher.core.DefaultLauncher.discover;org.junit.platform.launcher.core.EngineDiscoveryOrchestrator.discover;org.junit.platform.launcher.core.EngineDiscoveryOrchestrator.discover;org.junit.platform.launcher.core.EngineDiscoveryOrchestrator.discoverSafely;org.junit.platform.launcher.core.EngineDiscoveryOrchestrator.discoverEngineRoot;org.junit.jupiter.engine.JupiterTestEngine.discover;org.junit.jupiter.engine.discovery.DiscoverySelectorResolver.resolveSelectors;org.junit.platform.engine.support.discovery.EngineDiscoveryRequestResolver.resolve;org.junit.platform.engine.support.discovery.EngineDiscoveryRequestResolution.run;org.junit.platform.engine.support.discovery.EngineDiscoveryRequestResolution.resolveCompletely;org.junit.platform.engine.support.discovery.EngineDiscoveryRequestResolution.resolve;org.junit.platform.engine.support.discovery.EngineDiscoveryRequestResolution.resolve;java.util.stream.ReferencePipeline.findFirst;java.util.stream.AbstractPipeline.evaluate;java.util.stream.FindOps$FindOp.evaluateSequential;java.util.stream.AbstractPipeline.wrapAndCopyInto;java.util.stream.AbstractPipeline.copyInto;java.util.stream.AbstractPipeline.copyIntoWithCancel;java.util.stream.ReferencePipeline.forEachWithCancel;java.util.ArrayList$ArrayListSpliterator.tryAdvance;java.util.stream.ReferencePipeline$3$1.accept;org.junit.platform.engine.support.discovery.EngineDiscoveryRequestResolution$$Lambda/0x000001f9e6080000.apply;org.junit.platform.engine.support.discovery.EngineDiscoveryRequestResolution.lambda$resolve$2;org.junit.jupiter.engine.discovery.MethodSelectorResolver.resolve;org.junit.jupiter.engine.discovery.MethodSelectorResolver.resolve;java.util.stream.ReferencePipeline.collect;java.util.stream.AbstractPipeline.evaluate;java.util.stream.ReduceOps$ReduceOp.evaluateSequential;java.util.stream.AbstractPipeline.wrapAndCopyInto;java.util.stream.AbstractPipeline.copyInto;java.util.Spliterators$ArraySpliterator.forEachRemaining;java.util.stream.ReferencePipeline$3$1.accept;org.junit.jupiter.engine.discovery.MethodSelectorResolver$$Lambda/0x000001f9e6096e10.apply;org.junit.jupiter.engine.discovery.MethodSelectorResolver.lambda$resolve$0;org.junit.jupiter.engine.discovery.MethodSelectorResolver$MethodType.access$300;org.junit.jupiter.engine.discovery.MethodSelectorResolver$MethodType.resolve;org.junit.platform.engine.support.discovery.EngineDiscoveryRequestResolution$DefaultContext.addToParent;org.junit.platform.engine.support.discovery.EngineDiscoveryRequestResolution$DefaultContext.createAndAdd;org.junit.jupiter.engine.discovery.MethodSelectorResolver$MethodType$$Lambda/0x000001f9e6097958.apply;org.junit.jupiter.engine.discovery.MethodSelectorResolver$MethodType.lambda$resolve$1;org.junit.jupiter.engine.discovery.MethodSelectorResolver$MethodType$1.createTestDescriptor;org.junit.jupiter.engine.descriptor.TestMethodTestDescriptor.<init>;org.junit.jupiter.engine.descriptor.MethodBasedTestDescriptor.<init>;org.junit.jupiter.engine.descriptor.MethodBasedTestDescriptor.<init>;org.junit.jupiter.engine.descriptor.JupiterTestDescriptor.getTags;java.util.stream.Collectors.collectingAndThen;java.util.function.Function.andThen;java.lang.invoke.Invokers$Holder.linkToTargetMethod;java.lang.invoke.DirectMethodHandle$Holder.newInvokeSpecial,0.0000
org.apache.maven.surefire.booter.ForkedBooter.main;org.apache.maven.surefire.booter.ForkedBooter.run;org.apache.maven.surefire.booter.ForkedBooter.execute;org.apache.maven.surefire.booter.ForkedBooter.runSuitesInProcess;org.apache.maven.surefire.junitplatform.JUnitPlatformProvider.invoke;org.apache.maven.surefire.junitplatform.JUnitPlatformProvider.scanClasspath;org.apache.maven.surefire.api.util.DefaultScanResult.applyFilter;org.apache.maven.surefire.junitplatform.TestPlanScannerFilter.accept;org.apache.maven.surefire.junitplatform.LazyLauncher.discover;org.junit.platform.launcher.core.DelegatingLauncher.discover;org.junit.platform.launcher.core.DefaultLauncher.discover;org.junit.platform.launcher.core.DefaultLauncher.discover;org.junit.platform.launcher.core.EngineDiscoveryOrchestrator.discover;org.junit.platform.launcher.core.EngineDiscoveryOrchestrator.discover;org.junit.platform.launcher.core.EngineDiscoveryOrchestrator.discoverSafely;org.junit.platform.launcher.core.EngineDiscoveryOrchestrator.discoverEngineRoot;org.junit.jupiter.engine.JupiterTestEngine.discover;org.junit.jupiter.engine.discovery.DiscoverySelectorResolver.resolveSelectors;org.junit.platform.engine.support.discovery.EngineDiscoveryRequestResolver.resolve;org.junit.platform.engine.support.discovery.EngineDiscoveryRequestResolution.<init>;java.lang.ClassLoader.loadClass;jdk.internal.loader.ClassLoaders$AppClassLoader.loadClass;jdk.internal.loader.BuiltinClassLoader.loadClass;jdk.internal.loader.BuiltinClassLoader.loadClassOrNull;jdk.internal.loader.BuiltinClassLoader.findClassOnClassPathOrNull;jdk.internal.loader.URLClassPath.getResource;jdk.internal.loader.URLClassPath$JarLoader.getResource;java.util.jar.JarFile.getJarEntry;java.util.jar.JarFile.getEntry;java.util.jar.JarFile.getVersionedEntry;java.lang.StringBuilder.append,0.0000
org.apache.maven.surefire.booter.ForkedBooter.main;org.apache.maven.surefire.booter.ForkedBooter.run;org.apache.maven.surefire.booter.ForkedBooter.execute;org.apache.maven.surefire.booter.ForkedBooter.runSuitesInProcess;org.apache.maven.surefire.junitplatform.JUnitPlatformProvider.invoke;org.apache.maven.surefire.junitplatform.JUnitPlatformProvider.invokeAllTests;org.apache.maven.surefire.junitplatform.JUnitPlatformProvider.execute;org.apache.maven.surefire.junitplatform.LazyLauncher.execute;org.junit.platform.launcher.core.DelegatingLauncher.execute;org.junit.platform.launcher.core.DefaultLauncher.execute;org.junit.platform.launcher.core.DefaultLauncher.execute;org.junit.platform.launcher.core.EngineExecutionOrchestrator.execute;org.junit.platform.launcher.core.EngineExecutionOrchestrator.withInterceptedStreams;org.junit.platform.launcher.core.EngineExecutionOrchestrator$$Lambda/0x000001f9e60a6e28.accept;org.junit.platform.launcher.core.EngineExecutionOrchestrator.lambda$execute$0;org.junit.platform.launcher.core.EngineExecutionOrchestrator.execute;org.junit.platform.launcher.core.EngineExecutionOrchestrator.execute;org.junit.platform.launcher.core.EngineExecutionOrchestrator.execute;org.junit.platform.engine.support.hierarchical.HierarchicalTestEngine.execute;org.junit.platform.engine.support.hierarchical.HierarchicalTestExecutor.execute;org.junit.platform.engine.support.hierarchical.SameThreadHierarchicalTestExecutorService.submit;org.junit.platform.engine.support.hierarchical.NodeTestTask.execute;org.junit.platform.engine.support.hierarchical.NodeTestTask.executeRecursively;org.junit.platform.engine.support.hierarchical.ThrowableCollector.execute;org.junit.platform.engine.support.hierarchical.NodeTestTask$$Lambda/0x000001f9e60b6e68.execute;org.junit.platform.engine.support.hierarchical.NodeTestTask.lambda$executeRecursively$9;org.junit.platform.engine.support.hierarchical.Node.around;org.junit.platform.engine.support.hierarchical.NodeTestTask$$Lambda/0x000001f9e60b7290.invoke;org.junit.platform.engine.support.hierarchical.NodeTestTask.lambda$executeRecursively$8;org.junit.platform.engine.support.hierarchical.ThrowableCollector.execute;org.junit.platform.engine.support.hierarchical.NodeTestTask$$Lambda/0x000001f9e60b74b8.execute;org.junit.platform.engine.support.hierarchical.NodeTestTask.lambda$executeRecursively$6;org.junit.platform.engine.support.hierarchical.SameThreadHierarchicalTestExecutorService.invokeAll;java.util.ArrayList.forEach;org.junit.platform.engine.support.hierarchical.SameThreadHierarchicalTestExecutorService$$Lambda/0x000001f9e60bc000.accept;org.junit.platform.engine.support.hierarchical.NodeTestTask.execute;org.junit.platform.engine.support.hierarchical.NodeTestTask.executeRecursively;org.junit.platform.engine.support.hierarchical.ThrowableCollector.execute;org.junit.platform.engine.support.hierarchical.NodeTestTask$$Lambda/0x000001f9e60b6e68.execute;org.junit.platform.engine.support.hierarchical.NodeTestTask.lambda$executeRecursively$9;org.junit.platform.engine.support.hierarchical.Node.around;org.junit.platform.engine.support.hierarchical.NodeTestTask$$Lambda/0x000001f9e60b7290.invoke;org.junit.platform.engine.support.hierarchical.NodeTestTask.lambda$executeRecursively$8;org.junit.platform.engine.support.hierarchical.ThrowableCollector.execute;org.junit.platform.engine.support.hierarchical.NodeTestTask$$Lambda/0x000001f9e60b74b8.execute;org.junit.platform.engine.support.hierarchical.NodeTestTask.lambda$executeRecursively$6;org.junit.jupiter.engine.descriptor.ClassBasedTestDescriptor.before;org.junit.jupiter.engine.descriptor.ClassBasedTestDescriptor.before;org.junit.jupiter.engine.descriptor.ClassBasedTestDescriptor.invokeBeforeAllMethods;org.junit.platform.engine.support.hierarchical.ThrowableCollector.execute;org.junit.jupiter.engine.descriptor.ClassBasedTestDescriptor$$Lambda/0x000001f9e6105478.execute;org.junit.jupiter.engine.descriptor.ClassBasedTestDescriptor.lambda$invokeBeforeAllMethods$13;org.junit.jupiter.engine.execution.InterceptingExecutableInvoker.invoke;org.junit.jupiter.engine.execution.InterceptingExecutableInvoker.invoke;org.junit.jupiter.engine.execution.InvocationInterceptorChain.invoke;org.junit.jupiter.engine.execution.InvocationInterceptorChain.chainAndInvoke;org.junit.jupiter.engine.execution.InvocationInterceptorChain.proceed;org.junit.jupiter.engine.execution.InvocationInterceptorChain$InterceptedInvocation.proceed;org.junit.jupiter.engine.execution.InterceptingExecutableInvoker$$Lambda/0x000001f9e6104a00.apply;org.junit.jupiter.engine.execution.InterceptingExecutableInvoker.lambda$invoke$0;org.junit.jupiter.engine.execution.InterceptingExecutableInvoker$ReflectiveInterceptorCall$$Lambda/0x000001f9e60930f0.apply;org.junit.jupiter.engine.execution.InterceptingExecutableInvoker$ReflectiveInterceptorCall.lambda$ofVoidMethod$0;org.junit.jupiter.engine.descriptor.ClassBasedTestDescriptor$$Lambda/0x000001f9e61056a0.apply;org.junit.jupiter.engine.extension.TimeoutExtension.interceptBeforeAllMethod;org.junit.jupiter.engine.extension.TimeoutExtension.interceptLifecycleMethod;org.junit.jupiter.engine.extension.TimeoutExtension.intercept;org.junit.jupiter.engine.execution.InvocationInterceptorChain$ValidatingInvocation.proceed;org.junit.jupiter.engine.execution.MethodInvocation.proceed;org.junit.platform.commons.util.ReflectionUtils.invokeMethod;java.lang.reflect.Method.invoke;jdk.internal.reflect.DirectMethodHandleAccessor.invoke;jdk.internal.reflect.DirectMethodHandleAccessor.invokeImpl;java.lang.invoke.Invokers$Holder.invokeExact_MT;java.lang.invoke.LambdaForm$MH/0x000001f9e610c400.invoke;java.lang.invoke.DirectMethodHandle$Holder.invokeStatic;com.collaboration.petclinic.api.tests.PetAPITests.setup;io.restassured.RestAssured.<clinit>;io.restassured.authentication.NoAuthScheme.<init>;io.restassured.authentication.NoAuthScheme.$getStaticMetaClass;org.codehaus.groovy.reflection.ClassInfo.getMetaClass;org.codehaus.groovy.reflection.ClassInfo.getMetaClassForClass;org.codehaus.groovy.reflection.ClassInfo.isValidWeakMetaClass;groovy.lang.GroovySystem.<clinit>;org.codehaus.groovy.runtime.metaclass.MetaClassRegistryImpl.<init>;org.codehaus.groovy.runtime.metaclass.MetaClassRegistryImpl.<init>;org.codehaus.groovy.runtime.metaclass.MetaClassRegistryImpl.registerMethods;org.codehaus.groovy.reflection.ReflectionCache.getCachedClass;org.codehaus.groovy.reflection.ClassInfo.getCachedClass;org.codehaus.groovy.util.LazyReference.get;org.codehaus.groovy.util.LazyReference.getLocked;org.codehaus.groovy.util.ManagedReference.<init>;org.codehaus.groovy.util.ManagedReference.<init>;org.codehaus.groovy.util.ReferenceManager$1.afterReferenceCreation;java.util.concurrent.atomic.AtomicInteger.incrementAndGet;jdk.internal.misc.Unsafe.getAndAddInt,0.0000
org.apache.maven.surefire.booter.ForkedBooter.main;org.apache.maven.surefire.booter.ForkedBooter.run;org.apache.maven.surefire.booter.ForkedBooter.execute;org.apache.maven.surefire.booter.ForkedBooter.runSuitesInProcess;org.apache.maven.surefire.junitplatform.JUnitPlatformProvider.invoke;org.apache.maven.surefire.junitplatform.JUnitPlatformProvider.scanClasspath;org.apache.maven.surefire.api.util.DefaultScanResult.applyFilter;org.apache.maven.surefire.junitplatform.TestPlanScannerFilter.accept;org.apache.maven.surefire.junitplatform.LazyLauncher.discover;org.apache.maven.surefire.junitplatform.LazyLauncher.launcher;org.apache.maven.surefire.api.util.ReflectionUtils.invokeGetter;org.apache.maven.surefire.api.util.ReflectionUtils.invokeMethodWithArray;java.lang.reflect.Method.invoke;jdk.internal.reflect.DirectMethodHandleAccessor.invoke;jdk.internal.reflect.DirectMethodHandleAccessor.invokeImpl;java.lang.invoke.Invokers$Holder.invokeExact_MT;java.lang.invoke.LambdaForm$MH/0x000001f9e6000400.invoke;java.lang.invoke.DirectMethodHandle$Holder.invokeStatic;org.junit.platform.launcher.core.LauncherFactory.openSession;org.junit.platform.launcher.core.LauncherFactory.openSession;org.junit.platform.launcher.core.DefaultLauncherSession.<clinit>;java.lang.ClassLoader.loadClass;jdk.internal.loader.ClassLoaders$AppClassLoader.loadClass;jdk.internal.loader.BuiltinClassLoader.loadClass;jdk.internal.loader.BuiltinClassLoader.loadClassOrNull;jdk.internal.loader.BuiltinClassLoader.findClassOnClassPathOrNull;jdk.internal.loader.URLClassPath.getResource;jdk.internal.loader.URLClassPath$FileLoader.getResource;sun.net.www.ParseUtil.encodePath;sun.net.www.ParseUtil.firstEncodeIndex,0.0000
org.apache.maven.surefire.booter.ForkedBooter.main;org.apache.maven.surefire.booter.ForkedBooter.run;org.apache.maven.surefire.booter.ForkedBooter.execute;org.apache.maven.surefire.booter.ForkedBooter.runSuitesInProcess;org.apache.maven.surefire.junitplatform.JUnitPlatformProvider.invoke;org.apache.maven.surefire.junitplatform.JUnitPlatformProvider.invokeAllTests;org.apache.maven.surefire.junitplatform.JUnitPlatformProvider.execute;org.apache.maven.surefire.junitplatform.LazyLauncher.execute;org.junit.platform.launcher.core.DelegatingLauncher.execute;org.junit.platform.launcher.core.DefaultLauncher.execute;org.junit.platform.launcher.core.DefaultLauncher.execute;org.junit.platform.launcher.core.EngineExecutionOrchestrator.execute;org.junit.platform.launcher.core.EngineExecutionOrchestrator.withInterceptedStreams;org.junit.platform.launcher.core.EngineExecutionOrchestrator$$Lambda/0x000001f9e60a6e28.accept;org.junit.platform.launcher.core.EngineExecutionOrchestrator.lambda$execute$0;org.junit.platform.launcher.core.EngineExecutionOrchestrator.execute;org.junit.platform.launcher.core.EngineExecutionOrchestrator.execute;org.junit.platform.launcher.core.EngineExecutionOrchestrator.execute;org.junit.platform.engine.support.hierarchical.HierarchicalTestEngine.execute;org.junit.platform.engine.support.hierarchical.HierarchicalTestExecutor.execute;org.junit.platform.engine.support.hierarchical.SameThreadHierarchicalTestExecutorService.submit;org.junit.platform.engine.support.hierarchical.NodeTestTask.execute;org.junit.platform.engine.support.hierarchical.NodeTestTask.executeRecursively;org.junit.platform.engine.support.hierarchical.ThrowableCollector.execute;org.junit.platform.engine.support.hierarchical.NodeTestTask$$Lambda/0x000001f9e60b6e68.execute;org.junit.platform.engine.support.hierarchical.NodeTestTask.lambda$executeRecursively$9;org.junit.platform.engine.support.hierarchical.Node.around;org.junit.platform.engine.support.hierarchical.NodeTestTask$$Lambda/0x000001f9e60b7290.invoke;org.junit.platform.engine.support.hierarchical.NodeTestTask.lambda$executeRecursively$8;org.junit.platform.engine.support.hierarchical.ThrowableCollector.execute;org.junit.platform.engine.support.hierarchical.NodeTestTask$$Lambda/0x000001f9e60b74b8.execute;org.junit.platform.engine.support.hierarchical.NodeTestTask.lambda$executeRecursively$6;org.junit.platform.engine.support.hierarchical.SameThreadHierarchicalTestExecutorService.invokeAll;java.util.ArrayList.forEach;org.junit.platform.engine.support.hierarchical.SameThreadHierarchicalTestExecutorService$$Lambda/0x000001f9e60bc000.accept;org.junit.platform.engine.support.hierarchical.NodeTestTask.execute;org.junit.platform.engine.support.hierarchical.NodeTestTask.executeRecursively;org.junit.platform.engine.support.hierarchical.ThrowableCollector.execute;org.junit.platform.engine.support.hierarchical.NodeTestTask$$Lambda/0x000001f9e60b6e68.execute;org.junit.platform.engine.support.hierarchical.NodeTestTask.lambda$executeRecursively$9;org.junit.platform.engine.support.hierarchical.Node.around;org.junit.platform.engine.support.hierarchical.NodeTestTask$$Lambda/0x000001f9e60b7290.invoke;org.junit.platform.engine.support.hierarchical.NodeTestTask.lambda$executeRecursively$8;org.junit.platform.engine.support.hierarchical.ThrowableCollector.execute;org.junit.platform.engine.support.hierarchical.NodeTestTask$$Lambda/0x000001f9e60b74b8.execute;org.junit.platform.engine.support.hierarchical.NodeTestTask.lambda$executeRecursively$6;org.junit.platform.engine.support.hierarchical.SameThreadHierarchicalTestExecutorService.invokeAll;java.util.ArrayList.forEach;org.junit.platform.engine.support.hierarchical.SameThreadHierarchicalTestExecutorService$$Lambda/0x000001f9e60bc000.accept;org.junit.platform.engine.support.hierarchical.NodeTestTask.execute;org.junit.platform.engine.support.hierarchical.NodeTestTask.executeRecursively;org.junit.platform.engine.support.hierarchical.ThrowableCollector.execute;org.junit.platform.engine.support.hierarchical.NodeTestTask$$Lambda/0x000001f9e60b6e68.execute;org.junit.platform.engine.support.hierarchical.NodeTestTask.lambda$executeRecursively$9;org.junit.platform.engine.support.hierarchical.Node.around;org.junit.platform.engine.support.hierarchical.NodeTestTask$$Lambda/0x000001f9e60b7290.invoke;org.junit.platform.engine.support.hierarchical.NodeTestTask.lambda$executeRecursively$8;org.junit.platform.engine.support.hierarchical.ThrowableCollector.execute;org.junit.platform.engine.support.hierarchical.NodeTestTask$$Lambda/0x000001f9e60b74b8.execute;org.junit.platform.engine.support.hierarchical.NodeTestTask.lambda$executeRecursively$6;org.junit.jupiter.engine.descriptor.TestMethodTestDescriptor.execute;org.junit.jupiter.engine.descriptor.TestMethodTestDescriptor.execute;org.junit.jupiter.engine.descriptor.TestMethodTestDescriptor.invokeTestMethod;org.junit.platform.engine.support.hierarchical.ThrowableCollector.execute;org.junit.jupiter.engine.descriptor.TestMethodTestDescriptor$$Lambda/0x000001f9e6176848.execute;org.junit.jupiter.engine.descriptor.TestMethodTestDescriptor.lambda$invokeTestMethod$7;org.junit.jupiter.engine.execution.InterceptingExecutableInvoker.invoke;org.junit.jupiter.engine.execution.InterceptingExecutableInvoker.invoke;org.junit.jupiter.engine.execution.InvocationInterceptorChain.invoke;org.junit.jupiter.engine.execution.InvocationInterceptorChain.chainAndInvoke;org.junit.jupiter.engine.execution.InvocationInterceptorChain.proceed;org.junit.jupiter.engine.execution.InvocationInterceptorChain$InterceptedInvocation.proceed;org.junit.jupiter.engine.execution.InterceptingExecutableInvoker$$Lambda/0x000001f9e6104a00.apply;org.junit.jupiter.engine.execution.InterceptingExecutableInvoker.lambda$invoke$0;org.junit.jupiter.engine.execution.InterceptingExecutableInvoker$ReflectiveInterceptorCall$$Lambda/0x000001f9e60930f0.apply;org.junit.jupiter.engine.execution.InterceptingExecutableInvoker$ReflectiveInterceptorCall.lambda$ofVoidMethod$0;org.junit.jupiter.engine.descriptor.TestMethodTestDescriptor$$Lambda/0x000001f9e6092cd0.apply;org.junit.jupiter.engine.extension.TimeoutExtension.interceptTestMethod;org.junit.jupiter.engine.extension.TimeoutExtension.interceptTestableMethod;org.junit.jupiter.engine.extension.TimeoutExtension.intercept;org.junit.jupiter.engine.execution.InvocationInterceptorChain$ValidatingInvocation.proceed;org.junit.jupiter.engine.execution.MethodInvocation.proceed;org.junit.platform.commons.util.ReflectionUtils.invokeMethod;java.lang.reflect.Method.invoke;jdk.internal.reflect.DirectMethodHandleAccessor.invoke;jdk.internal.reflect.DirectMethodHandleAccessor.invokeImpl;java.lang.invoke.Invokers$Holder.invokeExact_MT;java.lang.invoke.LambdaForm$MH/0x000001f9e6171000.invoke;java.lang.invoke.LambdaForm$DMH/0x000001f9e6170800.invokeVirtual;com.collaboration.petclinic.api.tests.PetAPITests.testAddPetSuccessfully;io.restassured.internal.RequestSpecificationImpl.post;io.restassured.internal.RequestSpecificationImpl.post;org.codehaus.groovy.runtime.callsite.AbstractCallSite.callCurrent;org.codehaus.groovy.runtime.callsite.AbstractCallSite.callCurrent;org.codehaus.groovy.runtime.callsite.CallSiteArray.defaultCallCurrent;org.codehaus.groovy.runtime.callsite.PogoInterceptableSite.callCurrent;org.codehaus.groovy.runtime.callsite.PogoInterceptableSite.call;io.restassured.internal.RequestSpecificationImpl.invokeMethod;groovy.lang.MetaClassImpl.invokeMethod;groovy.lang.MetaClassImpl.invokeMethod;groovy.lang.MetaClassImpl.invokeMethod;groovy.lang.MetaClassImpl.doInvokeMethod;groovy.lang.MetaMethod.doMethodInvoke;org.codehaus.groovy.reflection.CachedMethod.invoke;java.lang.reflect.Method.invoke;jdk.internal.reflect.DirectMethodHandleAccessor.invoke;jdk.internal.reflect.DirectMethodHandleAccessor.invokeImpl;java.lang.invoke.Invokers$Holder.invokeExact_MT;java.lang.invoke.LambdaForm$MH/0x000001f9e61a3400.invoke;java.lang.invoke.LambdaForm$DMH/0x000001f9e61a2400.invokeVirtual;io.restassured.internal.RequestSpecificationImpl.this$2$applyPathParamsAndSendRequest;io.restassured.internal.RequestSpecificationImpl.applyPathParamsAndSendRequest;org.codehaus.groovy.runtime.callsite.AbstractCallSite.callCurrent;org.codehaus.groovy.runtime.callsite.AbstractCallSite.callCurrent;org.codehaus.groovy.runtime.callsite.CallSiteArray.defaultCallCurrent;org.codehaus.groovy.runtime.callsite.PogoInterceptableSite.callCurrent;org.codehaus.groovy.runtime.callsite.PogoInterceptableSite.call;io.restassured.internal.RequestSpecificationImpl.invokeMethod;groovy.lang.MetaClassImpl.invokeMethod;groovy.lang.MetaClassImpl.invokeMethod;groovy.lang.MetaClassImpl.invokeMethod;groovy.lang.MetaClassImpl.doInvokeMethod;groovy.lang.MetaMethod.doMethodInvoke;org.codehaus.groovy.reflection.CachedMethod.invoke;java.lang.reflect.Method.invoke;jdk.internal.reflect.DirectMethodHandleAccessor.invoke;jdk.internal.reflect.DirectMethodHandleAccessor.invokeImpl;java.lang.invoke.Invokers$Holder.invokeExact_MT;java.lang.invoke.LambdaForm$MH/0x000001f9e61a4400.invoke;java.lang.invoke.LambdaForm$DMH/0x000001f9e61a2400.invokeVirtual;io.restassured.internal.RequestSpecificationImpl.this$2$applyPathParamsAndSendRequest;io.restassured.internal.RequestSpecificationImpl.applyPathParamsAndSendRequest;org.codehaus.groovy.runtime.callsite.AbstractCallSite.callCurrent;org.codehaus.groovy.runtime.callsite.AbstractCallSite.callCurrent;org.codehaus.groovy.runtime.callsite.CallSiteArray.defaultCallCurrent;org.codehaus.groovy.runtime.callsite.PogoInterceptableSite.callCurrent;org.codehaus.groovy.runtime.callsite.PogoInterceptableSite.call;io.restassured.internal.RequestSpecificationImpl.invokeMethod;groovy.lang.MetaClassImpl.invokeMethod;groovy.lang.MetaClassImpl.invokeMethod;groovy.lang.MetaClassImpl.invokeMethod;groovy.lang.MetaClassImpl.doInvokeMethod;groovy.lang.MetaMethod.doMethodInvoke;org.codehaus.groovy.reflection.CachedMethod.invoke;java.lang.reflect.Method.invoke;jdk.internal.reflect.DirectMethodHandleAccessor.invoke;jdk.internal.reflect.DirectMethodHandleAccessor.invokeImpl;java.lang.invoke.Invokers$Holder.invokeExact_MT;java.lang.invoke.LambdaForm$MH/0x000001f9e61a2800.invoke;java.lang.invoke.LambdaForm$DMH/0x000001f9e61a2400.invokeVirtual;io.restassured.internal.RequestSpecificationImpl.newFilterContext;org.codehaus.groovy.runtime.callsite.AbstractCallSite.callCurrent;org.codehaus.groovy.runtime.callsite.AbstractCallSite.callCurrent;org.codehaus.groovy.runtime.callsite.CallSiteArray.defaultCallCurrent;org.codehaus.groovy.runtime.callsite.PogoInterceptableSite.callCurrent;org.codehaus.groovy.runtime.callsite.PogoInterceptableSite.call;io.restassured.internal.RequestSpecificationImpl.invokeMethod;groovy.lang.MetaClassImpl.invokeMethod;groovy.lang.MetaClassImpl.invokeMethod;groovy.lang.MetaClassImpl.invokeMethod;groovy.lang.MetaClassImpl.doInvokeMethod;groovy.lang.MetaMethod.doMethodInvoke;org.codehaus.groovy.reflection.CachedMethod.invoke;java.lang.reflect.Method.invoke;jdk.internal.reflect.DirectMethodHandleAccessor.invoke;jdk.internal.reflect.DirectMethodHandleAccessor.invokeImpl;java.lang.invoke.Invokers$Holder.invokeExact_MT;java.lang.invoke.LambdaForm$MH/0x000001f9e61b6000.invoke;java.lang.invoke.LambdaForm$DMH/0x000001f9e61b0400.invokeVirtual;io.restassured.internal.RequestSpecificationImpl.partiallyApplyPathParams;org.codehaus.groovy.runtime.callsite.AbstractCallSite.call;org.codehaus.groovy.runtime.callsite.AbstractCallSite.call;org.codehaus.groovy.runtime.callsite.CallSiteArray.defaultCall;org.codehaus.groovy.runtime.callsite.PojoMetaMethodSite.call;org.codehaus.groovy.runtime.callsite.PojoMetaMethodSite$PojoMetaMethodSiteNoUnwrapNoCoerce.invoke;org.codehaus.groovy.runtime.dgm$438.invoke;org.codehaus.groovy.runtime.DefaultGroovyMethods.inject;groovy.lang.Closure.call;groovy.lang.MetaClassImpl.invokeMethod;groovy.lang.MetaClassImpl.invokeMethod;groovy.lang.MetaClassImpl.doInvokeMethod;groovy.lang.MetaClassImpl.invokeMethod;org.codehaus.groovy.runtime.metaclass.ClosureMetaClass.invokeMethod;groovy.lang.MetaMethod.doMethodInvoke;org.codehaus.groovy.reflection.CachedMethod.invoke;java.lang.reflect.Method.invoke;jdk.internal.reflect.DirectMethodHandleAccessor.invoke;jdk.internal.reflect.DirectMethodHandleAccessor.invokeImpl;java.lang.invoke.Invokers$Holder.invokeExact_MT;java.lang.invoke.LambdaForm$MH/0x000001f9e61cb800.invoke;java.lang.invoke.LambdaForm$DMH/0x000001f9e61ca000.invokeVirtual;io.restassured.internal.RequestSpecificationImpl$_partiallyApplyPathParams_closure36.doCall;org.codehaus.groovy.runtime.callsite.AbstractCallSite.callStatic;org.codehaus.groovy.runtime.callsite.AbstractCallSite.callStatic;org.codehaus.groovy.runtime.callsite.CallSiteArray.defaultCallStatic;org.codehaus.groovy.runtime.callsite.StaticMetaMethodSite.callStatic;org.codehaus.groovy.runtime.callsite.StaticMetaMethodSite.invoke;groovy.lang.MetaMethod.doMethodInvoke;org.codehaus.groovy.reflection.ParameterTypes.coerceArgumentsToClasses;org.codehaus.groovy.reflection.stdclasses.StringCachedClass.coerceArgument;org.codehaus.groovy.runtime.GStringImpl.toString;groovy.lang.GString.toString;org.codehaus.groovy.runtime.GStringImpl.writeTo;org.codehaus.groovy.runtime.GStringUtil.writeToImpl;org.codehaus.groovy.runtime.FormatHelper.<clinit>;org.codehaus.groovy.control.ResolveVisitor.<clinit>;org.codehaus.groovy.vmplugin.v9.Java9.getDefaultImportClasses;groovy.lang.GroovyClassLoader.close;groovy.lang.GroovyClassLoader.clearCache;org.codehaus.groovy.runtime.memoize.EvictableCache.clear;org.codehaus.groovy.runtime.memoize.StampedCommonCache.clearAll;org.codehaus.groovy.runtime.memoize.StampedCommonCache.doWithWriteLock;java.util.concurrent.locks.StampedLock.writeLock,0.0000
org.apache.maven.surefire.booter.ForkedBooter.main;org.apache.maven.surefire.booter.ForkedBooter.run;org.apache.maven.surefire.booter.ForkedBooter.execute;org.apache.maven.surefire.booter.ForkedBooter.runSuitesInProcess;org.apache.maven.surefire.junitplatform.JUnitPlatformProvider.invoke;org.apache.maven.surefire.junitplatform.JUnitPlatformProvider.invokeAllTests;org.apache.maven.surefire.junitplatform.JUnitPlatformProvider.execute;org.apache.maven.surefire.junitplatform.LazyLauncher.execute;org.junit.platform.launcher.core.DelegatingLauncher.execute;org.junit.platform.launcher.core.DefaultLauncher.execute;org.junit.platform.launcher.core.DefaultLauncher.execute;org.junit.platform.launcher.core.EngineExecutionOrchestrator.execute;org.junit.platform.launcher.core.EngineExecutionOrchestrator.withInterceptedStreams;org.junit.platform.launcher.core.EngineExecutionOrchestrator$$Lambda/0x000001f9e60a6e28.accept;org.junit.platform.launcher.core.EngineExecutionOrchestrator.lambda$execute$0;org.junit.platform.launcher.core.EngineExecutionOrchestrator.execute;org.junit.platform.launcher.core.EngineExecutionOrchestrator.execute;org.junit.platform.launcher.core.EngineExecutionOrchestrator.execute;org.junit.platform.engine.support.hierarchical.HierarchicalTestEngine.execute;org.junit.platform.engine.support.hierarchical.HierarchicalTestExecutor.execute;org.junit.platform.engine.support.hierarchical.SameThreadHierarchicalTestExecutorService.submit;org.junit.platform.engine.support.hierarchical.NodeTestTask.execute;org.junit.platform.engine.support.hierarchical.NodeTestTask.executeRecursively;org.junit.platform.engine.support.hierarchical.ThrowableCollector.execute;org.junit.platform.engine.support.hierarchical.NodeTestTask$$Lambda/0x000001f9e60b6e68.execute;org.junit.platform.engine.support.hierarchical.NodeTestTask.lambda$executeRecursively$9;org.junit.platform.engine.support.hierarchical.Node.around;org.junit.platform.engine.support.hierarchical.NodeTestTask$$Lambda/0x000001f9e60b7290.invoke;org.junit.platform.engine.support.hierarchical.NodeTestTask.lambda$executeRecursively$8;org.junit.platform.engine.support.hierarchical.ThrowableCollector.execute;org.junit.platform.engine.support.hierarchical.NodeTestTask$$Lambda/0x000001f9e60b74b8.execute;org.junit.platform.engine.support.hierarchical.NodeTestTask.lambda$executeRecursively$6;org.junit.platform.engine.support.hierarchical.SameThreadHierarchicalTestExecutorService.invokeAll;java.util.ArrayList.forEach;org.junit.platform.engine.support.hierarchical.SameThreadHierarchicalTestExecutorService$$Lambda/0x000001f9e60bc000.accept;org.junit.platform.engine.support.hierarchical.NodeTestTask.execute;org.junit.platform.engine.support.hierarchical.NodeTestTask.executeRecursively;org.junit.platform.engine.support.hierarchical.ThrowableCollector.execute;org.junit.platform.engine.support.hierarchical.NodeTestTask$$Lambda/0x000001f9e60b6e68.execute;org.junit.platform.engine.support.hierarchical.NodeTestTask.lambda$executeRecursively$9;org.junit.platform.engine.support.hierarchical.Node.around;org.junit.platform.engine.support.hierarchical.NodeTestTask$$Lambda/0x000001f9e60b7290.invoke;org.junit.platform.engine.support.hierarchical.NodeTestTask.lambda$executeRecursively$8;org.junit.platform.engine.support.hierarchical.ThrowableCollector.execute;org.junit.platform.engine.support.hierarchical.NodeTestTask$$Lambda/0x000001f9e60b74b8.execute;org.junit.platform.engine.support.hierarchical.NodeTestTask.lambda$executeRecursively$6;org.junit.platform.engine.support.hierarchical.SameThreadHierarchicalTestExecutorService.invokeAll;java.util.ArrayList.forEach;org.junit.platform.engine.support.hierarchical.SameThreadHierarchicalTestExecutorService$$Lambda/0x000001f9e60bc000.accept;org.junit.platform.engine.support.hierarchical.NodeTestTask.execute;org.junit.platform.engine.support.hierarchical.NodeTestTask.executeRecursively;org.junit.platform.engine.support.hierarchical.ThrowableCollector.execute;org.junit.platform.engine.support.hierarchical.NodeTestTask$$Lambda/0x000001f9e60b6e68.execute;org.junit.platform.engine.support.hierarchical.NodeTestTask.lambda$executeRecursively$9;org.junit.platform.engine.support.hierarchical.Node.around;org.junit.platform.engine.support.hierarchical.NodeTestTask$$Lambda/0x000001f9e60b7290.invoke;org.junit.platform.engine.support.hierarchical.NodeTestTask.lambda$executeRecursively$8;org.junit.platform.engine.support.hierarchical.ThrowableCollector.execute;org.junit.platform.engine.support.hierarchical.NodeTestTask$$Lambda/0x000001f9e60b74b8.execute;org.junit.platform.engine.support.hierarchical.NodeTestTask.lambda$executeRecursively$6;org.junit.jupiter.engine.descriptor.TestMethodTestDescriptor.execute;org.junit.jupiter.engine.descriptor.TestMethodTestDescriptor.execute;org.junit.jupiter.engine.descriptor.TestMethodTestDescriptor.invokeTestMethod;org.junit.platform.engine.support.hierarchical.ThrowableCollector.execute;org.junit.jupiter.engine.descriptor.TestMethodTestDescriptor$$Lambda/0x000001f9e6176848.execute;org.junit.jupiter.engine.descriptor.TestMethodTestDescriptor.lambda$invokeTestMethod$7;org.junit.jupiter.engine.execution.InterceptingExecutableInvoker.invoke;org.junit.jupiter.engine.execution.InterceptingExecutableInvoker.invoke;org.junit.jupiter.engine.execution.InvocationInterceptorChain.invoke;org.junit.jupiter.engine.execution.InvocationInterceptorChain.chainAndInvoke;org.junit.jupiter.engine.execution.InvocationInterceptorChain.proceed;org.junit.jupiter.engine.execution.InvocationInterceptorChain$InterceptedInvocation.proceed;org.junit.jupiter.engine.execution.InterceptingExecutableInvoker$$Lambda/0x000001f9e6104a00.apply;org.junit.jupiter.engine.execution.InterceptingExecutableInvoker.lambda$invoke$0;org.junit.jupiter.engine.execution.InterceptingExecutableInvoker$ReflectiveInterceptorCall$$Lambda/0x000001f9e60930f0.apply;org.junit.jupiter.engine.execution.InterceptingExecutableInvoker$ReflectiveInterceptorCall.lambda$ofVoidMethod$0;org.junit.jupiter.engine.descriptor.TestMethodTestDescriptor$$Lambda/0x000001f9e6092cd0.apply;org.junit.jupiter.engine.extension.TimeoutExtension.interceptTestMethod;org.junit.jupiter.engine.extension.TimeoutExtension.interceptTestableMethod;org.junit.jupiter.engine.extension.TimeoutExtension.intercept;org.junit.jupiter.engine.execution.InvocationInterceptorChain$ValidatingInvocation.proceed;org.junit.jupiter.engine.execution.MethodInvocation.proceed;org.junit.platform.commons.util.ReflectionUtils.invokeMethod;java.lang.reflect.Method.invoke;jdk.internal.reflect.DirectMethodHandleAccessor.invoke;jdk.internal.reflect.DirectMethodHandleAccessor.invokeImpl;java.lang.invoke.Invokers$Holder.invokeExact_MT;java.lang.invoke.LambdaForm$MH/0x000001f9e6171000.invoke;java.lang.invoke.LambdaForm$DMH/0x000001f9e6170800.invokeVirtual;com.collaboration.petclinic.api.tests.PetAPITests.testAddPetSuccessfully;io.restassured.internal.ValidatableResponseOptionsImpl.body;io.restassured.internal.ResponseSpecificationImpl.body;org.codehaus.groovy.runtime.callsite.AbstractCallSite.callCurrent;org.codehaus.groovy.runtime.callsite.AbstractCallSite.callCurrent;org.codehaus.groovy.runtime.callsite.CallSiteArray.defaultCallCurrent;io.restassured.specification.ResponseSpecification$body$1.callCurrent;io.restassured.internal.ResponseSpecificationImpl.body;org.codehaus.groovy.runtime.callsite.AbstractCallSite.callCurrent;org.codehaus.groovy.runtime.callsite.AbstractCallSite.callCurrent;org.codehaus.groovy.runtime.callsite.CallSiteArray.defaultCallCurrent;org.codehaus.groovy.runtime.callsite.PogoMetaMethodSite.callCurrent;org.codehaus.groovy.runtime.callsite.PogoMetaMethodSite$PogoCachedMethodSiteNoUnwrapNoCoerce.invoke;org.codehaus.groovy.runtime.callsite.PlainObjectMetaMethodSite.doInvoke;java.lang.reflect.Method.invoke;jdk.internal.reflect.DirectMethodHandleAccessor.invoke;jdk.internal.reflect.DirectMethodHandleAccessor.invokeImpl;java.lang.invoke.Invokers$Holder.invokeExact_MT;java.lang.invoke.LambdaForm$MH/0x000001f9e6192800.invoke;java.lang.invoke.DirectMethodHandle$Holder.invokeVirtual;io.restassured.internal.ResponseSpecificationImpl.this$2$validateResponseIfRequired;io.restassured.internal.ResponseSpecificationImpl.validateResponseIfRequired;io.restassured.internal.ResponseSpecificationImpl$HamcrestAssertionClosure$validate$1.call;io.restassured.internal.ResponseSpecificationImpl$HamcrestAssertionClosure.validate;org.codehaus.groovy.runtime.callsite.AbstractCallSite.call;org.codehaus.groovy.runtime.callsite.AbstractCallSite.call;org.codehaus.groovy.runtime.callsite.CallSiteArray.defaultCall;io.restassured.internal.ContentParser$parse.call;io.restassured.internal.ContentParser.parse;org.codehaus.groovy.runtime.callsite.AbstractCallSite.call;org.codehaus.groovy.runtime.callsite.AbstractCallSite.call;org.codehaus.groovy.runtime.callsite.CallSiteArray.defaultCall;io.restassured.internal.path.json.ConfigurableJsonSlurper$parseText.call;io.restassured.internal.path.json.ConfigurableJsonSlurper.parseText;org.codehaus.groovy.runtime.callsite.AbstractCallSite.callCurrent;org.codehaus.groovy.runtime.callsite.AbstractCallSite.callCurrent;org.codehaus.groovy.runtime.callsite.CallSiteArray.defaultCallCurrent;io.restassured.internal.path.json.ConfigurableJsonSlurper$parse$0.callCurrent;io.restassured.internal.path.json.ConfigurableJsonSlurper.parse;org.codehaus.groovy.runtime.callsite.AbstractCallSite.callCurrent;org.codehaus.groovy.runtime.callsite.AbstractCallSite.callCurrent;org.codehaus.groovy.runtime.callsite.CallSiteArray.defaultCallCurrent;org.codehaus.groovy.runtime.callsite.PogoMetaMethodSite.callCurrent;org.codehaus.groovy.runtime.callsite.PogoMetaMethodSite$PogoCachedMethodSiteNoUnwrapNoCoerce.invoke;org.codehaus.groovy.runtime.callsite.PlainObjectMetaMethodSite.doInvoke;java.lang.reflect.Method.invoke;jdk.internal.reflect.DirectMethodHandleAccessor.invoke;jdk.internal.reflect.DirectMethodHandleAccessor.invokeImpl;java.lang.invoke.Invokers$Holder.invokeExact_MT;java.lang.invoke.LambdaForm$MH/0x000001f9e618e400.invoke;java.lang.invoke.LambdaForm$DMH/0x000001f9e602c000.invokeVirtual;io.restassured.internal.path.json.ConfigurableJsonSlurper.this$2$parseObject;io.restassured.internal.path.json.ConfigurableJsonSlurper.parseObject;org.codehaus.groovy.runtime.callsite.AbstractCallSite.call;org.codehaus.groovy.runtime.callsite.AbstractCallSite.call;org.codehaus.groovy.runtime.callsite.CallSiteArray.defaultCall;org.codehaus.groovy.runtime.callsite.PojoMetaMethodSite.call;org.codehaus.groovy.runtime.callsite.PojoMetaMethodSite$PojoMetaMethodSiteNoUnwrapNoCoerce.invoke;org.codehaus.groovy.runtime.metaclass.ClosureMetaMethod.invoke;org.codehaus.groovy.reflection.CachedMethod.invoke;java.lang.reflect.Method.invoke;jdk.internal.reflect.DirectMethodHandleAccessor.invoke;jdk.internal.reflect.DirectMethodHandleAccessor.invokeImpl;java.lang.invoke.Invokers$Holder.invokeExact_MT;java.lang.invoke.LambdaForm$MH/0x000001f9e6020000.invoke;java.lang.invoke.DirectMethodHandle$Holder.invokeVirtual;io.restassured.internal.path.json.ConfigurableJsonSlurper$__clinit__closure1.doCall;org.codehaus.groovy.runtime.callsite.AbstractCallSite.call;org.codehaus.groovy.runtime.callsite.AbstractCallSite.call;org.codehaus.groovy.runtime.callsite.CallSiteArray.defaultCall;org.codehaus.groovy.runtime.callsite.CallSiteArray.createCallSite;org.codehaus.groovy.runtime.callsite.CallSiteArray.createPojoSite;org.codehaus.groovy.runtime.InvokerHelper.getMetaClass;org.codehaus.groovy.runtime.metaclass.MetaClassRegistryImpl.getMetaClass;org.codehaus.groovy.reflection.ClassInfo.getMetaClass;org.codehaus.groovy.reflection.ClassInfo.getMetaClass;org.codehaus.groovy.reflection.ClassInfo.getMetaClassUnderLock;groovy.lang.MetaClassImpl.initialize;groovy.lang.MetaClassImpl.reinitialize;groovy.lang.MetaClassImpl.addProperties;groovy.lang.MetaClassImpl.doPrivileged;java.security.AccessController.doPrivileged;java.security.AccessController.executePrivileged;groovy.lang.MetaClassImpl$$Lambda/0x000001f9e61424f0.run;groovy.lang.MetaClassImpl.lambda$addProperties$25;java.beans.Introspector.getBeanInfo;java.beans.Introspector.<init>;java.beans.Introspector.findExplicitBeanInfo;com.sun.beans.finder.BeanInfoFinder.find;com.sun.beans.finder.InstanceFinder.find;com.sun.beans.finder.InstanceFinder.instantiate;com.sun.beans.finder.ClassFinder.findClass;java.lang.Class.forName;java.lang.Class.forName;java.lang.Class.forName0;java.lang.ClassLoader.loadClass;jdk.internal.loader.ClassLoaders$AppClassLoader.loadClass;jdk.internal.loader.BuiltinClassLoader.loadClass;java.lang.ClassNotFoundException.<init>;java.lang.ReflectiveOperationException.<init>;java.lang.Exception.<init>;java.lang.Throwable.<init>;java.lang.Throwable.fillInStackTrace;java.lang.Throwable.fillInStackTrace,0.0000
org.apache.maven.surefire.booter.ForkedBooter.main;org.apache.maven.surefire.booter.ForkedBooter.run;org.apache.maven.surefire.booter.ForkedBooter.execute;org.apache.maven.surefire.booter.ForkedBooter.runSuitesInProcess;org.apache.maven.surefire.junitplatform.JUnitPlatformProvider.invoke;org.apache.maven.surefire.junitplatform.JUnitPlatformProvider.invokeAllTests;org.apache.maven.surefire.junitplatform.JUnitPlatformProvider.execute;org.apache.maven.surefire.junitplatform.LazyLauncher.execute;org.junit.platform.launcher.core.DelegatingLauncher.execute;org.junit.platform.launcher.core.DefaultLauncher.execute;org.junit.platform.launcher.core.DefaultLauncher.execute;org.junit.platform.launcher.core.EngineExecutionOrchestrator.execute;org.junit.platform.launcher.core.EngineExecutionOrchestrator.withInterceptedStreams;org.junit.platform.launcher.core.EngineExecutionOrchestrator$$Lambda/0x000001f9e60a6e28.accept;org.junit.platform.launcher.core.EngineExecutionOrchestrator.lambda$execute$0;org.junit.platform.launcher.core.EngineExecutionOrchestrator.execute;org.junit.platform.launcher.core.EngineExecutionOrchestrator.execute;org.junit.platform.launcher.core.EngineExecutionOrchestrator.execute;org.junit.platform.engine.support.hierarchical.HierarchicalTestEngine.execute;org.junit.platform.engine.support.hierarchical.HierarchicalTestExecutor.execute;org.junit.platform.engine.support.hierarchical.SameThreadHierarchicalTestExecutorService.submit;org.junit.platform.engine.support.hierarchical.NodeTestTask.execute;org.junit.platform.engine.support.hierarchical.NodeTestTask.executeRecursively;org.junit.platform.engine.support.hierarchical.ThrowableCollector.execute;org.junit.platform.engine.support.hierarchical.NodeTestTask$$Lambda/0x000001f9e60b6e68.execute;org.junit.platform.engine.support.hierarchical.NodeTestTask.lambda$executeRecursively$9;org.junit.platform.engine.support.hierarchical.Node.around;org.junit.platform.engine.support.hierarchical.NodeTestTask$$Lambda/0x000001f9e60b7290.invoke;org.junit.platform.engine.support.hierarchical.NodeTestTask.lambda$executeRecursively$8;org.junit.platform.engine.support.hierarchical.ThrowableCollector.execute;org.junit.platform.engine.support.hierarchical.NodeTestTask$$Lambda/0x000001f9e60b74b8.execute;org.junit.platform.engine.support.hierarchical.NodeTestTask.lambda$executeRecursively$6;org.junit.platform.engine.support.hierarchical.SameThreadHierarchicalTestExecutorService.invokeAll;java.util.ArrayList.forEach;org.junit.platform.engine.support.hierarchical.SameThreadHierarchicalTestExecutorService$$Lambda/0x000001f9e60bc000.accept;org.junit.platform.engine.support.hierarchical.NodeTestTask.execute;org.junit.platform.engine.support.hierarchical.NodeTestTask.executeRecursively;org.junit.platform.engine.support.hierarchical.ThrowableCollector.execute;org.junit.platform.engine.support.hierarchical.NodeTestTask$$Lambda/0x000001f9e60b6e68.execute;org.junit.platform.engine.support.hierarchical.NodeTestTask.lambda$executeRecursively$9;org.junit.platform.engine.support.hierarchical.Node.around;org.junit.platform.engine.support.hierarchical.NodeTestTask$$Lambda/0x000001f9e60b7290.invoke;org.junit.platform.engine.support.hierarchical.NodeTestTask.lambda$executeRecursively$8;org.junit.platform.engine.support.hierarchical.ThrowableCollector.execute;org.junit.platform.engine.support.hierarchical.NodeTestTask$$Lambda/0x000001f9e60b74b8.execute;org.junit.platform.engine.support.hierarchical.NodeTestTask.lambda$executeRecursively$6;org.junit.platform.engine.support.hierarchical.SameThreadHierarchicalTestExecutorService.invokeAll;java.util.ArrayList.forEach;org.junit.platform.engine.support.hierarchical.SameThreadHierarchicalTestExecutorService$$Lambda/0x000001f9e60bc000.accept;org.junit.platform.engine.support.hierarchical.NodeTestTask.execute;org.junit.platform.engine.support.hierarchical.NodeTestTask.executeRecursively;org.junit.platform.engine.support.hierarchical.ThrowableCollector.execute;org.junit.platform.engine.support.hierarchical.NodeTestTask$$Lambda/0x000001f9e60b6e68.execute;org.junit.platform.engine.support.hierarchical.NodeTestTask.lambda$executeRecursively$9;org.junit.platform.engine.support.hierarchical.Node.around;org.junit.platform.engine.support.hierarchical.NodeTestTask$$Lambda/0x000001f9e60b7290.invoke;org.junit.platform.engine.support.hierarchical.NodeTestTask.lambda$executeRecursively$8;org.junit.platform.engine.support.hierarchical.ThrowableCollector.execute;org.junit.platform.engine.support.hierarchical.NodeTestTask$$Lambda/0x000001f9e60b74b8.execute;org.junit.platform.engine.support.hierarchical.NodeTestTask.lambda$executeRecursively$6;org.junit.jupiter.engine.descriptor.TestMethodTestDescriptor.execute;org.junit.jupiter.engine.descriptor.TestMethodTestDescriptor.execute;org.junit.jupiter.engine.descriptor.TestMethodTestDescriptor.invokeTestMethod;org.junit.platform.engine.support.hierarchical.ThrowableCollector.execute;org.junit.jupiter.engine.descriptor.TestMethodTestDescriptor$$Lambda/0x000001f9e6176848.execute;org.junit.jupiter.engine.descriptor.TestMethodTestDescriptor.lambda$invokeTestMethod$7;org.junit.jupiter.engine.execution.InterceptingExecutableInvoker.invoke;org.junit.jupiter.engine.execution.InterceptingExecutableInvoker.invoke;org.junit.jupiter.engine.execution.InvocationInterceptorChain.invoke;org.junit.jupiter.engine.execution.InvocationInterceptorChain.chainAndInvoke;org.junit.jupiter.engine.execution.InvocationInterceptorChain.proceed;org.junit.jupiter.engine.execution.InvocationInterceptorChain$InterceptedInvocation.proceed;org.junit.jupiter.engine.execution.InterceptingExecutableInvoker$$Lambda/0x000001f9e6104a00.apply;org.junit.jupiter.engine.execution.InterceptingExecutableInvoker.lambda$invoke$0;org.junit.jupiter.engine.execution.InterceptingExecutableInvoker$ReflectiveInterceptorCall$$Lambda/0x000001f9e60930f0.apply;org.junit.jupiter.engine.execution.InterceptingExecutableInvoker$ReflectiveInterceptorCall.lambda$ofVoidMethod$0;org.junit.jupiter.engine.descriptor.TestMethodTestDescriptor$$Lambda/0x000001f9e6092cd0.apply;org.junit.jupiter.engine.extension.TimeoutExtension.interceptTestMethod;org.junit.jupiter.engine.extension.TimeoutExtension.interceptTestableMethod;org.junit.jupiter.engine.extension.TimeoutExtension.intercept;org.junit.jupiter.engine.execution.InvocationInterceptorChain$ValidatingInvocation.proceed;org.junit.jupiter.engine.execution.MethodInvocation.proceed;org.junit.platform.commons.util.ReflectionUtils.invokeMethod;java.lang.reflect.Method.invoke;jdk.internal.reflect.DirectMethodHandleAccessor.invoke;jdk.internal.reflect.DirectMethodHandleAccessor.invokeImpl;java.lang.invoke.Invokers$Holder.invokeExact_MT;java.lang.invoke.LambdaForm$MH/0x000001f9e6171000.invoke;java.lang.invoke.LambdaForm$DMH/0x000001f9e6170800.invokeVirtual;com.collaboration.petclinic.api.tests.PetAPITests.testAddPetSuccessfully;io.restassured.internal.RequestSpecificationImpl.post;io.restassured.internal.RequestSpecificationImpl.post;org.codehaus.groovy.runtime.callsite.AbstractCallSite.callCurrent;org.codehaus.groovy.runtime.callsite.AbstractCallSite.callCurrent;org.codehaus.groovy.runtime.callsite.CallSiteArray.defaultCallCurrent;org.codehaus.groovy.runtime.callsite.PogoInterceptableSite.callCurrent;org.codehaus.groovy.runtime.callsite.PogoInterceptableSite.call;io.restassured.internal.RequestSpecificationImpl.invokeMethod;groovy.lang.MetaClassImpl.invokeMethod;groovy.lang.MetaClassImpl.invokeMethod;groovy.lang.MetaClassImpl.invokeMethod;groovy.lang.MetaClassImpl.doInvokeMethod;groovy.lang.MetaMethod.doMethodInvoke;org.codehaus.groovy.reflection.CachedMethod.invoke;java.lang.reflect.Method.invoke;jdk.internal.reflect.DirectMethodHandleAccessor.invoke;jdk.internal.reflect.DirectMethodHandleAccessor.invokeImpl;java.lang.invoke.Invokers$Holder.invokeExact_MT;java.lang.invoke.LambdaForm$MH/0x000001f9e61a3400.invoke;java.lang.invoke.LambdaForm$DMH/0x000001f9e61a2400.invokeVirtual;io.restassured.internal.RequestSpecificationImpl.this$2$applyPathParamsAndSendRequest;io.restassured.internal.RequestSpecificationImpl.applyPathParamsAndSendRequest;org.codehaus.groovy.runtime.callsite.AbstractCallSite.callCurrent;org.codehaus.groovy.runtime.callsite.AbstractCallSite.callCurrent;org.codehaus.groovy.runtime.callsite.CallSiteArray.defaultCallCurrent;org.codehaus.groovy.runtime.callsite.PogoInterceptableSite.callCurrent;org.codehaus.groovy.runtime.callsite.PogoInterceptableSite.call;io.restassured.internal.RequestSpecificationImpl.invokeMethod;groovy.lang.MetaClassImpl.invokeMethod;groovy.lang.MetaClassImpl.invokeMethod;groovy.lang.MetaClassImpl.invokeMethod;groovy.lang.MetaClassImpl.doInvokeMethod;groovy.lang.MetaMethod.doMethodInvoke;org.codehaus.groovy.reflection.CachedMethod.invoke;java.lang.reflect.Method.invoke;jdk.internal.reflect.DirectMethodHandleAccessor.invoke;jdk.internal.reflect.DirectMethodHandleAccessor.invokeImpl;java.lang.invoke.Invokers$Holder.invokeExact_MT;java.lang.invoke.LambdaForm$MH/0x000001f9e61a4400.invoke;java.lang.invoke.LambdaForm$DMH/0x000001f9e61a2400.invokeVirtual;io.restassured.internal.RequestSpecificationImpl.this$2$applyPathParamsAndSendRequest;io.restassured.internal.RequestSpecificationImpl.applyPathParamsAndSendRequest;org.codehaus.groovy.runtime.callsite.AbstractCallSite.call;org.codehaus.groovy.runtime.callsite.AbstractCallSite.call;org.codehaus.groovy.runtime.callsite.CallSiteArray.defaultCall;org.codehaus.groovy.runtime.callsite.PojoMetaMethodSite.call;org.codehaus.groovy.runtime.callsite.PojoMetaMethodSite$PojoMetaMethodSiteNoUnwrapNoCoerce.invoke;org.codehaus.groovy.runtime.dgm$14.invoke;org.codehaus.groovy.runtime.DefaultGroovyMethods.any;org.codehaus.groovy.runtime.DefaultGroovyMethods.any;org.codehaus.groovy.runtime.callsite.BooleanClosureWrapper.call;org.codehaus.groovy.runtime.callsite.BooleanReturningMethodInvoker.invoke;org.codehaus.groovy.runtime.callsite.AbstractCallSite.call;org.codehaus.groovy.runtime.callsite.CallSiteArray.defaultCall;org.codehaus.groovy.runtime.callsite.PogoMetaClassSite.call;groovy.lang.MetaClassImpl.invokeMethod;org.codehaus.groovy.runtime.metaclass.ClosureMetaClass.invokeMethod;groovy.lang.MetaMethod.doMethodInvoke;org.codehaus.groovy.reflection.CachedMethod.invoke;java.lang.reflect.Method.invoke;jdk.internal.reflect.DirectMethodHandleAccessor.invoke;jdk.internal.reflect.DirectMethodHandleAccessor.invokeImpl;java.lang.invoke.Invokers$Holder.invokeExact_MT;java.lang.invoke.LambdaForm$MH/0x000001f9e6194000.invoke;java.lang.invoke.LambdaForm$DMH/0x000001f9e602c000.invokeVirtual;io.restassured.internal.RequestSpecificationImpl$_applyPathParamsAndSendRequest_closure32.doCall;org.codehaus.groovy.runtime.callsite.AbstractCallSite.call;org.codehaus.groovy.runtime.callsite.AbstractCallSite.call;org.codehaus.groovy.runtime.callsite.CallSiteArray.defaultCall;org.codehaus.groovy.runtime.callsite.CallSiteArray.createCallSite;org.codehaus.groovy.runtime.callsite.CallSiteArray.createCallStaticSite;org.codehaus.groovy.runtime.InvokerHelper.getMetaClass;org.codehaus.groovy.runtime.metaclass.MetaClassRegistryImpl.getMetaClass;org.codehaus.groovy.reflection.ClassInfo.getMetaClass;org.codehaus.groovy.reflection.ClassInfo.getMetaClassUnderLock;groovy.lang.MetaClassRegistry$MetaClassCreationHandle.create;groovy.lang.MetaClassRegistry$MetaClassCreationHandle.createWithCustomLookup;groovy.lang.MetaClassRegistry$MetaClassCreationHandle.createNormalMetaClass;groovy.lang.MetaClassImpl.<init>;groovy.lang.MetaClassImpl.<init>;org.codehaus.groovy.reflection.CachedClass.getConstructors;org.codehaus.groovy.util.LazyReference.get;org.codehaus.groovy.util.LazyReference.getLocked;org.codehaus.groovy.reflection.CachedClass$2.initValue;org.codehaus.groovy.reflection.CachedClass$2.initValue;org.codehaus.groovy.reflection.CachedClass.access$000;org.codehaus.groovy.reflection.CachedClass.doPrivileged;java.security.AccessController.doPrivileged;java.security.AccessController.executePrivileged;org.codehaus.groovy.reflection.CachedClass$2$$Lambda/0x000001f9e613ea68.run;org.codehaus.groovy.reflection.CachedClass$2.lambda$initValue$4;java.util.stream.ReferencePipeline.toArray,0.0000
org.apache.maven.surefire.booter.ForkedBooter.main;org.apache.maven.surefire.booter.ForkedBooter.run;org.apache.maven.surefire.booter.ForkedBooter.execute;org.apache.maven.surefire.booter.ForkedBooter.runSuitesInProcess;org.apache.maven.surefire.junitplatform.JUnitPlatformProvider.invoke;org.apache.maven.surefire.junitplatform.JUnitPlatformProvider.invokeAllTests;org.apache.maven.surefire.junitplatform.JUnitPlatformProvider.execute;org.apache.maven.surefire.junitplatform.LazyLauncher.execute;org.junit.platform.launcher.core.DelegatingLauncher.execute;org.junit.platform.launcher.core.DefaultLauncher.execute;org.junit.platform.launcher.core.DefaultLauncher.execute;org.junit.platform.launcher.core.EngineExecutionOrchestrator.execute;org.junit.platform.launcher.core.EngineExecutionOrchestrator.withInterceptedStreams;org.junit.platform.launcher.core.EngineExecutionOrchestrator$$Lambda/0x000001f9e60a6e28.accept;org.junit.platform.launcher.core.EngineExecutionOrchestrator.lambda$execute$0;org.junit.platform.launcher.core.EngineExecutionOrchestrator.execute;org.junit.platform.launcher.core.EngineExecutionOrchestrator.execute;org.junit.platform.launcher.core.EngineExecutionOrchestrator.execute;org.junit.platform.engine.support.hierarchical.HierarchicalTestEngine.execute;org.junit.platform.engine.support.hierarchical.HierarchicalTestExecutor.execute;org.junit.platform.engine.support.hierarchical.SameThreadHierarchicalTestExecutorService.submit;org.junit.platform.engine.support.hierarchical.NodeTestTask.execute;org.junit.platform.engine.support.hierarchical.NodeTestTask.executeRecursively;org.junit.platform.engine.support.hierarchical.ThrowableCollector.execute;org.junit.platform.engine.support.hierarchical.NodeTestTask$$Lambda/0x000001f9e60b6e68.execute;org.junit.platform.engine.support.hierarchical.NodeTestTask.lambda$executeRecursively$9;org.junit.platform.engine.support.hierarchical.Node.around;org.junit.platform.engine.support.hierarchical.NodeTestTask$$Lambda/0x000001f9e60b7290.invoke;org.junit.platform.engine.support.hierarchical.NodeTestTask.lambda$executeRecursively$8;org.junit.platform.engine.support.hierarchical.ThrowableCollector.execute;org.junit.platform.engine.support.hierarchical.NodeTestTask$$Lambda/0x000001f9e60b74b8.execute;org.junit.platform.engine.support.hierarchical.NodeTestTask.lambda$executeRecursively$6;org.junit.platform.engine.support.hierarchical.SameThreadHierarchicalTestExecutorService.invokeAll;java.util.ArrayList.forEach;org.junit.platform.engine.support.hierarchical.SameThreadHierarchicalTestExecutorService$$Lambda/0x000001f9e60bc000.accept;org.junit.platform.engine.support.hierarchical.NodeTestTask.execute;org.junit.platform.engine.support.hierarchical.NodeTestTask.executeRecursively;org.junit.platform.engine.support.hierarchical.ThrowableCollector.execute;org.junit.platform.engine.support.hierarchical.NodeTestTask$$Lambda/0x000001f9e60b6e68.execute;org.junit.platform.engine.support.hierarchical.NodeTestTask.lambda$executeRecursively$9;org.junit.platform.engine.support.hierarchical.Node.around;org.junit.platform.engine.support.hierarchical.NodeTestTask$$Lambda/0x000001f9e60b7290.invoke;org.junit.platform.engine.support.hierarchical.NodeTestTask.lambda$executeRecursively$8;org.junit.platform.engine.support.hierarchical.ThrowableCollector.execute;org.junit.platform.engine.support.hierarchical.NodeTestTask$$Lambda/0x000001f9e60b74b8.execute;org.junit.platform.engine.support.hierarchical.NodeTestTask.lambda$executeRecursively$6;org.junit.platform.engine.support.hierarchical.SameThreadHierarchicalTestExecutorService.invokeAll;java.util.ArrayList.forEach;org.junit.platform.engine.support.hierarchical.SameThreadHierarchicalTestExecutorService$$Lambda/0x000001f9e60bc000.accept;org.junit.platform.engine.support.hierarchical.NodeTestTask.execute;org.junit.platform.engine.support.hierarchical.NodeTestTask.executeRecursively;org.junit.platform.engine.support.hierarchical.ThrowableCollector.execute;org.junit.platform.engine.support.hierarchical.NodeTestTask$$Lambda/0x000001f9e60b6e68.execute;org.junit.platform.engine.support.hierarchical.NodeTestTask.lambda$executeRecursively$9;org.junit.platform.engine.support.hierarchical.Node.around;org.junit.platform.engine.support.hierarchical.NodeTestTask$$Lambda/0x000001f9e60b7290.invoke;org.junit.platform.engine.support.hierarchical.NodeTestTask.lambda$executeRecursively$8;org.junit.platform.engine.support.hierarchical.ThrowableCollector.execute;org.junit.platform.engine.support.hierarchical.NodeTestTask$$Lambda/0x000001f9e60b74b8.execute;org.junit.platform.engine.support.hierarchical.NodeTestTask.lambda$executeRecursively$6;org.junit.jupiter.engine.descriptor.TestMethodTestDescriptor.execute;org.junit.jupiter.engine.descriptor.TestMethodTestDescriptor.execute;org.junit.jupiter.engine.descriptor.TestMethodTestDescriptor.invokeTestMethod;org.junit.platform.engine.support.hierarchical.ThrowableCollector.execute;org.junit.jupiter.engine.descriptor.TestMethodTestDescriptor$$Lambda/0x000001f9e6176848.execute;org.junit.jupiter.engine.descriptor.TestMethodTestDescriptor.lambda$invokeTestMethod$7;org.junit.jupiter.engine.execution.InterceptingExecutableInvoker.invoke;org.junit.jupiter.engine.execution.InterceptingExecutableInvoker.invoke;org.junit.jupiter.engine.execution.InvocationInterceptorChain.invoke;org.junit.jupiter.engine.execution.InvocationInterceptorChain.chainAndInvoke;org.junit.jupiter.engine.execution.InvocationInterceptorChain.proceed;org.junit.jupiter.engine.execution.InvocationInterceptorChain$InterceptedInvocation.proceed;org.junit.jupiter.engine.execution.InterceptingExecutableInvoker$$Lambda/0x000001f9e6104a00.apply;org.junit.jupiter.engine.execution.InterceptingExecutableInvoker.lambda$invoke$0;org.junit.jupiter.engine.execution.InterceptingExecutableInvoker$ReflectiveInterceptorCall$$Lambda/0x000001f9e60930f0.apply;org.junit.jupiter.engine.execution.InterceptingExecutableInvoker$ReflectiveInterceptorCall.lambda$ofVoidMethod$0;org.junit.jupiter.engine.descriptor.TestMethodTestDescriptor$$Lambda/0x000001f9e6092cd0.apply;org.junit.jupiter.engine.extension.TimeoutExtension.interceptTestMethod;org.junit.jupiter.engine.extension.TimeoutExtension.interceptTestableMethod;org.junit.jupiter.engine.extension.TimeoutExtension.intercept;org.junit.jupiter.engine.execution.InvocationInterceptorChain$ValidatingInvocation.proceed;org.junit.jupiter.engine.execution.MethodInvocation.proceed;org.junit.platform.commons.util.ReflectionUtils.invokeMethod;java.lang.reflect.Method.invoke;jdk.internal.reflect.DirectMethodHandleAccessor.invoke;jdk.internal.reflect.DirectMethodHandleAccessor.invokeImpl;java.lang.invoke.Invokers$Holder.invokeExact_MT;java.lang.invoke.LambdaForm$MH/0x000001f9e6171000.invoke;java.lang.invoke.LambdaForm$DMH/0x000001f9e6170800.invokeVirtual;com.collaboration.petclinic.api.tests.PetAPITests.testAddPetSuccessfully;io.restassured.internal.ValidatableResponseOptionsImpl.body;io.restassured.internal.ResponseSpecificationImpl.body;org.codehaus.groovy.runtime.callsite.AbstractCallSite.callCurrent;org.codehaus.groovy.runtime.callsite.AbstractCallSite.callCurrent;org.codehaus.groovy.runtime.callsite.CallSiteArray.defaultCallCurrent;io.restassured.specification.ResponseSpecification$body$1.callCurrent;io.restassured.internal.ResponseSpecificationImpl.body;org.codehaus.groovy.runtime.callsite.AbstractCallSite.callCurrent;org.codehaus.groovy.runtime.callsite.AbstractCallSite.callCurrent;org.codehaus.groovy.runtime.callsite.CallSiteArray.defaultCallCurrent;org.codehaus.groovy.runtime.callsite.PogoMetaMethodSite.callCurrent;org.codehaus.groovy.runtime.callsite.PogoMetaMethodSite$PogoCachedMethodSiteNoUnwrapNoCoerce.invoke;org.codehaus.groovy.runtime.callsite.PlainObjectMetaMethodSite.doInvoke;java.lang.reflect.Method.invoke;jdk.internal.reflect.DirectMethodHandleAccessor.invoke;jdk.internal.reflect.DirectMethodHandleAccessor.invokeImpl;java.lang.invoke.Invokers$Holder.invokeExact_MT;java.lang.invoke.LambdaForm$MH/0x000001f9e6192800.invoke;java.lang.invoke.DirectMethodHandle$Holder.invokeVirtual;io.restassured.internal.ResponseSpecificationImpl.this$2$validateResponseIfRequired;io.restassured.internal.ResponseSpecificationImpl.validateResponseIfRequired;io.restassured.internal.ResponseSpecificationImpl$HamcrestAssertionClosure$validate$1.call;io.restassured.internal.ResponseSpecificationImpl$HamcrestAssertionClosure.validate;org.codehaus.groovy.runtime.callsite.AbstractCallSite.call;org.codehaus.groovy.runtime.callsite.AbstractCallSite.call;org.codehaus.groovy.runtime.callsite.CallSiteArray.defaultCall;io.restassured.internal.ContentParser$parse.call;io.restassured.internal.ContentParser.parse;org.codehaus.groovy.runtime.callsite.AbstractCallSite.callConstructor;org.codehaus.groovy.runtime.callsite.AbstractCallSite.callConstructor;org.codehaus.groovy.runtime.callsite.CallSiteArray.defaultCallConstructor;org.codehaus.groovy.runtime.callsite.ConstructorSite$ConstructorSiteNoUnwrapNoCoerce.callConstructor;org.codehaus.groovy.reflection.CachedConstructor.invoke;java.lang.reflect.Constructor.newInstance;java.lang.reflect.Constructor.newInstanceWithCaller;java.lang.reflect.Constructor.acquireConstructorAccessor;jdk.internal.reflect.ReflectionFactory.newConstructorAccessor;jdk.internal.reflect.MethodHandleAccessorFactory.newConstructorAccessor;jdk.internal.reflect.MethodHandleAccessorFactory.ensureClassInitialized;jdk.internal.misc.Unsafe.ensureClassInitialized;jdk.internal.misc.Unsafe.ensureClassInitialized0;io.restassured.internal.path.json.ConfigurableJsonSlurper.<clinit>;org.codehaus.groovy.runtime.callsite.AbstractCallSite.call;org.codehaus.groovy.runtime.callsite.AbstractCallSite.call;org.codehaus.groovy.runtime.callsite.CallSiteArray.defaultCall;org.codehaus.groovy.runtime.callsite.CallSiteArray.createCallSite;org.codehaus.groovy.runtime.callsite.CallSiteArray.createPogoSite;groovy.lang.DelegatingMetaClass.getMetaClass;org.codehaus.groovy.runtime.InvokerHelper.getMetaClass;org.codehaus.groovy.runtime.metaclass.MetaClassRegistryImpl.getMetaClass;org.codehaus.groovy.reflection.ClassInfo.getMetaClass;org.codehaus.groovy.reflection.ClassInfo.getMetaClassUnderLock;groovy.lang.MetaClassImpl.initialize;groovy.lang.MetaClassImpl.reinitialize;groovy.lang.MetaClassImpl.addProperties;groovy.lang.MetaClassImpl.doPrivileged;java.security.AccessController.doPrivileged;java.security.AccessController.executePrivileged;groovy.lang.MetaClassImpl$$Lambda/0x000001f9e61424f0.run;groovy.lang.MetaClassImpl.lambda$addProperties$25;java.beans.Introspector.getBeanInfo;java.beans.Introspector.<init>;java.beans.Introspector.findExplicitBeanInfo;com.sun.beans.finder.BeanInfoFinder.find;com.sun.beans.finder.InstanceFinder.find;com.sun.beans.finder.InstanceFinder.instantiate;com.sun.beans.finder.ClassFinder.findClass;java.lang.Class.forName;java.lang.Class.forName;java.lang.Class.forName0;java.lang.ClassLoader.loadClass;jdk.internal.loader.ClassLoaders$AppClassLoader.loadClass;jdk.internal.loader.BuiltinClassLoader.loadClass;java.lang.ClassNotFoundException.<init>;java.lang.ReflectiveOperationException.<init>;java.lang.Exception.<init>;java.lang.Throwable.<init>;java.lang.Throwable.fillInStackTrace;java.lang.Throwable.fillInStackTrace,0.0000
org.apache.maven.surefire.booter.ForkedBooter.main;org.apache.maven.surefire.booter.ForkedBooter.run;org.apache.maven.surefire.booter.ForkedBooter.execute;org.apache.maven.surefire.booter.ForkedBooter.runSuitesInProcess;org.apache.maven.surefire.junitplatform.JUnitPlatformProvider.invoke;org.apache.maven.surefire.junitplatform.JUnitPlatformProvider.invokeAllTests;org.apache.maven.surefire.junitplatform.JUnitPlatformProvider.execute;org.apache.maven.surefire.junitplatform.LazyLauncher.execute;org.junit.platform.launcher.core.DelegatingLauncher.execute;org.junit.platform.launcher.core.DefaultLauncher.execute;org.junit.platform.launcher.core.DefaultLauncher.execute;org.junit.platform.launcher.core.EngineExecutionOrchestrator.execute;org.junit.platform.launcher.core.EngineExecutionOrchestrator.withInterceptedStreams;org.junit.platform.launcher.core.EngineExecutionOrchestrator$$Lambda/0x000001f9e60a6e28.accept;org.junit.platform.launcher.core.EngineExecutionOrchestrator.lambda$execute$0;org.junit.platform.launcher.core.EngineExecutionOrchestrator.execute;org.junit.platform.launcher.core.EngineExecutionOrchestrator.execute;org.junit.platform.launcher.core.EngineExecutionOrchestrator.execute;org.junit.platform.engine.support.hierarchical.HierarchicalTestEngine.execute;org.junit.platform.engine.support.hierarchical.HierarchicalTestExecutor.execute;org.junit.platform.engine.support.hierarchical.SameThreadHierarchicalTestExecutorService.submit;org.junit.platform.engine.support.hierarchical.NodeTestTask.execute;org.junit.platform.engine.support.hierarchical.NodeTestTask.executeRecursively;org.junit.platform.engine.support.hierarchical.ThrowableCollector.execute;org.junit.platform.engine.support.hierarchical.NodeTestTask$$Lambda/0x000001f9e60b6e68.execute;org.junit.platform.engine.support.hierarchical.NodeTestTask.lambda$executeRecursively$9;org.junit.platform.engine.support.hierarchical.Node.around;org.junit.platform.engine.support.hierarchical.NodeTestTask$$Lambda/0x000001f9e60b7290.invoke;org.junit.platform.engine.support.hierarchical.NodeTestTask.lambda$executeRecursively$8;org.junit.platform.engine.support.hierarchical.ThrowableCollector.execute;org.junit.platform.engine.support.hierarchical.NodeTestTask$$Lambda/0x000001f9e60b74b8.execute;org.junit.platform.engine.support.hierarchical.NodeTestTask.lambda$executeRecursively$6;org.junit.platform.engine.support.hierarchical.SameThreadHierarchicalTestExecutorService.invokeAll;java.util.ArrayList.forEach;org.junit.platform.engine.support.hierarchical.SameThreadHierarchicalTestExecutorService$$Lambda/0x000001f9e60bc000.accept;org.junit.platform.engine.support.hierarchical.NodeTestTask.execute;org.junit.platform.engine.support.hierarchical.NodeTestTask.executeRecursively;org.junit.platform.engine.support.hierarchical.ThrowableCollector.execute;org.junit.platform.engine.support.hierarchical.NodeTestTask$$Lambda/0x000001f9e60b6e68.execute;org.junit.platform.engine.support.hierarchical.NodeTestTask.lambda$executeRecursively$9;org.junit.platform.engine.support.hierarchical.Node.around;org.junit.platform.engine.support.hierarchical.NodeTestTask$$Lambda/0x000001f9e60b7290.invoke;org.junit.platform.engine.support.hierarchical.NodeTestTask.lambda$executeRecursively$8;org.junit.platform.engine.support.hierarchical.ThrowableCollector.execute;org.junit.platform.engine.support.hierarchical.NodeTestTask$$Lambda/0x000001f9e60b74b8.execute;org.junit.platform.engine.support.hierarchical.NodeTestTask.lambda$executeRecursively$6;org.junit.jupiter.engine.descriptor.ClassBasedTestDescriptor.before;org.junit.jupiter.engine.descriptor.ClassBasedTestDescriptor.before;org.junit.jupiter.engine.descriptor.ClassBasedTestDescriptor.invokeBeforeAllMethods;org.junit.platform.engine.support.hierarchical.ThrowableCollector.execute;org.junit.jupiter.engine.descriptor.ClassBasedTestDescriptor$$Lambda/0x000001f9e6105478.execute;org.junit.jupiter.engine.descriptor.ClassBasedTestDescriptor.lambda$invokeBeforeAllMethods$13;org.junit.jupiter.engine.execution.InterceptingExecutableInvoker.invoke;org.junit.jupiter.engine.execution.InterceptingExecutableInvoker.invoke;org.junit.jupiter.engine.execution.InvocationInterceptorChain.invoke;org.junit.jupiter.engine.execution.InvocationInterceptorChain.chainAndInvoke;org.junit.jupiter.engine.execution.InvocationInterceptorChain.proceed;org.junit.jupiter.engine.execution.InvocationInterceptorChain$InterceptedInvocation.proceed;org.junit.jupiter.engine.execution.InterceptingExecutableInvoker$$Lambda/0x000001f9e6104a00.apply;org.junit.jupiter.engine.execution.InterceptingExecutableInvoker.lambda$invoke$0;org.junit.jupiter.engine.execution.InterceptingExecutableInvoker$ReflectiveInterceptorCall$$Lambda/0x000001f9e60930f0.apply;org.junit.jupiter.engine.execution.InterceptingExecutableInvoker$ReflectiveInterceptorCall.lambda$ofVoidMethod$0;org.junit.jupiter.engine.descriptor.ClassBasedTestDescriptor$$Lambda/0x000001f9e61056a0.apply;org.junit.jupiter.engine.extension.TimeoutExtension.interceptBeforeAllMethod;org.junit.jupiter.engine.extension.TimeoutExtension.interceptLifecycleMethod;org.junit.jupiter.engine.extension.TimeoutExtension.intercept;org.junit.jupiter.engine.execution.InvocationInterceptorChain$ValidatingInvocation.proceed;org.junit.jupiter.engine.execution.MethodInvocation.proceed;org.junit.platform.commons.util.ReflectionUtils.invokeMethod;java.lang.reflect.Method.invoke;jdk.internal.reflect.DirectMethodHandleAccessor.invoke;jdk.internal.reflect.DirectMethodHandleAccessor.invokeImpl;java.lang.invoke.Invokers$Holder.invokeExact_MT;java.lang.invoke.LambdaForm$MH/0x000001f9e610c400.invoke;java.lang.invoke.DirectMethodHandle$Holder.invokeStatic;com.collaboration.petclinic.api.tests.PetAPITests.setup;io.restassured.RestAssured.<clinit>;io.restassured.authentication.NoAuthScheme.<init>;io.restassured.authentication.NoAuthScheme.$getStaticMetaClass;org.codehaus.groovy.reflection.ClassInfo.getMetaClass;org.codehaus.groovy.reflection.ClassInfo.getMetaClassForClass;org.codehaus.groovy.reflection.ClassInfo.isValidWeakMetaClass;groovy.lang.GroovySystem.<clinit>;org.codehaus.groovy.runtime.metaclass.MetaClassRegistryImpl.<init>;org.codehaus.groovy.runtime.metaclass.MetaClassRegistryImpl.<init>;groovy.lang.MetaClassImpl.initialize;groovy.lang.MetaClassImpl.reinitialize;groovy.lang.MetaClassImpl.addProperties;groovy.lang.MetaClassImpl.doPrivileged;java.security.AccessController.doPrivileged;java.security.AccessController.executePrivileged;groovy.lang.MetaClassImpl$$Lambda/0x000001f9e61424f0.run;groovy.lang.MetaClassImpl.lambda$addProperties$25;java.lang.ClassLoader.loadClass;jdk.internal.loader.ClassLoaders$AppClassLoader.loadClass;jdk.internal.loader.BuiltinClassLoader.loadClass;jdk.internal.loader.BuiltinClassLoader.loadClassOrNull;jdk.internal.loader.BuiltinClassLoader.loadClassOrNull;jdk.internal.loader.ClassLoaders$BootClassLoader.loadClassOrNull;java.lang.System$2.findBootstrapClassOrNull;java.lang.ClassLoader.findBootstrapClassOrNull;java.lang.ClassLoader.findBootstrapClass,0.0000
org.apache.maven.surefire.booter.ForkedBooter.main;org.apache.maven.surefire.booter.ForkedBooter.run;org.apache.maven.surefire.booter.ForkedBooter.execute;org.apache.maven.surefire.booter.ForkedBooter.runSuitesInProcess;org.apache.maven.surefire.junitplatform.JUnitPlatformProvider.invoke;org.apache.maven.surefire.junitplatform.JUnitPlatformProvider.invokeAllTests;org.apache.maven.surefire.junitplatform.JUnitPlatformProvider.execute;org.apache.maven.surefire.junitplatform.LazyLauncher.execute;org.junit.platform.launcher.core.DelegatingLauncher.execute;org.junit.platform.launcher.core.DefaultLauncher.execute;org.junit.platform.launcher.core.DefaultLauncher.execute;org.junit.platform.launcher.core.EngineExecutionOrchestrator.execute;org.junit.platform.launcher.core.EngineExecutionOrchestrator.withInterceptedStreams;org.junit.platform.launcher.core.EngineExecutionOrchestrator$$Lambda/0x000001f9e60a6e28.accept;org.junit.platform.launcher.core.EngineExecutionOrchestrator.lambda$execute$0;org.junit.platform.launcher.core.EngineExecutionOrchestrator.execute;org.junit.platform.launcher.core.EngineExecutionOrchestrator.execute;org.junit.platform.launcher.core.EngineExecutionOrchestrator.execute;org.junit.platform.engine.support.hierarchical.HierarchicalTestEngine.execute;org.junit.platform.engine.support.hierarchical.HierarchicalTestExecutor.execute;org.junit.platform.engine.support.hierarchical.SameThreadHierarchicalTestExecutorService.submit;org.junit.platform.engine.support.hierarchical.NodeTestTask.execute;org.junit.platform.engine.support.hierarchical.NodeTestTask.executeRecursively;org.junit.platform.engine.support.hierarchical.ThrowableCollector.execute;org.junit.platform.engine.support.hierarchical.NodeTestTask$$Lambda/0x000001f9e60b6e68.execute;org.junit.platform.engine.support.hierarchical.NodeTestTask.lambda$executeRecursively$9;org.junit.platform.engine.support.hierarchical.Node.around;org.junit.platform.engine.support.hierarchical.NodeTestTask$$Lambda/0x000001f9e60b7290.invoke;org.junit.platform.engine.support.hierarchical.NodeTestTask.lambda$executeRecursively$8;org.junit.platform.engine.support.hierarchical.ThrowableCollector.execute;org.junit.platform.engine.support.hierarchical.NodeTestTask$$Lambda/0x000001f9e60b74b8.execute;org.junit.platform.engine.support.hierarchical.NodeTestTask.lambda$executeRecursively$6;org.junit.platform.engine.support.hierarchical.SameThreadHierarchicalTestExecutorService.invokeAll;java.util.ArrayList.forEach;org.junit.platform.engine.support.hierarchical.SameThreadHierarchicalTestExecutorService$$Lambda/0x000001f9e60bc000.accept;org.junit.platform.engine.support.hierarchical.NodeTestTask.execute;org.junit.platform.engine.support.hierarchical.NodeTestTask.executeRecursively;org.junit.platform.engine.support.hierarchical.ThrowableCollector.execute;org.junit.platform.engine.support.hierarchical.NodeTestTask$$Lambda/0x000001f9e60b6e68.execute;org.junit.platform.engine.support.hierarchical.NodeTestTask.lambda$executeRecursively$9;org.junit.platform.engine.support.hierarchical.Node.around;org.junit.platform.engine.support.hierarchical.NodeTestTask$$Lambda/0x000001f9e60b7290.invoke;org.junit.platform.engine.support.hierarchical.NodeTestTask.lambda$executeRecursively$8;org.junit.platform.engine.support.hierarchical.ThrowableCollector.execute;org.junit.platform.engine.support.hierarchical.NodeTestTask$$Lambda/0x000001f9e60b74b8.execute;org.junit.platform.engine.support.hierarchical.NodeTestTask.lambda$executeRecursively$6;org.junit.platform.engine.support.hierarchical.SameThreadHierarchicalTestExecutorService.invokeAll;java.util.ArrayList.forEach;org.junit.platform.engine.support.hierarchical.SameThreadHierarchicalTestExecutorService$$Lambda/0x000001f9e60bc000.accept;org.junit.platform.engine.support.hierarchical.NodeTestTask.execute;org.junit.platform.engine.support.hierarchical.NodeTestTask.executeRecursively;org.junit.platform.engine.support.hierarchical.ThrowableCollector.execute;org.junit.platform.engine.support.hierarchical.NodeTestTask$$Lambda/0x000001f9e60b6e68.execute;org.junit.platform.engine.support.hierarchical.NodeTestTask.lambda$executeRecursively$9;org.junit.platform.engine.support.hierarchical.Node.around;org.junit.platform.engine.support.hierarchical.NodeTestTask$$Lambda/0x000001f9e60b7290.invoke;org.junit.platform.engine.support.hierarchical.NodeTestTask.lambda$executeRecursively$8;org.junit.platform.engine.support.hierarchical.ThrowableCollector.execute;org.junit.platform.engine.support.hierarchical.NodeTestTask$$Lambda/0x000001f9e60b74b8.execute;org.junit.platform.engine.support.hierarchical.NodeTestTask.lambda$executeRecursively$6;org.junit.jupiter.engine.descriptor.TestMethodTestDescriptor.execute;org.junit.jupiter.engine.descriptor.TestMethodTestDescriptor.execute;org.junit.jupiter.engine.descriptor.TestMethodTestDescriptor.invokeTestMethod;org.junit.platform.engine.support.hierarchical.ThrowableCollector.execute;org.junit.jupiter.engine.descriptor.TestMethodTestDescriptor$$Lambda/0x000001f9e6176848.execute;org.junit.jupiter.engine.descriptor.TestMethodTestDescriptor.lambda$invokeTestMethod$7;org.junit.jupiter.engine.execution.InterceptingExecutableInvoker.invoke;org.junit.jupiter.engine.execution.InterceptingExecutableInvoker.invoke;org.junit.jupiter.engine.execution.InvocationInterceptorChain.invoke;org.junit.jupiter.engine.execution.InvocationInterceptorChain.chainAndInvoke;org.junit.jupiter.engine.execution.InvocationInterceptorChain.proceed;org.junit.jupiter.engine.execution.InvocationInterceptorChain$InterceptedInvocation.proceed;org.junit.jupiter.engine.execution.InterceptingExecutableInvoker$$Lambda/0x000001f9e6104a00.apply;org.junit.jupiter.engine.execution.InterceptingExecutableInvoker.lambda$invoke$0;org.junit.jupiter.engine.execution.InterceptingExecutableInvoker$ReflectiveInterceptorCall$$Lambda/0x000001f9e60930f0.apply;org.junit.jupiter.engine.execution.InterceptingExecutableInvoker$ReflectiveInterceptorCall.lambda$ofVoidMethod$0;org.junit.jupiter.engine.descriptor.TestMethodTestDescriptor$$Lambda/0x000001f9e6092cd0.apply;org.junit.jupiter.engine.extension.TimeoutExtension.interceptTestMethod;org.junit.jupiter.engine.extension.TimeoutExtension.interceptTestableMethod;org.junit.jupiter.engine.extension.TimeoutExtension.intercept;org.junit.jupiter.engine.execution.InvocationInterceptorChain$ValidatingInvocation.proceed;org.junit.jupiter.engine.execution.MethodInvocation.proceed;org.junit.platform.commons.util.ReflectionUtils.invokeMethod;java.lang.reflect.Method.invoke;jdk.internal.reflect.DirectMethodHandleAccessor.invoke;jdk.internal.reflect.DirectMethodHandleAccessor.invokeImpl;java.lang.invoke.Invokers$Holder.invokeExact_MT;java.lang.invoke.LambdaForm$MH/0x000001f9e6171000.invoke;java.lang.invoke.LambdaForm$DMH/0x000001f9e6170800.invokeVirtual;com.collaboration.petclinic.api.tests.PetAPITests.testAddPetSuccessfully;io.restassured.internal.RequestSpecificationImpl.post;io.restassured.internal.RequestSpecificationImpl.post;org.codehaus.groovy.runtime.callsite.AbstractCallSite.callCurrent;org.codehaus.groovy.runtime.callsite.AbstractCallSite.callCurrent;org.codehaus.groovy.runtime.callsite.CallSiteArray.defaultCallCurrent;org.codehaus.groovy.runtime.callsite.PogoInterceptableSite.callCurrent;org.codehaus.groovy.runtime.callsite.PogoInterceptableSite.call;io.restassured.internal.RequestSpecificationImpl.invokeMethod;groovy.lang.MetaClassImpl.invokeMethod;groovy.lang.MetaClassImpl.invokeMethod;groovy.lang.MetaClassImpl.invokeMethod;groovy.lang.MetaClassImpl.doInvokeMethod;groovy.lang.MetaMethod.doMethodInvoke;org.codehaus.groovy.reflection.CachedMethod.invoke;java.lang.reflect.Method.invoke;jdk.internal.reflect.DirectMethodHandleAccessor.invoke;jdk.internal.reflect.DirectMethodHandleAccessor.invokeImpl;java.lang.invoke.Invokers$Holder.invokeExact_MT;java.lang.invoke.LambdaForm$MH/0x000001f9e61a3400.invoke;java.lang.invoke.LambdaForm$DMH/0x000001f9e61a2400.invokeVirtual;io.restassured.internal.RequestSpecificationImpl.this$2$applyPathParamsAndSendRequest;io.restassured.internal.RequestSpecificationImpl.applyPathParamsAndSendRequest;org.codehaus.groovy.runtime.callsite.AbstractCallSite.callCurrent;org.codehaus.groovy.runtime.callsite.AbstractCallSite.callCurrent;org.codehaus.groovy.runtime.callsite.CallSiteArray.defaultCallCurrent;org.codehaus.groovy.runtime.callsite.PogoInterceptableSite.callCurrent;org.codehaus.groovy.runtime.callsite.PogoInterceptableSite.call;io.restassured.internal.RequestSpecificationImpl.invokeMethod;groovy.lang.MetaClassImpl.invokeMethod;groovy.lang.MetaClassImpl.invokeMethod;groovy.lang.MetaClassImpl.invokeMethod;groovy.lang.MetaClassImpl.doInvokeMethod;groovy.lang.MetaMethod.doMethodInvoke;org.codehaus.groovy.reflection.CachedMethod.invoke;java.lang.reflect.Method.invoke;jdk.internal.reflect.DirectMethodHandleAccessor.invoke;jdk.internal.reflect.DirectMethodHandleAccessor.invokeImpl;java.lang.invoke.Invokers$Holder.invokeExact_MT;java.lang.invoke.LambdaForm$MH/0x000001f9e61a4400.invoke;java.lang.invoke.LambdaForm$DMH/0x000001f9e61a2400.invokeVirtual;io.restassured.internal.RequestSpecificationImpl.this$2$applyPathParamsAndSendRequest;io.restassured.internal.RequestSpecificationImpl.applyPathParamsAndSendRequest;org.codehaus.groovy.runtime.callsite.AbstractCallSite.callCurrent;org.codehaus.groovy.runtime.callsite.AbstractCallSite.callCurrent;org.codehaus.groovy.runtime.callsite.CallSiteArray.defaultCallCurrent;org.codehaus.groovy.runtime.callsite.PogoInterceptableSite.callCurrent;org.codehaus.groovy.runtime.callsite.PogoInterceptableSite.call;io.restassured.internal.RequestSpecificationImpl.invokeMethod;groovy.lang.MetaClassImpl.invokeMethod;groovy.lang.MetaClassImpl.invokeMethod;groovy.lang.MetaClassImpl.invokeMethod;groovy.lang.MetaClassImpl.doInvokeMethod;groovy.lang.MetaMethod.doMethodInvoke;org.codehaus.groovy.reflection.CachedMethod.invoke;java.lang.reflect.Method.invoke;jdk.internal.reflect.DirectMethodHandleAccessor.invoke;jdk.internal.reflect.DirectMethodHandleAccessor.invokeImpl;java.lang.invoke.Invokers$Holder.invokeExact_MT;java.lang.invoke.LambdaForm$MH/0x000001f9e61a2800.invoke;java.lang.invoke.LambdaForm$DMH/0x000001f9e61a2400.invokeVirtual;io.restassured.internal.RequestSpecificationImpl.newFilterContext;org.codehaus.groovy.runtime.callsite.AbstractCallSite.callCurrent;org.codehaus.groovy.runtime.callsite.AbstractCallSite.callCurrent;org.codehaus.groovy.runtime.callsite.CallSiteArray.defaultCallCurrent;org.codehaus.groovy.runtime.callsite.PogoInterceptableSite.callCurrent;org.codehaus.groovy.runtime.callsite.PogoInterceptableSite.call;io.restassured.internal.RequestSpecificationImpl.invokeMethod;groovy.lang.MetaClassImpl.invokeMethod;groovy.lang.MetaClassImpl.invokeMethod;groovy.lang.MetaClassImpl.invokeMethod;groovy.lang.MetaClassImpl.doInvokeMethod;groovy.lang.MetaMethod.doMethodInvoke;org.codehaus.groovy.reflection.CachedMethod.invoke;java.lang.reflect.Method.invoke;jdk.internal.reflect.DirectMethodHandleAccessor.invoke;jdk.internal.reflect.DirectMethodHandleAccessor.invokeImpl;java.lang.invoke.Invokers$Holder.invokeExact_MT;java.lang.invoke.LambdaForm$MH/0x000001f9e61b6000.invoke;java.lang.invoke.LambdaForm$DMH/0x000001f9e61b0400.invokeVirtual;io.restassured.internal.RequestSpecificationImpl.partiallyApplyPathParams;org.codehaus.groovy.runtime.callsite.AbstractCallSite.call;org.codehaus.groovy.runtime.callsite.AbstractCallSite.call;org.codehaus.groovy.runtime.callsite.CallSiteArray.defaultCall;org.codehaus.groovy.runtime.callsite.PojoMetaMethodSite.call;org.codehaus.groovy.runtime.callsite.PojoMetaMethodSite$PojoMetaMethodSiteNoUnwrapNoCoerce.invoke;org.codehaus.groovy.runtime.dgm$438.invoke;org.codehaus.groovy.runtime.DefaultGroovyMethods.inject;groovy.lang.Closure.call;groovy.lang.MetaClassImpl.invokeMethod;groovy.lang.MetaClassImpl.invokeMethod;groovy.lang.MetaClassImpl.doInvokeMethod;groovy.lang.MetaClassImpl.invokeMethod;org.codehaus.groovy.runtime.metaclass.ClosureMetaClass.invokeMethod;groovy.lang.MetaMethod.doMethodInvoke;org.codehaus.groovy.reflection.CachedMethod.invoke;java.lang.reflect.Method.invoke;jdk.internal.reflect.DirectMethodHandleAccessor.invoke;jdk.internal.reflect.DirectMethodHandleAccessor.invokeImpl;java.lang.invoke.Invokers$Holder.invokeExact_MT;java.lang.invoke.LambdaForm$MH/0x000001f9e61cb800.invoke;java.lang.invoke.LambdaForm$DMH/0x000001f9e61ca000.invokeVirtual;io.restassured.internal.RequestSpecificationImpl$_partiallyApplyPathParams_closure36.doCall;org.codehaus.groovy.runtime.callsite.AbstractCallSite.callStatic;org.codehaus.groovy.runtime.callsite.AbstractCallSite.callStatic;org.codehaus.groovy.runtime.callsite.CallSiteArray.defaultCallStatic;org.codehaus.groovy.runtime.callsite.StaticMetaMethodSite.callStatic;org.codehaus.groovy.runtime.callsite.StaticMetaMethodSite.invoke;groovy.lang.MetaMethod.doMethodInvoke;org.codehaus.groovy.reflection.ParameterTypes.coerceArgumentsToClasses;org.codehaus.groovy.reflection.stdclasses.StringCachedClass.coerceArgument;org.codehaus.groovy.runtime.GStringImpl.toString;groovy.lang.GString.toString;org.codehaus.groovy.runtime.GStringImpl.writeTo;org.codehaus.groovy.runtime.GStringUtil.writeToImpl;org.codehaus.groovy.runtime.FormatHelper.<clinit>;java.lang.ClassLoader.loadClass;jdk.internal.loader.ClassLoaders$AppClassLoader.loadClass;jdk.internal.loader.BuiltinClassLoader.loadClass;jdk.internal.loader.BuiltinClassLoader.loadClassOrNull;jdk.internal.loader.BuiltinClassLoader.findClassOnClassPathOrNull;jdk.internal.loader.BuiltinClassLoader.defineClass;java.security.SecureClassLoader.defineClass;java.lang.ClassLoader.defineClass;java.lang.ClassLoader.defineClass1,0.0000
org.apache.maven.surefire.booter.ForkedBooter.main;org.apache.maven.surefire.booter.ForkedBooter.run;org.apache.maven.surefire.booter.ForkedBooter.execute;org.apache.maven.surefire.booter.ForkedBooter.runSuitesInProcess;org.apache.maven.surefire.junitplatform.JUnitPlatformProvider.invoke;org.apache.maven.surefire.junitplatform.JUnitPlatformProvider.invokeAllTests;org.apache.maven.surefire.junitplatform.JUnitPlatformProvider.execute;org.apache.maven.surefire.junitplatform.LazyLauncher.execute;org.junit.platform.launcher.core.DelegatingLauncher.execute;org.junit.platform.launcher.core.DefaultLauncher.execute;org.junit.platform.launcher.core.DefaultLauncher.execute;org.junit.platform.launcher.core.EngineExecutionOrchestrator.execute;org.junit.platform.launcher.core.EngineExecutionOrchestrator.withInterceptedStreams;org.junit.platform.launcher.core.EngineExecutionOrchestrator$$Lambda/0x000001f9e60a6e28.accept;org.junit.platform.launcher.core.EngineExecutionOrchestrator.lambda$execute$0;org.junit.platform.launcher.core.EngineExecutionOrchestrator.execute;org.junit.platform.launcher.core.EngineExecutionOrchestrator.execute;org.junit.platform.launcher.core.EngineExecutionOrchestrator.execute;org.junit.platform.engine.support.hierarchical.HierarchicalTestEngine.execute;org.junit.platform.engine.support.hierarchical.HierarchicalTestExecutor.execute;org.junit.platform.engine.support.hierarchical.SameThreadHierarchicalTestExecutorService.submit;org.junit.platform.engine.support.hierarchical.NodeTestTask.execute;org.junit.platform.engine.support.hierarchical.NodeTestTask.prepare;java.lang.invoke.MethodHandleNatives.linkMethodHandleConstant;java.lang.invoke.MethodHandles$Lookup.linkMethodHandleConstant;java.lang.invoke.MethodHandles$Lookup.getDirectMethodForConstant;java.lang.invoke.MethodHandles$Lookup.getDirectMethodNoSecurityManager;java.lang.invoke.MethodHandles$Lookup.getDirectMethodCommon;java.lang.invoke.DirectMethodHandle.make;java.lang.invoke.MethodType.insertParameterTypes;java.lang.invoke.MethodType.makeImpl;java.lang.invoke.MethodTypeForm.findForm;java.lang.invoke.MethodTypeForm.canonicalize;java.lang.invoke.MethodType.methodType;java.lang.invoke.MethodType.makeImpl;jdk.internal.util.ReferencedKeySet.get;jdk.internal.util.ReferencedKeyMap.get;java.util.concurrent.ConcurrentHashMap.get;jdk.internal.util.StrongReferenceKey.equals;java.util.Objects.equals;java.lang.invoke.MethodType.equals;java.lang.invoke.MethodType.equals;java.util.Arrays.equals,0.0000
org.apache.maven.surefire.booter.ForkedBooter.main;org.apache.maven.surefire.booter.ForkedBooter.run;org.apache.maven.surefire.booter.ForkedBooter.execute;org.apache.maven.surefire.booter.ForkedBooter.runSuitesInProcess;org.apache.maven.surefire.junitplatform.JUnitPlatformProvider.invoke;org.apache.maven.surefire.junitplatform.JUnitPlatformProvider.invokeAllTests;org.apache.maven.surefire.junitplatform.JUnitPlatformProvider.execute;org.apache.maven.surefire.junitplatform.LazyLauncher.execute;org.junit.platform.launcher.core.DelegatingLauncher.execute;org.junit.platform.launcher.core.DefaultLauncher.execute;org.junit.platform.launcher.core.DefaultLauncher.execute;org.junit.platform.launcher.core.EngineExecutionOrchestrator.execute;org.junit.platform.launcher.core.EngineExecutionOrchestrator.withInterceptedStreams;org.junit.platform.launcher.core.EngineExecutionOrchestrator$$Lambda/0x000001f9e60a6e28.accept;org.junit.platform.launcher.core.EngineExecutionOrchestrator.lambda$execute$0;org.junit.platform.launcher.core.EngineExecutionOrchestrator.execute;org.junit.platform.launcher.core.EngineExecutionOrchestrator.execute;org.junit.platform.launcher.core.EngineExecutionOrchestrator.execute;org.junit.platform.engine.support.hierarchical.HierarchicalTestEngine.execute;org.junit.platform.engine.support.hierarchical.HierarchicalTestExecutor.execute;org.junit.platform.engine.support.hierarchical.SameThreadHierarchicalTestExecutorService.submit;org.junit.platform.engine.support.hierarchical.NodeTestTask.execute;org.junit.platform.engine.support.hierarchical.NodeTestTask.executeRecursively;org.junit.platform.engine.support.hierarchical.ThrowableCollector.execute;org.junit.platform.engine.support.hierarchical.NodeTestTask$$Lambda/0x000001f9e60b6e68.execute;org.junit.platform.engine.support.hierarchical.NodeTestTask.lambda$executeRecursively$9;org.junit.platform.engine.support.hierarchical.Node.around;org.junit.platform.engine.support.hierarchical.NodeTestTask$$Lambda/0x000001f9e60b7290.invoke;org.junit.platform.engine.support.hierarchical.NodeTestTask.lambda$executeRecursively$8;org.junit.platform.engine.support.hierarchical.ThrowableCollector.execute;org.junit.platform.engine.support.hierarchical.NodeTestTask$$Lambda/0x000001f9e60b74b8.execute;org.junit.platform.engine.support.hierarchical.NodeTestTask.lambda$executeRecursively$6;org.junit.platform.engine.support.hierarchical.SameThreadHierarchicalTestExecutorService.invokeAll;java.util.ArrayList.forEach;org.junit.platform.engine.support.hierarchical.SameThreadHierarchicalTestExecutorService$$Lambda/0x000001f9e60bc000.accept;org.junit.platform.engine.support.hierarchical.NodeTestTask.execute;org.junit.platform.engine.support.hierarchical.NodeTestTask.executeRecursively;org.junit.platform.engine.support.hierarchical.ThrowableCollector.execute;org.junit.platform.engine.support.hierarchical.NodeTestTask$$Lambda/0x000001f9e60b6e68.execute;org.junit.platform.engine.support.hierarchical.NodeTestTask.lambda$executeRecursively$9;org.junit.platform.engine.support.hierarchical.Node.around;org.junit.platform.engine.support.hierarchical.NodeTestTask$$Lambda/0x000001f9e60b7290.invoke;org.junit.platform.engine.support.hierarchical.NodeTestTask.lambda$executeRecursively$8;org.junit.platform.engine.support.hierarchical.ThrowableCollector.execute;org.junit.platform.engine.support.hierarchical.NodeTestTask$$Lambda/0x000001f9e60b74b8.execute;org.junit.platform.engine.support.hierarchical.NodeTestTask.lambda$executeRecursively$6;org.junit.platform.engine.support.hierarchical.SameThreadHierarchicalTestExecutorService.invokeAll;java.util.ArrayList.forEach;org.junit.platform.engine.support.hierarchical.SameThreadHierarchicalTestExecutorService$$Lambda/0x000001f9e60bc000.accept;org.junit.platform.engine.support.hierarchical.NodeTestTask.execute;org.junit.platform.engine.support.hierarchical.NodeTestTask.executeRecursively;org.junit.platform.engine.support.hierarchical.ThrowableCollector.execute;org.junit.platform.engine.support.hierarchical.NodeTestTask$$Lambda/0x000001f9e60b6e68.execute;org.junit.platform.engine.support.hierarchical.NodeTestTask.lambda$executeRecursively$9;org.junit.platform.engine.support.hierarchical.Node.around;org.junit.platform.engine.support.hierarchical.NodeTestTask$$Lambda/0x000001f9e60b7290.invoke;org.junit.platform.engine.support.hierarchical.NodeTestTask.lambda$executeRecursively$8;org.junit.platform.engine.support.hierarchical.ThrowableCollector.execute;org.junit.platform.engine.support.hierarchical.NodeTestTask$$Lambda/0x000001f9e60b74b8.execute;org.junit.platform.engine.support.hierarchical.NodeTestTask.lambda$executeRecursively$6;org.junit.jupiter.engine.descriptor.TestMethodTestDescriptor.execute;org.junit.jupiter.engine.descriptor.TestMethodTestDescriptor.execute;org.junit.jupiter.engine.descriptor.TestMethodTestDescriptor.invokeTestMethod;org.junit.platform.engine.support.hierarchical.ThrowableCollector.execute;org.junit.jupiter.engine.descriptor.TestMethodTestDescriptor$$Lambda/0x000001f9e6176848.execute;org.junit.jupiter.engine.descriptor.TestMethodTestDescriptor.lambda$invokeTestMethod$7;org.junit.jupiter.engine.execution.InterceptingExecutableInvoker.invoke;org.junit.jupiter.engine.execution.InterceptingExecutableInvoker.invoke;org.junit.jupiter.engine.execution.InvocationInterceptorChain.invoke;org.junit.jupiter.engine.execution.InvocationInterceptorChain.chainAndInvoke;org.junit.jupiter.engine.execution.InvocationInterceptorChain.proceed;org.junit.jupiter.engine.execution.InvocationInterceptorChain$InterceptedInvocation.proceed;org.junit.jupiter.engine.execution.InterceptingExecutableInvoker$$Lambda/0x000001f9e6104a00.apply;org.junit.jupiter.engine.execution.InterceptingExecutableInvoker.lambda$invoke$0;org.junit.jupiter.engine.execution.InterceptingExecutableInvoker$ReflectiveInterceptorCall$$Lambda/0x000001f9e60930f0.apply;org.junit.jupiter.engine.execution.InterceptingExecutableInvoker$ReflectiveInterceptorCall.lambda$ofVoidMethod$0;org.junit.jupiter.engine.descriptor.TestMethodTestDescriptor$$Lambda/0x000001f9e6092cd0.apply;org.junit.jupiter.engine.extension.TimeoutExtension.interceptTestMethod;org.junit.jupiter.engine.extension.TimeoutExtension.interceptTestableMethod;org.junit.jupiter.engine.extension.TimeoutExtension.intercept;org.junit.jupiter.engine.execution.InvocationInterceptorChain$ValidatingInvocation.proceed;org.junit.jupiter.engine.execution.MethodInvocation.proceed;org.junit.platform.commons.util.ReflectionUtils.invokeMethod;java.lang.reflect.Method.invoke;jdk.internal.reflect.DirectMethodHandleAccessor.invoke;jdk.internal.reflect.DirectMethodHandleAccessor.invokeImpl;java.lang.invoke.Invokers$Holder.invokeExact_MT;java.lang.invoke.LambdaForm$MH/0x000001f9e6171000.invoke;java.lang.invoke.LambdaForm$DMH/0x000001f9e6170800.invokeVirtual;com.collaboration.petclinic.api.tests.PetAPITests.testAddPetSuccessfully;io.restassured.internal.RequestSpecificationImpl.contentType;org.codehaus.groovy.runtime.callsite.AbstractCallSite.callStatic;org.codehaus.groovy.runtime.callsite.AbstractCallSite.callStatic;org.codehaus.groovy.runtime.callsite.CallSiteArray.defaultCallStatic;io.restassured.internal.common.assertion.AssertParameter$notNull$0.callStatic;io.restassured.internal.common.assertion.AssertParameter.notNull;java_lang_Class$getSimpleName.call;org.codehaus.groovy.runtime.callsite.CallSiteArray.defaultCall;org.codehaus.groovy.runtime.callsite.CallSiteArray.createCallSite;org.codehaus.groovy.runtime.callsite.CallSiteArray.createCallStaticSite;org.codehaus.groovy.runtime.InvokerHelper.getMetaClass;org.codehaus.groovy.runtime.metaclass.MetaClassRegistryImpl.getMetaClass;org.codehaus.groovy.reflection.ClassInfo.getMetaClass;org.codehaus.groovy.reflection.ClassInfo.getMetaClassUnderLock;groovy.lang.MetaClassRegistry$MetaClassCreationHandle.create;groovy.lang.MetaClassRegistry$MetaClassCreationHandle.createWithCustomLookup;java.lang.Class.forName;java.lang.Class.forName;java.lang.Class.forName0;java.lang.ClassLoader.loadClass;jdk.internal.loader.ClassLoaders$AppClassLoader.loadClass;jdk.internal.loader.BuiltinClassLoader.loadClass;jdk.internal.loader.BuiltinClassLoader.loadClassOrNull;jdk.internal.loader.BuiltinClassLoader.findClassOnClassPathOrNull;jdk.internal.loader.URLClassPath.getResource;jdk.internal.loader.URLClassPath$JarLoader.getResource;java.util.jar.JarFile.getJarEntry;java.util.jar.JarFile.getEntry;java.util.zip.ZipFile.getEntry;java.util.zip.ZipFile$Source.getEntryPos,0.0000
org.apache.maven.surefire.booter.ForkedBooter.main;org.apache.maven.surefire.booter.ForkedBooter.run;org.apache.maven.surefire.booter.ForkedBooter.execute;org.apache.maven.surefire.booter.ForkedBooter.runSuitesInProcess;org.apache.maven.surefire.junitplatform.JUnitPlatformProvider.invoke;org.apache.maven.surefire.junitplatform.JUnitPlatformProvider.invokeAllTests;org.apache.maven.surefire.junitplatform.JUnitPlatformProvider.execute;org.apache.maven.surefire.junitplatform.LazyLauncher.execute;org.junit.platform.launcher.core.DelegatingLauncher.execute;org.junit.platform.launcher.core.DefaultLauncher.execute;org.junit.platform.launcher.core.DefaultLauncher.execute;org.junit.platform.launcher.core.EngineExecutionOrchestrator.execute;org.junit.platform.launcher.core.EngineExecutionOrchestrator.withInterceptedStreams;org.junit.platform.launcher.core.EngineExecutionOrchestrator$$Lambda/0x000001f9e60a6e28.accept;org.junit.platform.launcher.core.EngineExecutionOrchestrator.lambda$execute$0;org.junit.platform.launcher.core.EngineExecutionOrchestrator.execute;org.junit.platform.launcher.core.EngineExecutionOrchestrator.execute;org.junit.platform.launcher.core.EngineExecutionOrchestrator.execute;org.junit.platform.engine.support.hierarchical.HierarchicalTestEngine.execute;org.junit.platform.engine.support.hierarchical.HierarchicalTestExecutor.execute;org.junit.platform.engine.support.hierarchical.SameThreadHierarchicalTestExecutorService.submit;org.junit.platform.engine.support.hierarchical.NodeTestTask.execute;org.junit.platform.engine.support.hierarchical.NodeTestTask.executeRecursively;org.junit.platform.engine.support.hierarchical.ThrowableCollector.execute;org.junit.platform.engine.support.hierarchical.NodeTestTask$$Lambda/0x000001f9e60b6e68.execute;org.junit.platform.engine.support.hierarchical.NodeTestTask.lambda$executeRecursively$9;org.junit.platform.engine.support.hierarchical.Node.around;org.junit.platform.engine.support.hierarchical.NodeTestTask$$Lambda/0x000001f9e60b7290.invoke;org.junit.platform.engine.support.hierarchical.NodeTestTask.lambda$executeRecursively$8;org.junit.platform.engine.support.hierarchical.ThrowableCollector.execute;org.junit.platform.engine.support.hierarchical.NodeTestTask$$Lambda/0x000001f9e60b74b8.execute;org.junit.platform.engine.support.hierarchical.NodeTestTask.lambda$executeRecursively$6;org.junit.platform.engine.support.hierarchical.SameThreadHierarchicalTestExecutorService.invokeAll;java.util.ArrayList.forEach;org.junit.platform.engine.support.hierarchical.SameThreadHierarchicalTestExecutorService$$Lambda/0x000001f9e60bc000.accept;org.junit.platform.engine.support.hierarchical.NodeTestTask.execute;org.junit.platform.engine.support.hierarchical.NodeTestTask.executeRecursively;org.junit.platform.engine.support.hierarchical.ThrowableCollector.execute;org.junit.platform.engine.support.hierarchical.NodeTestTask$$Lambda/0x000001f9e60b6e68.execute;org.junit.platform.engine.support.hierarchical.NodeTestTask.lambda$executeRecursively$9;org.junit.platform.engine.support.hierarchical.Node.around;org.junit.platform.engine.support.hierarchical.NodeTestTask$$Lambda/0x000001f9e60b7290.invoke;org.junit.platform.engine.support.hierarchical.NodeTestTask.lambda$executeRecursively$8;org.junit.platform.engine.support.hierarchical.ThrowableCollector.execute;org.junit.platform.engine.support.hierarchical.NodeTestTask$$Lambda/0x000001f9e60b74b8.execute;org.junit.platform.engine.support.hierarchical.NodeTestTask.lambda$executeRecursively$6;org.junit.platform.engine.support.hierarchical.SameThreadHierarchicalTestExecutorService.invokeAll;java.util.ArrayList.forEach;org.junit.platform.engine.support.hierarchical.SameThreadHierarchicalTestExecutorService$$Lambda/0x000001f9e60bc000.accept;org.junit.platform.engine.support.hierarchical.NodeTestTask.execute;org.junit.platform.engine.support.hierarchical.NodeTestTask.executeRecursively;org.junit.platform.engine.support.hierarchical.ThrowableCollector.execute;org.junit.platform.engine.support.hierarchical.NodeTestTask$$Lambda/0x000001f9e60b6e68.execute;org.junit.platform.engine.support.hierarchical.NodeTestTask.lambda$executeRecursively$9;org.junit.platform.engine.support.hierarchical.Node.around;org.junit.platform.engine.support.hierarchical.NodeTestTask$$Lambda/0x000001f9e60b7290.invoke;org.junit.platform.engine.support.hierarchical.NodeTestTask.lambda$executeRecursively$8;org.junit.platform.engine.support.hierarchical.ThrowableCollector.execute;org.junit.platform.engine.support.hierarchical.NodeTestTask$$Lambda/0x000001f9e60b74b8.execute;org.junit.platform.engine.support.hierarchical.NodeTestTask.lambda$executeRecursively$6;org.junit.jupiter.engine.descriptor.TestMethodTestDescriptor.execute;org.junit.jupiter.engine.descriptor.TestMethodTestDescriptor.execute;org.junit.jupiter.engine.descriptor.TestMethodTestDescriptor.invokeTestMethod;org.junit.platform.engine.support.hierarchical.ThrowableCollector.execute;org.junit.jupiter.engine.descriptor.TestMethodTestDescriptor$$Lambda/0x000001f9e6176848.execute;org.junit.jupiter.engine.descriptor.TestMethodTestDescriptor.lambda$invokeTestMethod$7;org.junit.jupiter.engine.execution.InterceptingExecutableInvoker.invoke;org.junit.jupiter.engine.execution.InterceptingExecutableInvoker.invoke;org.junit.jupiter.engine.execution.InvocationInterceptorChain.invoke;org.junit.jupiter.engine.execution.InvocationInterceptorChain.chainAndInvoke;org.junit.jupiter.engine.execution.InvocationInterceptorChain.proceed;org.junit.jupiter.engine.execution.InvocationInterceptorChain$InterceptedInvocation.proceed;org.junit.jupiter.engine.execution.InterceptingExecutableInvoker$$Lambda/0x000001f9e6104a00.apply;org.junit.jupiter.engine.execution.InterceptingExecutableInvoker.lambda$invoke$0;org.junit.jupiter.engine.execution.InterceptingExecutableInvoker$ReflectiveInterceptorCall$$Lambda/0x000001f9e60930f0.apply;org.junit.jupiter.engine.execution.InterceptingExecutableInvoker$ReflectiveInterceptorCall.lambda$ofVoidMethod$0;org.junit.jupiter.engine.descriptor.TestMethodTestDescriptor$$Lambda/0x000001f9e6092cd0.apply;org.junit.jupiter.engine.extension.TimeoutExtension.interceptTestMethod;org.junit.jupiter.engine.extension.TimeoutExtension.interceptTestableMethod;org.junit.jupiter.engine.extension.TimeoutExtension.intercept;org.junit.jupiter.engine.execution.InvocationInterceptorChain$ValidatingInvocation.proceed;org.junit.jupiter.engine.execution.MethodInvocation.proceed;org.junit.platform.commons.util.ReflectionUtils.invokeMethod;java.lang.reflect.Method.invoke;jdk.internal.reflect.DirectMethodHandleAccessor.invoke;jdk.internal.reflect.DirectMethodHandleAccessor.invokeImpl;java.lang.invoke.Invokers$Holder.invokeExact_MT;java.lang.invoke.LambdaForm$MH/0x000001f9e6171000.invoke;java.lang.invoke.LambdaForm$DMH/0x000001f9e6170800.invokeVirtual;com.collaboration.petclinic.api.tests.PetAPITests.testAddPetSuccessfully;io.restassured.internal.ValidatableResponseOptionsImpl.body;io.restassured.internal.ResponseSpecificationImpl.body;org.codehaus.groovy.runtime.callsite.AbstractCallSite.callCurrent;org.codehaus.groovy.runtime.callsite.AbstractCallSite.callCurrent;org.codehaus.groovy.runtime.callsite.CallSiteArray.defaultCallCurrent;io.restassured.specification.ResponseSpecification$body$1.callCurrent;io.restassured.internal.ResponseSpecificationImpl.body;org.codehaus.groovy.runtime.callsite.AbstractCallSite.callCurrent;org.codehaus.groovy.runtime.callsite.AbstractCallSite.callCurrent;org.codehaus.groovy.runtime.callsite.CallSiteArray.defaultCallCurrent;org.codehaus.groovy.runtime.callsite.PogoMetaMethodSite.callCurrent;org.codehaus.groovy.runtime.callsite.PogoMetaMethodSite$PogoCachedMethodSiteNoUnwrapNoCoerce.invoke;org.codehaus.groovy.runtime.callsite.PlainObjectMetaMethodSite.doInvoke;java.lang.reflect.Method.invoke;jdk.internal.reflect.DirectMethodHandleAccessor.invoke;jdk.internal.reflect.DirectMethodHandleAccessor.invokeImpl;java.lang.invoke.Invokers$Holder.invokeExact_MT;java.lang.invoke.LambdaForm$MH/0x000001f9e6192800.invoke;java.lang.invoke.DirectMethodHandle$Holder.invokeVirtual;io.restassured.internal.ResponseSpecificationImpl.this$2$validateResponseIfRequired;io.restassured.internal.ResponseSpecificationImpl.validateResponseIfRequired;io.restassured.internal.ResponseSpecificationImpl$HamcrestAssertionClosure$validate$1.call;io.restassured.internal.ResponseSpecificationImpl$HamcrestAssertionClosure.validate;org.codehaus.groovy.runtime.callsite.AbstractCallSite.call;org.codehaus.groovy.runtime.callsite.AbstractCallSite.call;org.codehaus.groovy.runtime.callsite.CallSiteArray.defaultCall;io.restassured.internal.ContentParser$parse.call;io.restassured.internal.ContentParser.parse;org.codehaus.groovy.runtime.callsite.AbstractCallSite.callGetProperty;org.codehaus.groovy.runtime.callsite.AbstractCallSite.acceptGetProperty;org.codehaus.groovy.runtime.callsite.AbstractCallSite.createGetPropertySite;org.codehaus.groovy.runtime.callsite.AbstractCallSite.createClassMetaClassGetPropertySite;org.codehaus.groovy.runtime.callsite.ClassMetaClassGetPropertySite.<init>;org.codehaus.groovy.reflection.ClassInfo.getMetaClass;org.codehaus.groovy.reflection.ClassInfo.getMetaClassUnderLock;groovy.lang.MetaClassRegistry$MetaClassCreationHandle.create;groovy.lang.MetaClassRegistry$MetaClassCreationHandle.createWithCustomLookup;groovy.lang.MetaClassRegistry$MetaClassCreationHandle.createNormalMetaClass;groovy.lang.MetaClassImpl.<init>;groovy.lang.MetaClassImpl.<init>;groovy.lang.MetaClassImpl.<init>;groovy.lang.MetaArrayLengthProperty.<init>,0.0000
org.apache.maven.surefire.booter.ForkedBooter.main;org.apache.maven.surefire.booter.ForkedBooter.run;org.apache.maven.surefire.booter.ForkedBooter.execute;org.apache.maven.surefire.booter.ForkedBooter.runSuitesInProcess;org.apache.maven.surefire.junitplatform.JUnitPlatformProvider.invoke;org.apache.maven.surefire.junitplatform.JUnitPlatformProvider.invokeAllTests;org.apache.maven.surefire.junitplatform.JUnitPlatformProvider.execute;org.apache.maven.surefire.junitplatform.LazyLauncher.execute;org.junit.platform.launcher.core.DelegatingLauncher.execute;org.junit.platform.launcher.core.DefaultLauncher.execute;org.junit.platform.launcher.core.DefaultLauncher.execute;org.junit.platform.launcher.core.EngineExecutionOrchestrator.execute;org.junit.platform.launcher.core.EngineExecutionOrchestrator.withInterceptedStreams;org.junit.platform.launcher.core.EngineExecutionOrchestrator$$Lambda/0x000001f9e60a6e28.accept;org.junit.platform.launcher.core.EngineExecutionOrchestrator.lambda$execute$0;org.junit.platform.launcher.core.EngineExecutionOrchestrator.execute;org.junit.platform.launcher.core.EngineExecutionOrchestrator.execute;org.junit.platform.launcher.core.EngineExecutionOrchestrator.execute;org.junit.platform.engine.support.hierarchical.HierarchicalTestEngine.execute;org.junit.platform.engine.support.hierarchical.HierarchicalTestExecutor.execute;org.junit.platform.engine.support.hierarchical.SameThreadHierarchicalTestExecutorService.submit;org.junit.platform.engine.support.hierarchical.NodeTestTask.execute;org.junit.platform.engine.support.hierarchical.NodeTestTask.executeRecursively;org.junit.platform.engine.support.hierarchical.ThrowableCollector.execute;org.junit.platform.engine.support.hierarchical.NodeTestTask$$Lambda/0x000001f9e60b6e68.execute;org.junit.platform.engine.support.hierarchical.NodeTestTask.lambda$executeRecursively$9;org.junit.platform.engine.support.hierarchical.Node.around;org.junit.platform.engine.support.hierarchical.NodeTestTask$$Lambda/0x000001f9e60b7290.invoke;org.junit.platform.engine.support.hierarchical.NodeTestTask.lambda$executeRecursively$8;org.junit.platform.engine.support.hierarchical.ThrowableCollector.execute;org.junit.platform.engine.support.hierarchical.NodeTestTask$$Lambda/0x000001f9e60b74b8.execute;org.junit.platform.engine.support.hierarchical.NodeTestTask.lambda$executeRecursively$6;org.junit.platform.engine.support.hierarchical.SameThreadHierarchicalTestExecutorService.invokeAll;java.util.ArrayList.forEach;org.junit.platform.engine.support.hierarchical.SameThreadHierarchicalTestExecutorService$$Lambda/0x000001f9e60bc000.accept;org.junit.platform.engine.support.hierarchical.NodeTestTask.execute;org.junit.platform.engine.support.hierarchical.NodeTestTask.executeRecursively;org.junit.platform.engine.support.hierarchical.ThrowableCollector.execute;org.junit.platform.engine.support.hierarchical.NodeTestTask$$Lambda/0x000001f9e60b6e68.execute;org.junit.platform.engine.support.hierarchical.NodeTestTask.lambda$executeRecursively$9;org.junit.platform.engine.support.hierarchical.Node.around;org.junit.platform.engine.support.hierarchical.NodeTestTask$$Lambda/0x000001f9e60b7290.invoke;org.junit.platform.engine.support.hierarchical.NodeTestTask.lambda$executeRecursively$8;org.junit.platform.engine.support.hierarchical.ThrowableCollector.execute;org.junit.platform.engine.support.hierarchical.NodeTestTask$$Lambda/0x000001f9e60b74b8.execute;org.junit.platform.engine.support.hierarchical.NodeTestTask.lambda$executeRecursively$6;org.junit.platform.engine.support.hierarchical.SameThreadHierarchicalTestExecutorService.invokeAll;java.util.ArrayList.forEach;org.junit.platform.engine.support.hierarchical.SameThreadHierarchicalTestExecutorService$$Lambda/0x000001f9e60bc000.accept;org.junit.platform.engine.support.hierarchical.NodeTestTask.execute;org.junit.platform.engine.support.hierarchical.NodeTestTask.executeRecursively;org.junit.platform.engine.support.hierarchical.ThrowableCollector.execute;org.junit.platform.engine.support.hierarchical.NodeTestTask$$Lambda/0x000001f9e60b6e68.execute;org.junit.platform.engine.support.hierarchical.NodeTestTask.lambda$executeRecursively$9;org.junit.platform.engine.support.hierarchical.Node.around;org.junit.platform.engine.support.hierarchical.NodeTestTask$$Lambda/0x000001f9e60b7290.invoke;org.junit.platform.engine.support.hierarchical.NodeTestTask.lambda$executeRecursively$8;org.junit.platform.engine.support.hierarchical.ThrowableCollector.execute;org.junit.platform.engine.support.hierarchical.NodeTestTask$$Lambda/0x000001f9e60b74b8.execute;org.junit.platform.engine.support.hierarchical.NodeTestTask.lambda$executeRecursively$6;org.junit.jupiter.engine.descriptor.TestMethodTestDescriptor.execute;org.junit.jupiter.engine.descriptor.TestMethodTestDescriptor.execute;org.junit.jupiter.engine.descriptor.TestMethodTestDescriptor.invokeTestMethod;org.junit.platform.engine.support.hierarchical.ThrowableCollector.execute;org.junit.jupiter.engine.descriptor.TestMethodTestDescriptor$$Lambda/0x000001f9e6176848.execute;org.junit.jupiter.engine.descriptor.TestMethodTestDescriptor.lambda$invokeTestMethod$7;org.junit.jupiter.engine.execution.InterceptingExecutableInvoker.invoke;org.junit.jupiter.engine.execution.InterceptingExecutableInvoker.invoke;org.junit.jupiter.engine.execution.InvocationInterceptorChain.invoke;org.junit.jupiter.engine.execution.InvocationInterceptorChain.chainAndInvoke;org.junit.jupiter.engine.execution.InvocationInterceptorChain.proceed;org.junit.jupiter.engine.execution.InvocationInterceptorChain$InterceptedInvocation.proceed;org.junit.jupiter.engine.execution.InterceptingExecutableInvoker$$Lambda/0x000001f9e6104a00.apply;org.junit.jupiter.engine.execution.InterceptingExecutableInvoker.lambda$invoke$0;org.junit.jupiter.engine.execution.InterceptingExecutableInvoker$ReflectiveInterceptorCall$$Lambda/0x000001f9e60930f0.apply;org.junit.jupiter.engine.execution.InterceptingExecutableInvoker$ReflectiveInterceptorCall.lambda$ofVoidMethod$0;org.junit.jupiter.engine.descriptor.TestMethodTestDescriptor$$Lambda/0x000001f9e6092cd0.apply;org.junit.jupiter.engine.extension.TimeoutExtension.interceptTestMethod;org.junit.jupiter.engine.extension.TimeoutExtension.interceptTestableMethod;org.junit.jupiter.engine.extension.TimeoutExtension.intercept;org.junit.jupiter.engine.execution.InvocationInterceptorChain$ValidatingInvocation.proceed;org.junit.jupiter.engine.execution.MethodInvocation.proceed;org.junit.platform.commons.util.ReflectionUtils.invokeMethod;java.lang.reflect.Method.invoke;jdk.internal.reflect.DirectMethodHandleAccessor.invoke;jdk.internal.reflect.DirectMethodHandleAccessor.invokeImpl;java.lang.invoke.Invokers$Holder.invokeExact_MT;java.lang.invoke.LambdaForm$MH/0x000001f9e6171000.invoke;java.lang.invoke.LambdaForm$DMH/0x000001f9e6170800.invokeVirtual;com.collaboration.petclinic.api.tests.PetAPITests.testAddPetSuccessfully;io.restassured.internal.RequestSpecificationImpl.post;io.restassured.internal.RequestSpecificationImpl.post;org.codehaus.groovy.runtime.callsite.AbstractCallSite.callCurrent;org.codehaus.groovy.runtime.callsite.AbstractCallSite.callCurrent;org.codehaus.groovy.runtime.callsite.CallSiteArray.defaultCallCurrent;org.codehaus.groovy.runtime.callsite.PogoInterceptableSite.callCurrent;org.codehaus.groovy.runtime.callsite.PogoInterceptableSite.call;io.restassured.internal.RequestSpecificationImpl.invokeMethod;groovy.lang.MetaClassImpl.invokeMethod;groovy.lang.MetaClassImpl.invokeMethod;groovy.lang.MetaClassImpl.invokeMethod;groovy.lang.MetaClassImpl.doInvokeMethod;groovy.lang.MetaMethod.doMethodInvoke;org.codehaus.groovy.reflection.CachedMethod.invoke;java.lang.reflect.Method.invoke;jdk.internal.reflect.DirectMethodHandleAccessor.invoke;jdk.internal.reflect.DirectMethodHandleAccessor.invokeImpl;java.lang.invoke.Invokers$Holder.invokeExact_MT;java.lang.invoke.LambdaForm$MH/0x000001f9e61a3400.invoke;java.lang.invoke.LambdaForm$DMH/0x000001f9e61a2400.invokeVirtual;io.restassured.internal.RequestSpecificationImpl.this$2$applyPathParamsAndSendRequest;io.restassured.internal.RequestSpecificationImpl.applyPathParamsAndSendRequest;org.codehaus.groovy.runtime.callsite.AbstractCallSite.callCurrent;org.codehaus.groovy.runtime.callsite.AbstractCallSite.callCurrent;org.codehaus.groovy.runtime.callsite.CallSiteArray.defaultCallCurrent;org.codehaus.groovy.runtime.callsite.PogoInterceptableSite.callCurrent;org.codehaus.groovy.runtime.callsite.PogoInterceptableSite.call;io.restassured.internal.RequestSpecificationImpl.invokeMethod;groovy.lang.MetaClassImpl.invokeMethod;groovy.lang.MetaClassImpl.invokeMethod;groovy.lang.MetaClassImpl.invokeMethod;groovy.lang.MetaClassImpl.doInvokeMethod;groovy.lang.MetaMethod.doMethodInvoke;org.codehaus.groovy.reflection.CachedMethod.invoke;java.lang.reflect.Method.invoke;jdk.internal.reflect.DirectMethodHandleAccessor.invoke;jdk.internal.reflect.DirectMethodHandleAccessor.invokeImpl;java.lang.invoke.Invokers$Holder.invokeExact_MT;java.lang.invoke.LambdaForm$MH/0x000001f9e61a4400.invoke;java.lang.invoke.LambdaForm$DMH/0x000001f9e61a2400.invokeVirtual;io.restassured.internal.RequestSpecificationImpl.this$2$applyPathParamsAndSendRequest;io.restassured.internal.RequestSpecificationImpl.applyPathParamsAndSendRequest;org.codehaus.groovy.runtime.callsite.AbstractCallSite.call;org.codehaus.groovy.runtime.callsite.AbstractCallSite.call;org.codehaus.groovy.runtime.callsite.CallSiteArray.defaultCall;io.restassured.filter.FilterContext$next.call;io.restassured.internal.filter.FilterContextImpl.next;org.codehaus.groovy.runtime.callsite.AbstractCallSite.call;org.codehaus.groovy.runtime.callsite.AbstractCallSite.call;org.codehaus.groovy.runtime.callsite.CallSiteArray.defaultCall;io.restassured.filter.Filter$filter.call;io.restassured.internal.filter.CsrfFilter.filter;org.codehaus.groovy.runtime.callsite.AbstractCallSite.call;org.codehaus.groovy.runtime.callsite.AbstractCallSite.call;org.codehaus.groovy.runtime.callsite.CallSiteArray.defaultCall;io.restassured.filter.FilterContext$next.call;io.restassured.internal.filter.FilterContextImpl.next;io.restassured.filter.Filter$filter.call;org.codehaus.groovy.runtime.callsite.CallSiteArray.defaultCall;io.restassured.filter.Filter$filter$0.call;io.restassured.filter.time.TimingFilter.filter;io.restassured.internal.filter.FilterContextImpl.next;io.restassured.filter.Filter$filter$0.call;org.codehaus.groovy.runtime.callsite.CallSiteArray.defaultCall;io.restassured.filter.Filter$filter.call;io.restassured.internal.filter.SendRequestFilter.filter;org.codehaus.groovy.runtime.callsite.AbstractCallSite.call;org.codehaus.groovy.runtime.callsite.AbstractCallSite.call;org.codehaus.groovy.runtime.callsite.CallSiteArray.defaultCall;org.codehaus.groovy.runtime.callsite.PogoInterceptableSite.call;io.restassured.internal.RequestSpecificationImpl.invokeMethod;groovy.lang.MetaClassImpl.invokeMethod;groovy.lang.MetaClassImpl.invokeMethod;groovy.lang.MetaClassImpl.invokeMethod;groovy.lang.MetaClassImpl.doInvokeMethod;groovy.lang.MetaMethod.doMethodInvoke;org.codehaus.groovy.reflection.CachedMethod.invoke;java.lang.reflect.Method.invoke;jdk.internal.reflect.DirectMethodHandleAccessor.invoke;jdk.internal.reflect.DirectMethodHandleAccessor.invokeImpl;java.lang.invoke.Invokers$Holder.invokeExact_MT;java.lang.invoke.LambdaForm$MH/0x000001f9e6211000.invoke;java.lang.invoke.LambdaForm$DMH/0x000001f9e6210000.invokeVirtual;io.restassured.internal.RequestSpecificationImpl.this$2$sendRequest;io.restassured.internal.RequestSpecificationImpl.sendRequest;org.codehaus.groovy.runtime.callsite.AbstractCallSite.call;org.codehaus.groovy.runtime.callsite.AbstractCallSite.call;org.codehaus.groovy.runtime.callsite.CallSiteArray.defaultCall;io.restassured.internal.http.HTTPBuilder$post$2.call;io.restassured.internal.http.HTTPBuilder.post;io.restassured.internal.RestAssuredHttpBuilder.doRequest;org.apache.http.impl.client.CloseableHttpClient.execute;org.apache.http.impl.client.AbstractHttpClient.doExecute;org.apache.http.impl.client.CloseableHttpResponseProxy.<clinit>;java.lang.reflect.Proxy.getProxyClass;java.lang.reflect.Proxy.getProxyConstructor;jdk.internal.loader.AbstractClassLoaderValue.computeIfAbsent;jdk.internal.loader.AbstractClassLoaderValue$Memoizer.get;java.lang.reflect.Proxy$$Lambda/0x000001f9e607f4d0.apply;java.lang.reflect.Proxy.lambda$getProxyConstructor$0;java.lang.reflect.Proxy$ProxyBuilder.build;java.lang.reflect.Proxy$ProxyBuilder.defineProxyClass;java.lang.reflect.ProxyGenerator.generateProxyClass;java.lang.reflect.ProxyGenerator.generateClassFile;jdk.internal.classfile.impl.ClassFileImpl.build;java.lang.reflect.ProxyGenerator$$Lambda/0x000001f9e60c5b38.accept;java.lang.reflect.ProxyGenerator.lambda$generateClassFile$0;java.lang.reflect.ProxyGenerator.generateStaticInitializer;java.lang.classfile.ClassBuilder.withMethodBody;java.lang.classfile.ClassBuilder.withMethodBody;jdk.internal.classfile.impl.DirectClassBuilder.withMethod;jdk.internal.classfile.impl.DirectMethodBuilder.run;java.lang.classfile.ClassBuilder$$Lambda/0x800000002.accept;java.lang.classfile.ClassBuilder.lambda$withMethodBody$2;jdk.internal.classfile.impl.DirectMethodBuilder.withCode;jdk.internal.classfile.impl.DirectMethodBuilder.withCode;jdk.internal.classfile.impl.DirectCodeBuilder.build;java.lang.reflect.ProxyGenerator$$Lambda/0x000001f9e60ca838.accept;java.lang.reflect.ProxyGenerator.lambda$generateStaticInitializer$4;java.lang.reflect.ProxyGenerator$ProxyMethod.codeFieldInitialization;java.lang.classfile.CodeBuilder.anewarray;jdk.internal.classfile.impl.DirectCodeBuilder.with;jdk.internal.classfile.impl.DirectCodeBuilder.with;jdk.internal.classfile.impl.AbstractInstruction$UnboundNewReferenceArrayInstruction.writeTo;jdk.internal.classfile.impl.AbstractInstruction$UnboundNewReferenceArrayInstruction.componentType,0.0000
org.apache.maven.surefire.booter.ForkedBooter.main;org.apache.maven.surefire.booter.ForkedBooter.run;org.apache.maven.surefire.booter.ForkedBooter.execute;org.apache.maven.surefire.booter.ForkedBooter.runSuitesInProcess;org.apache.maven.surefire.junitplatform.JUnitPlatformProvider.invoke;org.apache.maven.surefire.junitplatform.JUnitPlatformProvider.invokeAllTests;org.apache.maven.surefire.junitplatform.JUnitPlatformProvider.execute;org.apache.maven.surefire.junitplatform.LazyLauncher.execute;org.junit.platform.launcher.core.DelegatingLauncher.execute;org.junit.platform.launcher.core.DefaultLauncher.execute;org.junit.platform.launcher.core.DefaultLauncher.execute;org.junit.platform.launcher.core.EngineExecutionOrchestrator.execute;org.junit.platform.launcher.core.EngineExecutionOrchestrator.withInterceptedStreams;org.junit.platform.launcher.core.EngineExecutionOrchestrator$$Lambda/0x000001f9e60a6e28.accept;org.junit.platform.launcher.core.EngineExecutionOrchestrator.lambda$execute$0;org.junit.platform.launcher.core.EngineExecutionOrchestrator.execute;org.junit.platform.launcher.core.EngineExecutionOrchestrator.execute;org.junit.platform.launcher.core.EngineExecutionOrchestrator.execute;org.junit.platform.engine.support.hierarchical.HierarchicalTestEngine.execute;org.junit.platform.engine.support.hierarchical.HierarchicalTestExecutor.execute;org.junit.platform.engine.support.hierarchical.SameThreadHierarchicalTestExecutorService.submit;org.junit.platform.engine.support.hierarchical.NodeTestTask.execute;org.junit.platform.engine.support.hierarchical.NodeTestTask.executeRecursively;org.junit.platform.engine.support.hierarchical.ThrowableCollector.execute;org.junit.platform.engine.support.hierarchical.NodeTestTask$$Lambda/0x000001f9e60b6e68.execute;org.junit.platform.engine.support.hierarchical.NodeTestTask.lambda$executeRecursively$9;org.junit.platform.engine.support.hierarchical.Node.around;org.junit.platform.engine.support.hierarchical.NodeTestTask$$Lambda/0x000001f9e60b7290.invoke;org.junit.platform.engine.support.hierarchical.NodeTestTask.lambda$executeRecursively$8;org.junit.platform.engine.support.hierarchical.ThrowableCollector.execute;org.junit.platform.engine.support.hierarchical.NodeTestTask$$Lambda/0x000001f9e60b74b8.execute;org.junit.platform.engine.support.hierarchical.NodeTestTask.lambda$executeRecursively$6;org.junit.platform.engine.support.hierarchical.SameThreadHierarchicalTestExecutorService.invokeAll;java.util.ArrayList.forEach;org.junit.platform.engine.support.hierarchical.SameThreadHierarchicalTestExecutorService$$Lambda/0x000001f9e60bc000.accept;org.junit.platform.engine.support.hierarchical.NodeTestTask.execute;org.junit.platform.engine.support.hierarchical.NodeTestTask.executeRecursively;org.junit.platform.engine.support.hierarchical.ThrowableCollector.execute;org.junit.platform.engine.support.hierarchical.NodeTestTask$$Lambda/0x000001f9e60b6e68.execute;org.junit.platform.engine.support.hierarchical.NodeTestTask.lambda$executeRecursively$9;org.junit.platform.engine.support.hierarchical.Node.around;org.junit.platform.engine.support.hierarchical.NodeTestTask$$Lambda/0x000001f9e60b7290.invoke;org.junit.platform.engine.support.hierarchical.NodeTestTask.lambda$executeRecursively$8;org.junit.platform.engine.support.hierarchical.ThrowableCollector.execute;org.junit.platform.engine.support.hierarchical.NodeTestTask$$Lambda/0x000001f9e60b74b8.execute;org.junit.platform.engine.support.hierarchical.NodeTestTask.lambda$executeRecursively$6;org.junit.platform.engine.support.hierarchical.SameThreadHierarchicalTestExecutorService.invokeAll;java.util.ArrayList.forEach;org.junit.platform.engine.support.hierarchical.SameThreadHierarchicalTestExecutorService$$Lambda/0x000001f9e60bc000.accept;org.junit.platform.engine.support.hierarchical.NodeTestTask.execute;org.junit.platform.engine.support.hierarchical.NodeTestTask.executeRecursively;org.junit.platform.engine.support.hierarchical.ThrowableCollector.execute;org.junit.platform.engine.support.hierarchical.NodeTestTask$$Lambda/0x000001f9e60b6e68.execute;org.junit.platform.engine.support.hierarchical.NodeTestTask.lambda$executeRecursively$9;org.junit.platform.engine.support.hierarchical.Node.around;org.junit.platform.engine.support.hierarchical.NodeTestTask$$Lambda/0x000001f9e60b7290.invoke;org.junit.platform.engine.support.hierarchical.NodeTestTask.lambda$executeRecursively$8;org.junit.platform.engine.support.hierarchical.ThrowableCollector.execute;org.junit.platform.engine.support.hierarchical.NodeTestTask$$Lambda/0x000001f9e60b74b8.execute;org.junit.platform.engine.support.hierarchical.NodeTestTask.lambda$executeRecursively$6;org.junit.jupiter.engine.descriptor.TestMethodTestDescriptor.execute;org.junit.jupiter.engine.descriptor.TestMethodTestDescriptor.execute;org.junit.jupiter.engine.descriptor.TestMethodTestDescriptor.invokeTestMethod;org.junit.platform.engine.support.hierarchical.ThrowableCollector.execute;org.junit.jupiter.engine.descriptor.TestMethodTestDescriptor$$Lambda/0x000001f9e6176848.execute;org.junit.jupiter.engine.descriptor.TestMethodTestDescriptor.lambda$invokeTestMethod$7;org.junit.jupiter.engine.execution.InterceptingExecutableInvoker.invoke;org.junit.jupiter.engine.execution.InterceptingExecutableInvoker.invoke;org.junit.jupiter.engine.execution.InvocationInterceptorChain.invoke;org.junit.jupiter.engine.execution.InvocationInterceptorChain.chainAndInvoke;org.junit.jupiter.engine.execution.InvocationInterceptorChain.proceed;org.junit.jupiter.engine.execution.InvocationInterceptorChain$InterceptedInvocation.proceed;org.junit.jupiter.engine.execution.InterceptingExecutableInvoker$$Lambda/0x000001f9e6104a00.apply;org.junit.jupiter.engine.execution.InterceptingExecutableInvoker.lambda$invoke$0;org.junit.jupiter.engine.execution.InterceptingExecutableInvoker$ReflectiveInterceptorCall$$Lambda/0x000001f9e60930f0.apply;org.junit.jupiter.engine.execution.InterceptingExecutableInvoker$ReflectiveInterceptorCall.lambda$ofVoidMethod$0;org.junit.jupiter.engine.descriptor.TestMethodTestDescriptor$$Lambda/0x000001f9e6092cd0.apply;org.junit.jupiter.engine.extension.TimeoutExtension.interceptTestMethod;org.junit.jupiter.engine.extension.TimeoutExtension.interceptTestableMethod;org.junit.jupiter.engine.extension.TimeoutExtension.intercept;org.junit.jupiter.engine.execution.InvocationInterceptorChain$ValidatingInvocation.proceed;org.junit.jupiter.engine.execution.MethodInvocation.proceed;org.junit.platform.commons.util.ReflectionUtils.invokeMethod;java.lang.reflect.Method.invoke;jdk.internal.reflect.DirectMethodHandleAccessor.invoke;jdk.internal.reflect.DirectMethodHandleAccessor.invokeImpl;java.lang.invoke.Invokers$Holder.invokeExact_MT;java.lang.invoke.LambdaForm$MH/0x000001f9e6171000.invoke;java.lang.invoke.LambdaForm$DMH/0x000001f9e6170800.invokeVirtual;com.collaboration.petclinic.api.tests.PetAPITests.testAddPetSuccessfully;io.restassured.internal.RequestSpecificationImpl.post;io.restassured.internal.RequestSpecificationImpl.post;org.codehaus.groovy.runtime.callsite.AbstractCallSite.callCurrent;org.codehaus.groovy.runtime.callsite.AbstractCallSite.callCurrent;org.codehaus.groovy.runtime.callsite.CallSiteArray.defaultCallCurrent;org.codehaus.groovy.runtime.callsite.PogoInterceptableSite.callCurrent;org.codehaus.groovy.runtime.callsite.PogoInterceptableSite.call;io.restassured.internal.RequestSpecificationImpl.invokeMethod;groovy.lang.MetaClassImpl.invokeMethod;groovy.lang.MetaClassImpl.invokeMethod;groovy.lang.MetaClassImpl.invokeMethod;groovy.lang.MetaClassImpl.doInvokeMethod;groovy.lang.MetaMethod.doMethodInvoke;org.codehaus.groovy.reflection.CachedMethod.invoke;java.lang.reflect.Method.invoke;jdk.internal.reflect.DirectMethodHandleAccessor.invoke;jdk.internal.reflect.DirectMethodHandleAccessor.invokeImpl;java.lang.invoke.Invokers$Holder.invokeExact_MT;java.lang.invoke.LambdaForm$MH/0x000001f9e61a3400.invoke;java.lang.invoke.LambdaForm$DMH/0x000001f9e61a2400.invokeVirtual;io.restassured.internal.RequestSpecificationImpl.this$2$applyPathParamsAndSendRequest;io.restassured.internal.RequestSpecificationImpl.applyPathParamsAndSendRequest;org.codehaus.groovy.runtime.callsite.AbstractCallSite.callCurrent;org.codehaus.groovy.runtime.callsite.AbstractCallSite.callCurrent;org.codehaus.groovy.runtime.callsite.CallSiteArray.defaultCallCurrent;org.codehaus.groovy.runtime.callsite.PogoInterceptableSite.callCurrent;org.codehaus.groovy.runtime.callsite.PogoInterceptableSite.call;io.restassured.internal.RequestSpecificationImpl.invokeMethod;groovy.lang.MetaClassImpl.invokeMethod;groovy.lang.MetaClassImpl.invokeMethod;groovy.lang.MetaClassImpl.invokeMethod;groovy.lang.MetaClassImpl.doInvokeMethod;groovy.lang.MetaMethod.doMethodInvoke;org.codehaus.groovy.reflection.CachedMethod.invoke;java.lang.reflect.Method.invoke;jdk.internal.reflect.DirectMethodHandleAccessor.invoke;jdk.internal.reflect.DirectMethodHandleAccessor.invokeImpl;java.lang.invoke.Invokers$Holder.invokeExact_MT;java.lang.invoke.LambdaForm$MH/0x000001f9e61a4400.invoke;java.lang.invoke.LambdaForm$DMH/0x000001f9e61a2400.invokeVirtual;io.restassured.internal.RequestSpecificationImpl.this$2$applyPathParamsAndSendRequest;io.restassured.internal.RequestSpecificationImpl.applyPathParamsAndSendRequest;org.codehaus.groovy.runtime.callsite.AbstractCallSite.callCurrent;org.codehaus.groovy.runtime.callsite.AbstractCallSite.callCurrent;org.codehaus.groovy.runtime.callsite.CallSiteArray.defaultCallCurrent;org.codehaus.groovy.runtime.callsite.PogoInterceptableSite.callCurrent;org.codehaus.groovy.runtime.callsite.PogoInterceptableSite.call;io.restassured.internal.RequestSpecificationImpl.invokeMethod;groovy.lang.MetaClassImpl.invokeMethod;groovy.lang.MetaClassImpl.invokeMethod;groovy.lang.MetaClassImpl.invokeMethod;groovy.lang.MetaClassImpl.doInvokeMethod;groovy.lang.MetaMethod.doMethodInvoke;org.codehaus.groovy.reflection.CachedMethod.invoke;java.lang.reflect.Method.invoke;jdk.internal.reflect.DirectMethodHandleAccessor.invoke;jdk.internal.reflect.DirectMethodHandleAccessor.invokeImpl;java.lang.invoke.Invokers$Holder.invokeExact_MT;java.lang.invoke.LambdaForm$MH/0x000001f9e61a2800.invoke;java.lang.invoke.LambdaForm$DMH/0x000001f9e61a2400.invokeVirtual;io.restassured.internal.RequestSpecificationImpl.newFilterContext;org.codehaus.groovy.runtime.callsite.AbstractCallSite.callCurrent;org.codehaus.groovy.runtime.callsite.AbstractCallSite.callCurrent;org.codehaus.groovy.runtime.callsite.CallSiteArray.defaultCallCurrent;org.codehaus.groovy.runtime.callsite.PogoInterceptableSite.callCurrent;org.codehaus.groovy.runtime.callsite.PogoInterceptableSite.call;io.restassured.internal.RequestSpecificationImpl.invokeMethod;groovy.lang.MetaClassImpl.invokeMethod;groovy.lang.MetaClassImpl.invokeMethod;groovy.lang.MetaClassImpl.invokeMethod;groovy.lang.MetaClassImpl.doInvokeMethod;groovy.lang.MetaMethod.doMethodInvoke;org.codehaus.groovy.reflection.CachedMethod.invoke;java.lang.reflect.Method.invoke;jdk.internal.reflect.DirectMethodHandleAccessor.invoke;jdk.internal.reflect.DirectMethodHandleAccessor.invokeImpl;java.lang.invoke.Invokers$Holder.invokeExact_MT;java.lang.invoke.LambdaForm$MH/0x000001f9e619b000.invoke;java.lang.invoke.LambdaForm$DMH/0x000001f9e602c000.invokeVirtual;io.restassured.internal.RequestSpecificationImpl.this$2$defineRequestContentTypeAsString;io.restassured.internal.RequestSpecificationImpl.defineRequestContentTypeAsString;org.codehaus.groovy.runtime.callsite.AbstractCallSite.callCurrent;org.codehaus.groovy.runtime.callsite.AbstractCallSite.callCurrent;org.codehaus.groovy.runtime.callsite.CallSiteArray.defaultCallCurrent;org.codehaus.groovy.runtime.callsite.PogoInterceptableSite.callCurrent;org.codehaus.groovy.runtime.callsite.PogoInterceptableSite.call;io.restassured.internal.RequestSpecificationImpl.invokeMethod;groovy.lang.MetaClassImpl.invokeMethod;groovy.lang.MetaClassImpl.invokeMethod;groovy.lang.MetaClassImpl.invokeMethod;groovy.lang.MetaClassImpl.doInvokeMethod;groovy.lang.MetaMethod.doMethodInvoke;org.codehaus.groovy.reflection.CachedMethod.invoke;java.lang.reflect.Method.invoke;jdk.internal.reflect.DirectMethodHandleAccessor.invoke;jdk.internal.reflect.DirectMethodHandleAccessor.invokeImpl;java.lang.invoke.Invokers$Holder.invokeExact_MT;java.lang.invoke.LambdaForm$MH/0x000001f9e619b000.invoke;java.lang.invoke.LambdaForm$DMH/0x000001f9e602c000.invokeVirtual;io.restassured.internal.RequestSpecificationImpl.this$2$defineRequestContentType;io.restassured.internal.RequestSpecificationImpl.defineRequestContentType;org.codehaus.groovy.runtime.callsite.AbstractCallSite.callCurrent;org.codehaus.groovy.runtime.callsite.AbstractCallSite.callCurrent;org.codehaus.groovy.runtime.callsite.CallSiteArray.defaultCallCurrent;org.codehaus.groovy.runtime.callsite.PogoInterceptableSite.callCurrent;org.codehaus.groovy.runtime.callsite.PogoInterceptableSite.call;io.restassured.internal.RequestSpecificationImpl.invokeMethod;groovy.lang.MetaClassImpl.invokeMethod;groovy.lang.MetaClassImpl.invokeMethod;groovy.lang.MetaClassImpl.invokeMethod;groovy.lang.MetaClassImpl.doInvokeMethod;groovy.lang.MetaMethod.doMethodInvoke;org.codehaus.groovy.reflection.CachedMethod.invoke;java.lang.reflect.Method.invoke;jdk.internal.reflect.DirectMethodHandleAccessor.invoke;jdk.internal.reflect.DirectMethodHandleAccessor.invokeImpl;java.lang.invoke.Invokers$Holder.invokeExact_MT;java.lang.invoke.LambdaForm$MH/0x000001f9e61b0000.invoke;java.lang.invoke.LambdaForm$DMH/0x000001f9e61a6400.invokeVirtual;io.restassured.internal.RequestSpecificationImpl.this$2$shouldAppendCharsetToContentType;io.restassured.internal.RequestSpecificationImpl.shouldAppendCharsetToContentType;org.codehaus.groovy.runtime.callsite.AbstractCallSite.callStatic;org.codehaus.groovy.runtime.callsite.AbstractCallSite.callStatic;org.codehaus.groovy.runtime.callsite.CallSiteArray.defaultCallStatic;org.codehaus.groovy.runtime.callsite.CallSiteArray.createCallStaticSite;groovy.lang.MetaClassImpl.createStaticSite;org.codehaus.groovy.runtime.callsite.StaticMetaMethodSite.createStaticMetaMethodSite;org.codehaus.groovy.reflection.CachedMethod.createStaticMetaMethodSite;org.codehaus.groovy.runtime.callsite.CallSiteGenerator.isCompilable;groovy.lang.MetaMethod.isPublic,0.0000
org.apache.maven.surefire.booter.ForkedBooter.main;org.apache.maven.surefire.booter.ForkedBooter.run;org.apache.maven.surefire.booter.ForkedBooter.execute;org.apache.maven.surefire.booter.ForkedBooter.runSuitesInProcess;org.apache.maven.surefire.junitplatform.JUnitPlatformProvider.invoke;org.apache.maven.surefire.junitplatform.JUnitPlatformProvider.invokeAllTests;org.apache.maven.surefire.junitplatform.JUnitPlatformProvider.execute;org.apache.maven.surefire.junitplatform.LazyLauncher.execute;org.junit.platform.launcher.core.DelegatingLauncher.execute;org.junit.platform.launcher.core.DefaultLauncher.execute;org.junit.platform.launcher.core.DefaultLauncher.execute;org.junit.platform.launcher.core.EngineExecutionOrchestrator.execute;org.junit.platform.launcher.core.EngineExecutionOrchestrator.withInterceptedStreams;org.junit.platform.launcher.core.EngineExecutionOrchestrator$$Lambda/0x000001f9e60a6e28.accept;org.junit.platform.launcher.core.EngineExecutionOrchestrator.lambda$execute$0;org.junit.platform.launcher.core.EngineExecutionOrchestrator.execute;org.junit.platform.launcher.core.EngineExecutionOrchestrator.execute;org.junit.platform.launcher.core.EngineExecutionOrchestrator.execute;org.junit.platform.engine.support.hierarchical.HierarchicalTestEngine.execute;org.junit.platform.engine.support.hierarchical.HierarchicalTestExecutor.execute;org.junit.platform.engine.support.hierarchical.SameThreadHierarchicalTestExecutorService.submit;org.junit.platform.engine.support.hierarchical.NodeTestTask.execute;org.junit.platform.engine.support.hierarchical.NodeTestTask.executeRecursively;org.junit.platform.engine.support.hierarchical.ThrowableCollector.execute;org.junit.platform.engine.support.hierarchical.NodeTestTask$$Lambda/0x000001f9e60b6e68.execute;org.junit.platform.engine.support.hierarchical.NodeTestTask.lambda$executeRecursively$9;org.junit.platform.engine.support.hierarchical.Node.around;org.junit.platform.engine.support.hierarchical.NodeTestTask$$Lambda/0x000001f9e60b7290.invoke;org.junit.platform.engine.support.hierarchical.NodeTestTask.lambda$executeRecursively$8;org.junit.platform.engine.support.hierarchical.ThrowableCollector.execute;org.junit.platform.engine.support.hierarchical.NodeTestTask$$Lambda/0x000001f9e60b74b8.execute;org.junit.platform.engine.support.hierarchical.NodeTestTask.lambda$executeRecursively$6;org.junit.platform.engine.support.hierarchical.SameThreadHierarchicalTestExecutorService.invokeAll;java.util.ArrayList.forEach;org.junit.platform.engine.support.hierarchical.SameThreadHierarchicalTestExecutorService$$Lambda/0x000001f9e60bc000.accept;org.junit.platform.engine.support.hierarchical.NodeTestTask.execute;org.junit.platform.engine.support.hierarchical.NodeTestTask.executeRecursively;org.junit.platform.engine.support.hierarchical.ThrowableCollector.execute;org.junit.platform.engine.support.hierarchical.NodeTestTask$$Lambda/0x000001f9e60b6e68.execute;org.junit.platform.engine.support.hierarchical.NodeTestTask.lambda$executeRecursively$9;org.junit.platform.engine.support.hierarchical.Node.around;org.junit.platform.engine.support.hierarchical.NodeTestTask$$Lambda/0x000001f9e60b7290.invoke;org.junit.platform.engine.support.hierarchical.NodeTestTask.lambda$executeRecursively$8;org.junit.platform.engine.support.hierarchical.ThrowableCollector.execute;org.junit.platform.engine.support.hierarchical.NodeTestTask$$Lambda/0x000001f9e60b74b8.execute;org.junit.platform.engine.support.hierarchical.NodeTestTask.lambda$executeRecursively$6;org.junit.platform.engine.support.hierarchical.SameThreadHierarchicalTestExecutorService.invokeAll;java.util.ArrayList.forEach;org.junit.platform.engine.support.hierarchical.SameThreadHierarchicalTestExecutorService$$Lambda/0x000001f9e60bc000.accept;org.junit.platform.engine.support.hierarchical.NodeTestTask.execute;org.junit.platform.engine.support.hierarchical.NodeTestTask.executeRecursively;org.junit.platform.engine.support.hierarchical.ThrowableCollector.execute;org.junit.platform.engine.support.hierarchical.NodeTestTask$$Lambda/0x000001f9e60b6e68.execute;org.junit.platform.engine.support.hierarchical.NodeTestTask.lambda$executeRecursively$9;org.junit.platform.engine.support.hierarchical.Node.around;org.junit.platform.engine.support.hierarchical.NodeTestTask$$Lambda/0x000001f9e60b7290.invoke;org.junit.platform.engine.support.hierarchical.NodeTestTask.lambda$executeRecursively$8;org.junit.platform.engine.support.hierarchical.ThrowableCollector.execute;org.junit.platform.engine.support.hierarchical.NodeTestTask$$Lambda/0x000001f9e60b74b8.execute;org.junit.platform.engine.support.hierarchical.NodeTestTask.lambda$executeRecursively$6;org.junit.jupiter.engine.descriptor.TestMethodTestDescriptor.execute;org.junit.jupiter.engine.descriptor.TestMethodTestDescriptor.execute;org.junit.jupiter.engine.descriptor.TestMethodTestDescriptor.invokeTestMethod;org.junit.platform.engine.support.hierarchical.ThrowableCollector.execute;org.junit.jupiter.engine.descriptor.TestMethodTestDescriptor$$Lambda/0x000001f9e6176848.execute;org.junit.jupiter.engine.descriptor.TestMethodTestDescriptor.lambda$invokeTestMethod$7;org.junit.jupiter.engine.execution.InterceptingExecutableInvoker.invoke;org.junit.jupiter.engine.execution.InterceptingExecutableInvoker.invoke;org.junit.jupiter.engine.execution.InvocationInterceptorChain.invoke;org.junit.jupiter.engine.execution.InvocationInterceptorChain.chainAndInvoke;org.junit.jupiter.engine.execution.InvocationInterceptorChain.proceed;org.junit.jupiter.engine.execution.InvocationInterceptorChain$InterceptedInvocation.proceed;org.junit.jupiter.engine.execution.InterceptingExecutableInvoker$$Lambda/0x000001f9e6104a00.apply;org.junit.jupiter.engine.execution.InterceptingExecutableInvoker.lambda$invoke$0;org.junit.jupiter.engine.execution.InterceptingExecutableInvoker$ReflectiveInterceptorCall$$Lambda/0x000001f9e60930f0.apply;org.junit.jupiter.engine.execution.InterceptingExecutableInvoker$ReflectiveInterceptorCall.lambda$ofVoidMethod$0;org.junit.jupiter.engine.descriptor.TestMethodTestDescriptor$$Lambda/0x000001f9e6092cd0.apply;org.junit.jupiter.engine.extension.TimeoutExtension.interceptTestMethod;org.junit.jupiter.engine.extension.TimeoutExtension.interceptTestableMethod;org.junit.jupiter.engine.extension.TimeoutExtension.intercept;org.junit.jupiter.engine.execution.InvocationInterceptorChain$ValidatingInvocation.proceed;org.junit.jupiter.engine.execution.MethodInvocation.proceed;org.junit.platform.commons.util.ReflectionUtils.invokeMethod;java.lang.reflect.Method.invoke;jdk.internal.reflect.DirectMethodHandleAccessor.invoke;jdk.internal.reflect.DirectMethodHandleAccessor.invokeImpl;java.lang.invoke.Invokers$Holder.invokeExact_MT;java.lang.invoke.LambdaForm$MH/0x000001f9e6171000.invoke;java.lang.invoke.LambdaForm$DMH/0x000001f9e6170800.invokeVirtual;com.collaboration.petclinic.api.tests.PetAPITests.testAddPetSuccessfully;io.restassured.internal.RequestSpecificationImpl.post;io.restassured.internal.RequestSpecificationImpl.post;org.codehaus.groovy.runtime.callsite.AbstractCallSite.callCurrent;org.codehaus.groovy.runtime.callsite.AbstractCallSite.callCurrent;org.codehaus.groovy.runtime.callsite.CallSiteArray.defaultCallCurrent;org.codehaus.groovy.runtime.callsite.PogoInterceptableSite.callCurrent;org.codehaus.groovy.runtime.callsite.PogoInterceptableSite.call;io.restassured.internal.RequestSpecificationImpl.invokeMethod;groovy.lang.MetaClassImpl.invokeMethod;groovy.lang.MetaClassImpl.invokeMethod;groovy.lang.MetaClassImpl.invokeMethod;groovy.lang.MetaClassImpl.doInvokeMethod;groovy.lang.MetaMethod.doMethodInvoke;org.codehaus.groovy.reflection.CachedMethod.invoke;java.lang.reflect.Method.invoke;jdk.internal.reflect.DirectMethodHandleAccessor.invoke;jdk.internal.reflect.DirectMethodHandleAccessor.invokeImpl;java.lang.invoke.Invokers$Holder.invokeExact_MT;java.lang.invoke.LambdaForm$MH/0x000001f9e61a3400.invoke;java.lang.invoke.LambdaForm$DMH/0x000001f9e61a2400.invokeVirtual;io.restassured.internal.RequestSpecificationImpl.this$2$applyPathParamsAndSendRequest;io.restassured.internal.RequestSpecificationImpl.applyPathParamsAndSendRequest;org.codehaus.groovy.runtime.callsite.AbstractCallSite.callCurrent;org.codehaus.groovy.runtime.callsite.AbstractCallSite.callCurrent;org.codehaus.groovy.runtime.callsite.CallSiteArray.defaultCallCurrent;org.codehaus.groovy.runtime.callsite.PogoInterceptableSite.callCurrent;org.codehaus.groovy.runtime.callsite.PogoInterceptableSite.call;io.restassured.internal.RequestSpecificationImpl.invokeMethod;groovy.lang.MetaClassImpl.invokeMethod;groovy.lang.MetaClassImpl.invokeMethod;groovy.lang.MetaClassImpl.invokeMethod;groovy.lang.MetaClassImpl.doInvokeMethod;groovy.lang.MetaMethod.doMethodInvoke;org.codehaus.groovy.reflection.CachedMethod.invoke;java.lang.reflect.Method.invoke;jdk.internal.reflect.DirectMethodHandleAccessor.invoke;jdk.internal.reflect.DirectMethodHandleAccessor.invokeImpl;java.lang.invoke.Invokers$Holder.invokeExact_MT;java.lang.invoke.LambdaForm$MH/0x000001f9e61a4400.invoke;java.lang.invoke.LambdaForm$DMH/0x000001f9e61a2400.invokeVirtual;io.restassured.internal.RequestSpecificationImpl.this$2$applyPathParamsAndSendRequest;io.restassured.internal.RequestSpecificationImpl.applyPathParamsAndSendRequest;org.codehaus.groovy.runtime.callsite.AbstractCallSite.callCurrent;org.codehaus.groovy.runtime.callsite.AbstractCallSite.callCurrent;org.codehaus.groovy.runtime.callsite.CallSiteArray.defaultCallCurrent;org.codehaus.groovy.runtime.callsite.PogoInterceptableSite.callCurrent;org.codehaus.groovy.runtime.callsite.PogoInterceptableSite.call;io.restassured.internal.RequestSpecificationImpl.invokeMethod;groovy.lang.MetaClassImpl.invokeMethod;groovy.lang.MetaClassImpl.invokeMethod;groovy.lang.MetaClassImpl.invokeMethod;groovy.lang.MetaClassImpl.doInvokeMethod;groovy.lang.MetaMethod.doMethodInvoke;org.codehaus.groovy.reflection.CachedMethod.invoke;java.lang.reflect.Method.invoke;jdk.internal.reflect.DirectMethodHandleAccessor.invoke;jdk.internal.reflect.DirectMethodHandleAccessor.invokeImpl;java.lang.invoke.Invokers$Holder.invokeExact_MT;java.lang.invoke.LambdaForm$MH/0x000001f9e61a2800.invoke;java.lang.invoke.LambdaForm$DMH/0x000001f9e61a2400.invokeVirtual;io.restassured.internal.RequestSpecificationImpl.newFilterContext;org.codehaus.groovy.runtime.callsite.AbstractCallSite.callCurrent;org.codehaus.groovy.runtime.callsite.AbstractCallSite.callCurrent;org.codehaus.groovy.runtime.callsite.CallSiteArray.defaultCallCurrent;org.codehaus.groovy.runtime.callsite.PogoInterceptableSite.callCurrent;org.codehaus.groovy.runtime.callsite.PogoInterceptableSite.call;io.restassured.internal.RequestSpecificationImpl.invokeMethod;groovy.lang.MetaClassImpl.invokeMethod;groovy.lang.MetaClassImpl.invokeMethod;groovy.lang.MetaClassImpl.invokeMethod;groovy.lang.MetaClassImpl.doInvokeMethod;groovy.lang.MetaMethod.doMethodInvoke;org.codehaus.groovy.reflection.CachedMethod.invoke;java.lang.reflect.Method.invoke;jdk.internal.reflect.DirectMethodHandleAccessor.invoke;jdk.internal.reflect.DirectMethodHandleAccessor.invokeImpl;java.lang.invoke.Invokers$Holder.invokeExact_MT;java.lang.invoke.LambdaForm$MH/0x000001f9e61b6000.invoke;java.lang.invoke.LambdaForm$DMH/0x000001f9e61b0400.invokeVirtual;io.restassured.internal.RequestSpecificationImpl.partiallyApplyPathParams;org.codehaus.groovy.runtime.callsite.AbstractCallSite.call;org.codehaus.groovy.runtime.callsite.AbstractCallSite.call;org.codehaus.groovy.runtime.callsite.CallSiteArray.defaultCall;org.codehaus.groovy.runtime.callsite.CallSiteArray.createCallSite;org.codehaus.groovy.runtime.callsite.CallSiteArray.createPojoSite;groovy.lang.MetaClassImpl.createPojoCallSite;groovy.lang.MetaClassImpl.getMethodWithCachingInternal;groovy.lang.MetaClassImpl.chooseMethod;groovy.lang.MetaClassImpl.chooseMethodInternal;org.codehaus.groovy.reflection.GeneratedMetaMethod$Proxy.isValidMethod;org.codehaus.groovy.reflection.GeneratedMetaMethod$Proxy.proxy;org.codehaus.groovy.reflection.GeneratedMetaMethod$Proxy.createProxy;java.lang.ClassLoader.loadClass;jdk.internal.loader.ClassLoaders$AppClassLoader.loadClass;jdk.internal.loader.BuiltinClassLoader.loadClass;jdk.internal.loader.BuiltinClassLoader.loadClassOrNull;jdk.internal.loader.BuiltinClassLoader.findClassOnClassPathOrNull;jdk.internal.loader.BuiltinClassLoader.defineClass;java.security.CodeSource.<init>;sun.net.util.URLUtil.urlNoFragString;java.net.URL.getDefaultPort,0.0000
java.lang.Thread.run;java.lang.Thread.runWith;java.util.concurrent.ThreadPoolExecutor$Worker.run;java.util.concurrent.ThreadPoolExecutor.runWorker;java.util.concurrent.ThreadPoolExecutor.getTask;java.util.concurrent.ScheduledThreadPoolExecutor$DelayedWorkQueue.take;java.util.concurrent.ScheduledThreadPoolExecutor$DelayedWorkQueue.take;java.util.concurrent.locks.AbstractQueuedSynchronizer$ConditionObject.awaitNanos;java.util.concurrent.locks.LockSupport.parkNanos;jdk.internal.misc.Unsafe.park,0.0000
jdk.internal.misc.InnocuousThread.run;java.lang.Thread.run;java.lang.Thread.runWith;jdk.internal.ref.CleanerImpl.run;java.lang.ref.ReferenceQueue.remove;java.lang.ref.ReferenceQueue.remove0;java.lang.ref.ReferenceQueue.await;java.util.concurrent.locks.AbstractQueuedSynchronizer$ConditionObject.await;java.util.concurrent.locks.LockSupport.parkNanos;jdk.internal.misc.Unsafe.park,0.0000
